75056;48.8603;2.3405
13055;43.3038;5.4056
69123;45.7589;4.8353
31555;43.5960;1.4323
06088;43.7122;7.2375
44109;47.2322;-1.5478
34172;43.6131;3.8692
67482;48.5716;7.7677
33063;44.8579;-0.5736
59350;50.6319;3.0471
35238;48.1116;-1.6816
83137;43.1364;5.9328
51454;49.2519;4.0396
42218;45.4301;4.3783
76351;49.4966;0.1403
69266;45.7709;4.8891
21231;47.3229;5.0375
49007;47.4915;-0.5450
38185;45.1822;5.7208
97411;-20.9331;55.4471
30189;43.8447;4.3476
13001;43.5360;5.3984
93066;48.9296;2.3592
63113;45.7859;3.1155
72181;47.9888;0.1999
29019;48.3999;-4.5027
37261;47.3980;0.6963
80021;49.9005;2.2908
74010;45.8902;6.1257
87085;45.8544;1.2491
57463;49.1138;6.1789
66136;42.6966;2.8990
92012;48.8365;2.2387
25056;47.2552;6.0194
76540;49.4415;1.0932
45234;47.8826;1.9164
93048;48.8631;2.4483
14118;49.1850;-0.3700
97415;-21.0446;55.3222
95018;48.9517;2.2407
68224;47.7494;7.3254
54395;48.6902;6.1760
59599;50.7261;3.1598
59512;50.6882;3.1817
92050;48.8962;2.2068
94081;48.7886;2.3943
92004;48.9155;2.2880
94028;48.7837;2.4550
84007;43.9353;4.8412
92025;48.9228;2.2471
86194;46.5834;0.3592
93001;48.9126;2.3845
93005;48.9461;2.4933
59183;51.0134;2.2803
97416;-21.3123;55.4943
78646;48.8023;2.1171
92026;48.8984;2.2552
92063;48.8694;2.1777
97422;-21.2233;55.5588
34032;43.3429;3.2400
64445;43.3202;-0.3497
17300;46.1621;-1.1749
50129;49.6332;-1.6339
33281;44.8322;-0.6822
94017;48.8177;2.5158
06004;43.5877;7.1054
94068;48.7990;2.4942
2A004;41.9751;8.7751
97209;14.6410;-61.0691
44184;47.2802;-2.2511
06029;43.5527;7.0025
93051;48.8360;2.5652
93029;48.9234;2.4445
97611;-12.7726;45.1909
95127;49.0379;2.0606
92044;48.8951;2.2868
92040;48.8233;2.2643
62193;50.9501;1.8761
33318;44.7920;-0.6753
68066;48.1102;7.3850
91228;48.6293;2.4405
69259;45.7040;4.8810
94041;48.8126;2.3877
26362;44.9223;4.9131
92024;48.9036;2.3060
29232;47.9969;-4.0909
92002;48.7499;2.2990
18033;47.0747;2.4049
83126;43.0889;5.8707
82121;44.0225;1.3638
59009;50.6323;3.1529
97302;5.0293;-52.5160
93007;48.9393;2.4613
10387;48.2969;4.0781
93055;48.8984;2.4088
94076;48.7924;2.3598
73065;45.5704;5.9150
79191;46.3259;-0.4719
83061;43.4720;6.7639
92051;48.8856;2.2665
95585;48.9905;2.3814
97409;-20.9635;55.6423
92023;48.7967;2.2539
56121;47.7502;-3.3787
11262;43.1614;3.0077
93008;48.9074;2.4399
77284;48.9417;2.8923
94046;48.8059;2.4381
83069;43.1018;6.1893
56260;47.6598;-2.7570
60057;49.4272;2.0848
97414;-21.2338;55.4217
85191;46.6755;-1.4182
77108;48.8836;2.5961
91174;48.5986;2.4642
97311;4.9462;-53.9780
49099;47.0460;-0.8770
64102;43.4923;-1.4665
94033;48.8510;2.4745
93070;48.9096;2.3332
06027;43.6717;7.1522
69256;45.7859;4.9268
93031;48.9550;2.3147
02691;49.8685;3.3018
78586;48.9397;2.1744
93071;48.9390;2.5307
13004;43.5468;4.6618
91377;48.7275;2.2747
81004;43.9256;2.1473
97101;16.2728;-61.5016
92036;48.9345;2.2947
44162;47.2247;-1.6345
06069;43.6558;6.9318
93010;48.9023;2.4835
85194;46.5007;-1.7927
53130;48.0612;-0.7661
27229;49.0199;1.1415
69290;45.7017;4.9490
92073;48.8700;2.2198
13056;43.3799;5.0495
94080;48.8473;2.4378
13005;43.2935;5.5632
35288;48.6399;-1.9808
93046;48.9203;2.5350
41018;47.6129;1.3207
93064;48.8745;2.4867
93027;48.9327;2.3996
19031;45.1433;1.5189
2B033;42.7170;9.4266
33522;44.8057;-0.5910
92048;48.8041;2.2269
92049;48.8153;2.3174
30007;44.1254;4.0888
11069;43.2094;2.3468
77288;48.5230;2.6783
94022;48.7647;2.4170
78551;48.9409;2.0992
90010;47.6462;6.8459
08105;49.7590;4.7131
94002;48.7962;2.4213
93053;48.8912;2.4589
34301;43.3916;3.6465
71076;46.7539;4.8293
92007;48.7988;2.3098
65440;43.2347;0.0655
22278;48.5146;-2.7618
13047;43.5503;4.9507
13103;43.6464;5.0680
92062;48.8837;2.2380
69034;45.7973;4.8520
44143;47.1765;-1.5498
78361;48.9658;1.6466
59606;50.3420;3.5224
64024;43.4912;-1.5158
93006;48.8697;2.4228
69029;45.7346;4.9114
51108;48.9641;4.3789
36044;46.8031;1.6938
62041;50.2836;2.7408
57672;49.3768;6.1377
33550;44.7623;-0.5465
81065;43.6220;2.2590
01053;46.2069;5.2244
93032;48.8817;2.5450
06030;43.5729;7.0066
16015;45.6475;0.1452
95268;48.9703;2.4050
93078;48.9594;2.5366
93072;48.9568;2.3857
05061;44.5625;6.0687
78498;48.9239;2.0282
31149;43.6115;1.3274
59650;50.7055;3.2164
83050;43.5744;6.4464
60159;49.3992;2.8538
26198;44.5548;4.7480
62160;50.7271;1.6061
59178;50.3820;3.0913
59378;50.6754;3.1013
93050;48.8627;2.5404
97213;14.6245;-60.9937
97412;-21.3062;55.6420
77373;48.7869;2.6135
97410;-21.0919;55.6493
13028;43.2058;5.6225
37122;47.3328;0.6541
93073;48.9785;2.5547
28085;48.4472;1.5056
69149;45.7157;4.8027
74281;46.3413;6.5052
95252;48.9927;2.2275
38421;45.1754;5.7653
74012;46.1887;6.2470
91589;48.6840;2.3492
38151;45.1470;5.7155
91477;48.7147;2.2288
93063;48.8846;2.4380
83118;43.4577;6.8478
83129;43.0868;5.8292
97418;-20.9470;55.5304
78172;49.0000;2.0992
13117;43.4500;5.2633
92020;48.8031;2.2864
69282;45.7777;5.0376
91027;48.7091;2.3868
97408;-20.9946;55.3980
97307;4.8316;-52.3436
95063;48.9263;2.2117
67180;48.8325;7.8204
60175;49.2529;2.4840
94078;48.7419;2.4490
69264;45.9927;4.7014
97413;-21.1658;55.3336
92019;48.7683;2.2638
42207;45.4702;4.5020
91549;48.6399;2.3415
42187;46.0588;4.0597
94058;48.8422;2.5041
71270;46.3176;4.8198
89024;47.8006;3.5635
67447;48.6118;7.7452
78621;48.7760;1.9941
78440;48.9831;1.9211
78311;48.9266;2.1866
97407;-20.9441;55.3053
13054;43.4167;5.2191
26281;45.0550;5.0383
94079;48.8262;2.5455
03185;46.3299;2.6029
58194;46.9644;3.1746
62498;50.4356;2.8203
94073;48.7608;2.3856
33449;44.9057;-0.7931
47001;44.2024;0.6258
78423;48.7796;2.0299
94052;48.8364;2.4820
73008;45.7110;5.9421
88160;48.1845;6.4853
06123;43.6866;7.1823
97610;-12.7726;45.1909
95500;49.0836;2.1070
33039;44.8017;-0.5482
78490;48.8126;1.9467
95306;49.0083;2.1543
38544;45.5475;4.9063
84031;44.0592;5.0611
40192;43.8996;-0.4904
28134;48.7484;1.3600
91657;48.7040;2.4277
69286;45.8206;4.8986
95280;49.0403;2.4573
91521;48.6457;2.4088
94038;48.7761;2.3367
77445;48.5856;2.5631
59122;50.1534;3.1968
94016;48.7912;2.3317
86066;46.8252;0.5759
97103;16.2515;-61.5922
91687;48.6700;2.3737
78158;48.8292;2.1205
06083;43.8073;7.4779
78146;48.8965;2.1534
92046;48.8166;2.2961
92035;48.9070;2.2449
31557;43.5784;1.3349
38053;45.5640;5.2955
91201;48.6780;2.4212
62510;50.4243;2.7729
95680;49.0015;2.4075
54547;48.6573;6.1646
34003;43.3094;3.4845
69275;45.7718;4.9615
92064;48.8429;2.2083
93077;48.8845;2.5091
78297;48.7730;2.0761
84087;44.1461;4.8087
94034;48.7570;2.3258
76575;49.3814;1.0901
95219;48.9883;2.2563
93014;48.9081;2.5456
06155;43.5767;7.0580
24322;45.1922;0.7114
76681;49.4111;1.0958
92009;48.9157;2.2673
92060;48.7805;2.2598
94018;48.8224;2.4081
59392;50.3120;3.9895
93047;48.8981;2.5670
92075;48.8218;2.2874
44190;47.2032;-1.4998
44114;47.2743;-1.6233
76217;49.9220;1.0870
02722;49.3519;3.3202
91691;48.7165;2.4933
67218;48.5200;7.7317
94071;48.7657;2.5335
97113;16.2252;-61.4694
78517;48.6165;1.8599
97309;4.8842;-52.2792
95277;48.9856;2.4553
31069;43.6598;1.3199
95607;49.0268;2.2220
33529;44.5563;-1.1752
77058;48.8362;2.7323
77083;48.8481;2.5960
94044;48.7454;2.4894
95176;48.9692;2.1991
24037;44.8574;0.4953
89387;48.1970;3.2892
59328;50.6519;3.0248
59017;50.6684;2.8763
33192;44.7708;-0.6165
77514;48.9416;2.6170
95582;48.9719;2.2534
91223;48.3976;2.1970
91286;48.6570;2.3874
33119;44.8547;-0.5213
91103;48.6039;2.3152
34145;43.6927;4.1101
83062;43.1266;6.0192
78208;48.7781;1.9608
49328;47.2534;-0.0966
44215;47.1603;-1.4709
15014;44.9195;2.3987
95203;48.9907;2.2775
64122;43.4436;-1.5256
13063;43.5843;5.0142
31395;43.4560;1.2849
34057;43.6380;3.9123
92078;48.9370;2.3255
91692;48.6746;2.1678
93057;48.9078;2.5033
49301;47.1261;-0.9984
76322;49.4093;1.0399
33249;44.8766;-0.5192
62427;50.4090;2.9593
91114;48.6945;2.5125
84035;43.8482;5.0431
95572;49.0445;2.1290
97420;-20.9454;55.5930
61001;48.4294;0.0883
17415;45.7574;-0.6043
27681;49.0879;1.4845
62119;50.5495;2.6562
03310;46.1075;3.4543
33069;44.8659;-0.6030
18279;47.2361;2.0235
33243;44.9226;-0.2345
33162;44.8969;-0.6664
97304;4.9335;-52.7663
25388;47.5248;6.8002
97118;16.1715;-61.6577
94054;48.7428;2.3954
02408;49.5539;3.5934
34108;43.4718;3.7773
94043;48.8089;2.3563
44047;47.2305;-1.7303
92032;48.7896;2.2871
91421;48.6960;2.4620
49023;47.2804;-0.9282
12202;44.3678;2.5314
97128;16.2574;-61.3877
93045;48.8814;2.4200
39198;47.0817;5.4765
83144;43.1504;5.9920
77152;48.5045;2.6143
45232;47.8140;1.8769
14327;49.2074;-0.3307
17299;45.9493;-0.9753
77122;48.6576;2.5753
56098;47.7692;-3.3270
77390;48.7896;2.6606
69244;45.7630;4.7550
45284;47.9165;1.9741
95197;48.9721;2.3265
78358;48.9430;2.1414
97117;16.3205;-61.3714
78640;48.7839;2.1973
85047;46.8368;-1.8927
52448;48.6466;4.9122
77468;48.8536;2.6508
68297;47.6023;7.5402
04112;43.8351;5.7912
59360;50.6087;3.0203
91272;48.7097;2.1277
13071;43.4030;5.3152
01283;46.2469;5.6523
95424;48.9938;2.1938
32013;43.6533;0.5749
80001;50.1085;1.8319
47323;44.4078;0.7120
78362;48.9751;1.7119
92072;48.8214;2.2099
77305;48.3779;2.9643
78005;48.9716;2.0882
76498;49.4244;1.0596
94003;48.8055;2.3340
51230;49.0369;3.9314
33199;44.5837;-1.0464
40088;43.7009;-1.0593
12145;44.0898;3.1062
38169;45.1930;5.6774
49092;47.2130;-0.7244
91345;48.6879;2.2816
93049;48.8636;2.5105
59295;50.7161;2.5350
60463;49.2762;2.4642
38563;45.3696;5.5987
45147;47.9620;1.9552
59368;50.6548;3.0695
91570;48.6326;2.3117
95428;48.9921;2.3212
57480;49.0958;6.1541
69202;45.7361;4.7936
91434;48.6562;2.3513
06079;43.5383;6.9178
13041;43.4527;5.4800
97222;14.6749;-60.9426
77243;48.8817;2.7026
13002;43.3533;5.5116
62178;50.4899;2.5518
69091;45.5742;4.7382
95555;48.9693;2.2847
78545;48.8065;2.0656
77350;48.7639;2.6807
69204;45.6947;4.7892
85146;46.9707;-1.2738
94059;48.8064;2.5749
59410;50.6428;3.1073
31424;43.5572;1.2855
94067;48.8414;2.4182
92014;48.7804;2.3175
94077;48.7322;2.4106
44026;47.3000;-1.4503
92071;48.7768;2.2982
29039;47.8961;-3.9074
52121;48.0957;5.1365
67267;48.5553;7.6817
78123;48.9454;2.0287
59155;51.0183;2.3956
59646;50.6755;3.1279
59279;50.7749;3.1266
44035;47.3309;-1.5375
59172;50.3316;3.4046
31157;43.5340;1.3349
78383;48.7605;1.9190
92022;48.8072;2.1918
59163;50.6739;3.1550
44020;47.1708;-1.6166
94042;48.8195;2.4706
71153;46.8209;4.4257
57227;49.1737;6.8950
78126;48.8471;2.1358
77294;48.9796;2.6189
91161;48.7074;2.3118
21054;47.0093;4.8835
22113;48.7116;-3.4694
35115;48.3524;-1.1951
84054;43.9157;5.0862
59271;51.0166;2.2904
76451;49.4670;1.0814
57631;49.1057;7.1177
46042;44.4508;1.4405
33075;44.8890;-0.6007
26058;44.9653;4.8944
73011;45.6747;6.3695
79049;46.8620;-0.4716
94037;48.8130;2.3432
63124;45.7314;3.2171
06157;43.7527;7.0603
97305;4.9822;-52.5087
94021;48.7668;2.3527
59507;50.6049;3.0921
06085;43.5961;7.0012
35047;48.0258;-1.7487
14366;49.1310;0.2591
67462;48.2649;7.4899
83047;43.1636;6.0928
84089;43.7092;5.6112
77285;48.5351;2.6073
97229;14.6462;-61.1003
50502;49.1200;-1.0889
38553;45.5955;5.1524
17306;45.6547;-1.0122
35360;48.1380;-1.1897
91326;48.6916;2.3747
69199;45.7014;4.8504
88413;48.2770;6.9444
03190;46.5705;3.2797
84129;44.0151;4.8664
77053;48.6936;2.6318
56162;47.7327;-3.4422
63300;45.9060;3.1230
38229;45.2123;5.7844
35051;48.1206;-1.5969
44131;47.1222;-2.0519
94019;48.7980;2.5419
27375;49.1855;1.1391
49244;47.3431;-0.8062
97115;16.2410;-61.6688
59220;50.5940;3.0722
59299;50.6531;3.1923
67043;48.6227;7.7565
43157;45.0563;3.8645
83123;43.1388;5.7957
16102;45.6930;-0.3423
77296;48.6199;2.6356
94015;48.8391;2.5237
13026;43.3864;5.1476
95218;49.0207;2.1015
84092;43.9685;4.8653
41194;47.3812;1.7661
33167;44.8258;-0.5133
94011;48.7736;2.4883
54329;48.5820;6.5353
30028;44.1738;4.6090
97207;14.5779;-60.9675
64260;43.3478;-1.7122
25462;46.9030;6.3641
95598;48.9883;2.3011
38382;45.2676;5.6962
04070;44.1283;6.2518
95476;49.0683;2.0636
69081;45.7817;4.7726
62215;50.4896;2.9487
83116;43.4794;5.8414
78335;49.0192;1.6932
95323;49.0112;2.0334
83023;43.3989;6.0121
97608;-12.7855;45.2833
74081;46.0342;6.6184
31044;43.6044;1.5286
92033;48.8454;2.1876
97129;16.2939;-61.7108
97107;16.0552;-61.6118
49331;47.6902;-0.8418
33003;44.9552;-0.5028
06161;43.6495;7.1064
38193;45.6170;5.2228
63075;45.7743;3.0619
14762;48.8627;-0.9046
62065;50.4040;2.8267
57757;49.3625;6.2749
34129;43.5637;3.9027
47157;44.4962;0.1739
94004;48.7472;2.5259
74256;45.9354;6.6033
45302;47.9498;1.8784
76259;49.7369;0.3976
07010;45.2521;4.6444
22093;48.5016;-2.5065
78686;48.8027;2.1710
33056;44.9496;-0.6188
49126;47.3804;-0.4920
71306;46.6732;4.3977
42095;45.3788;4.2886
37214;47.4183;0.6581
93061;48.8849;2.4061
44055;47.2909;-2.3538
55545;49.1850;5.3383
44069;47.3440;-2.4163
78165;48.8190;1.9840
45285;47.9388;1.7989
49307;47.4402;-0.3794
78372;48.8657;2.0917
01033;46.1339;5.8126
08409;49.7361;4.9588
33122;44.7279;-0.7192
39300;46.6748;5.5580
78073;48.8044;2.0187
53062;47.8199;-0.7037
13027;43.8819;4.8401
34154;43.6111;4.0200
85109;46.8741;-1.0323
91471;48.7080;2.1542
09225;43.1248;1.6040
74225;45.8870;5.9437
91386;48.5608;2.4196
44172;47.2534;-1.4726
77131;48.7888;3.0954
29103;48.4526;-4.2228
49353;47.4402;-0.3794
78642;48.9870;1.9631
97224;14.6765;-61.0440
97116;16.3245;-61.4714
74243;46.1149;6.1045
81099;43.8810;1.9300
95563;49.0186;2.2466
42147;45.6194;4.0612
95637;49.0301;2.0239
59569;50.3678;3.1208
95199;49.0300;2.3233
78481;48.8944;2.1057
77337;48.8464;2.6192
59526;50.4490;3.4307
01004;45.9756;5.3431
93013;48.9360;2.4273
28218;48.4348;1.4531
56083;47.7670;-3.2429
37233;47.3898;0.7528
13039;43.4556;4.9042
97607;-12.8902;45.1767
40046;44.4091;-1.1774
57306;49.3162;6.0407
13077;43.4230;4.9922
97210;14.6061;-60.9058
54528;48.7138;5.8731
42279;45.4781;4.2430
41269;47.7959;1.0852
49218;47.2804;-0.9282
77407;48.5292;2.5398
30032;43.7802;4.5823
77307;48.8765;2.7575
54323;49.5244;5.7294
69089;45.7373;4.7557
77186;48.4066;2.6808
78650;48.8936;2.1298
68376;47.8139;7.3236
29075;48.4304;-4.3966
59648;50.5828;3.0362
76447;49.5515;0.1848
76231;49.3088;0.9557
83107;43.4286;6.6520
13108;43.8116;4.6870
13015;43.4471;5.4128
31113;43.5091;1.4746
49015;47.5054;-0.6007
42186;45.5337;4.6010
29151;48.5561;-3.8244
31446;43.5440;1.4775
60612;49.1907;2.6251
63178;45.5449;3.2477
95427;48.9700;2.3467
02168;49.0643;3.3913
70550;47.6011;6.1559
59286;50.6204;2.9512
77258;48.8339;2.6341
95539;49.0079;2.3465
91645;48.7503;2.2516
97120;16.2381;-61.5356
95019;49.0015;2.4075
37208;47.3561;0.7385
57751;49.1663;6.1368
10323;48.4791;3.6912
72154;47.7080;-0.1036
68154;47.7737;7.3594
64483;43.3891;-1.6388
45208;48.0037;2.7810
78124;48.9118;2.1784
57206;49.3042;6.1025
54304;48.6821;6.1142
22050;48.4429;-2.0538
97228;14.7693;-61.0177
57606;49.1289;6.7128
93062;48.8963;2.5186
30258;43.6579;4.4075
59043;50.7449;2.6941
54578;48.6616;6.1292
31506;43.5547;1.5475
56178;48.0842;-2.9825
55029;48.7770;5.1703
83090;43.1387;5.8546
78418;48.9173;2.1395
44154;47.2472;-2.1508
76108;49.5060;1.1563
94069;48.8180;2.4372
40279;43.7691;-1.0741
97404;-21.2492;55.3670
01354;46.2145;5.9582
61169;48.7672;-0.5540
22187;48.5437;-2.7706
94074;48.7531;2.4612
76157;49.4255;1.0038
64129;43.3167;-0.3991
62765;50.7592;2.2329
68278;47.7496;7.4071
95487;49.1610;2.2643
60176;49.2265;2.8507
82033;44.0300;1.1182
60414;49.2603;2.4305
21166;47.2928;5.0054
56007;47.6912;-2.9720
54431;48.9082;6.0584
59291;50.2276;3.9287
13097;43.6122;4.8565
91432;48.7024;2.3371
83115;43.3510;6.5910
59508;50.7471;3.1180
25031;47.4882;6.8459
29046;48.0680;-4.3319
85092;46.4730;-0.8043
34123;43.6245;3.7962
59367;50.6577;3.2252
84019;44.2881;4.7523
77251;48.6261;2.5503
69019;46.1265;4.7236
97602;-12.7590;45.1442
67365;48.5469;7.7079
97125;16.2730;-61.2815
97617;-12.7865;45.1670
77479;48.8701;2.6360
60395;49.2330;2.1306
79329;46.9728;-0.1699
69283;45.6517;4.9907
78015;48.9796;2.0439
59139;50.1251;3.4322
13014;43.5038;5.1608
06033;43.8114;7.1241
35281;48.0756;-1.7238
26235;44.3719;4.7100
91235;48.6399;2.3415
78242;48.8176;2.0469
77014;48.4171;2.7551
01173;46.3286;6.0306
64348;43.3167;-0.3991
45004;48.0037;2.7810
29212;48.3750;-4.6199
61006;48.7402;-0.0318
45155;47.6698;2.6205
29189;48.3674;-4.3618
69277;45.7300;5.0158
82112;44.1307;1.0797
19272;45.2794;1.7698
59421;50.7042;3.1376
68166;47.7895;7.3219
77118;48.9494;2.7161
74042;46.0305;6.4123
34270;43.5716;3.8317
03095;46.1385;3.5187
84080;44.0339;4.9849
83049;43.2474;6.1331
57240;49.1440;6.8230
65286;43.0733;-0.0282
59560;50.5468;3.0345
27701;49.2628;1.2135
59527;50.6606;3.0470
66037;42.6841;3.0110
59014;50.3752;3.5109
71014;46.9659;4.3169
49246;47.4268;-0.5428
30351;43.9767;4.7940
62643;50.6982;1.5925
81105;43.7691;2.0056
85226;46.7458;-1.9477
97405;-21.3397;55.5689
02738;49.6403;3.2963
13007;43.3607;5.6586
97402;-21.0233;55.6196
60471;49.5706;3.0378
35024;48.1815;-1.6465
40312;43.5369;-1.4659
23096;46.1634;1.8617
31187;43.5121;1.1587
62108;50.4041;1.5905
37003;47.3914;0.9851
03321;46.5948;3.3913
77333;48.2750;2.7096
53147;48.3036;-0.6947
28088;48.0751;1.3674
77316;48.3335;2.8285
10333;48.2421;4.0112
44132;47.2620;-2.3145
59152;50.7487;3.0053
78029;48.9601;1.8647
37050;47.3315;0.7159
33005;44.7544;-1.0807
45068;48.0454;2.7194
34157;43.4369;3.5994
14047;49.2816;-0.7154
10081;48.3767;3.9888
31561;43.6585;1.4913
33366;44.9990;-0.3983
59386;50.6742;3.0603
83148;43.4013;6.4494
67348;48.4477;7.5083
13081;43.4969;5.2310
95351;49.0485;2.5187
93079;48.9567;2.3451
83130;43.2012;6.0155
50218;48.8339;-1.5330
69027;45.6693;4.7362
95313;49.1074;2.2342
56206;47.7008;-2.7825
29233;47.8874;-3.5077
48095;44.5167;3.5174
07019;44.6053;4.4022
63284;45.8113;3.2486
27284;49.3150;1.7447
60509;49.3126;2.6006
56078;47.7943;-3.4922
72264;47.8158;-0.2997
76484;49.3476;1.0741
42044;45.3891;4.3319
28404;48.7096;1.3675
83042;43.2482;6.5085
44036;47.7086;-1.3600
57160;49.2092;6.6814
62413;50.4521;2.9036
67046;48.7680;7.8609
94060;48.7776;2.5836
78624;48.9781;2.0082
68271;47.7397;7.3656
59491;50.4106;3.4893
57630;48.7426;7.0360
11076;43.3333;1.9782
62186;50.4343;2.7199
31483;43.1295;0.7342
01160;46.2774;6.1007
69069;45.7592;4.6847
12176;44.3602;2.5918
66171;42.6215;3.0163
73179;45.6013;5.8546
68063;47.8078;7.1623
33284;44.6380;-0.9033
06104;43.7639;7.4583
57221;49.3279;6.1231
76057;49.5442;0.9451
13106;43.3934;5.3811
59383;50.3453;3.5488
91573;48.6057;2.5172
84141;43.9709;4.9031
06152;43.6277;7.0295
14341;49.1448;-0.3521
06012;43.7478;7.4218
78674;48.8377;2.0013
77153;49.0376;2.6801
29235;48.4031;-4.4012
21617;47.3390;4.9973
97221;14.5260;-60.9646
59574;50.3590;3.2674
67204;48.6227;7.7565
38485;45.1728;5.6692
49018;47.5403;-0.0975
35210;48.1528;-1.7770
93030;48.9509;2.4240
91021;48.5845;2.2577
30341;43.6360;4.3020
83112;43.1726;5.7086
94075;48.7320;2.5592
38474;45.2140;5.6237
59112;50.3973;3.5380
63430;45.8544;3.5325
13075;43.3665;5.4648
77379;48.5897;3.2433
66172;42.7153;2.8460
91552;48.5987;2.2639
62570;50.3988;2.8677
66141;42.7491;2.9152
91215;48.6886;2.5172
97220;14.5089;-60.8976
44003;47.3951;-1.1469
02173;49.5817;3.1917
62617;50.4750;2.6623
76114;49.5851;0.5010
57433;49.2043;6.1533
97401;-21.2099;55.3585
22215;48.4956;-2.8211
50041;49.6545;-1.8324
44129;47.4266;-2.1009
77487;48.5230;2.6783
67437;48.7358;7.3547
97230;14.7382;-60.9503
59249;50.0220;4.0438
97615;-12.7855;45.2833
76758;49.6137;0.7501
95210;48.9698;2.3041
33051;44.6380;-0.9033
59273;50.9885;2.1477
74133;46.1818;6.2073
87154;45.8915;0.9082
91200;48.4944;1.9962
05023;44.9492;6.6604
33200;44.8696;-0.6844
74224;46.0625;6.3190
87114;45.8411;1.3236
37156;47.3461;0.8600
69273;45.6681;4.9084
83073;43.3885;6.3014
07324;45.0569;4.7787
12300;44.3344;2.0080
31116;43.6972;1.4352
31488;43.6585;1.4913
68112;47.8970;7.2239
07102;44.9303;4.8662
77067;48.5646;2.6000
69271;45.7381;4.9623
2A247;41.6029;9.2627
36088;46.9136;1.9462
97616;-12.8613;45.1184
42184;46.0435;4.0345
21171;47.2975;5.1213
33009;44.6533;-1.1744
92077;48.8215;2.1761
13069;43.6242;5.1890
33519;44.8969;-0.6664
31588;43.5340;1.3349
49125;47.2079;-0.2900
45075;47.8905;1.7891
06084;43.6185;6.9646
78190;48.8786;2.1361
59636;50.6955;3.0476
44204;47.3000;-1.4503
51649;48.7343;4.6063
94055;48.7854;2.5385
81140;43.6943;1.8037
30202;44.2446;4.6125
76410;49.4876;1.0079
97306;4.9917;-53.6455
38317;45.1176;5.7127
57660;49.2014;6.9491
37109;47.4147;0.5475
74298;46.1887;6.2470
59544;50.3752;3.5665
13110;43.4378;5.7001
83098;43.0999;6.0275
69243;45.9115;4.4132
62758;50.7236;1.6472
64430;43.4860;-0.7527
49050;47.3445;-0.3838
57019;49.2415;6.1030
34337;43.5255;3.8585
78138;48.9796;2.0439
74208;45.9541;6.7400
59011;50.5248;2.9344
35069;48.0490;-1.5199
91312;48.7340;2.2126
76216;49.4669;1.0512
67130;48.4189;7.6659
35093;48.6199;-2.0954
51573;49.2303;3.9899
91086;48.6141;2.3801
24053;45.1285;0.8693
72003;47.9648;0.1246
63032;45.7499;3.0874
91216;48.6691;2.3225
62318;50.5511;1.6977
64422;43.1919;-0.6421
33312;44.9496;-0.6188
33238;44.7191;-0.6148
35055;48.0823;-1.6039
64545;43.3495;-1.6973
68375;47.7986;7.2396
28229;48.4965;1.4545
78688;48.7588;2.0489
70285;47.6009;6.6927
59616;50.4734;3.5659
76476;49.5137;0.5277
66008;42.5349;3.0244
06149;43.7532;7.3316
44209;47.3410;-1.6212
60141;49.1857;2.4874
83071;43.1690;6.2426
95250;49.0843;2.5483
60157;49.4052;2.4292
62525;50.7332;2.2284
38085;45.7461;5.1716
31547;43.4560;1.2849
11206;43.0486;2.1802
06018;43.6282;7.0828
84088;43.9898;5.0884
25580;47.4508;6.7918
67067;48.7373;7.7018
38158;45.1373;5.7756
02810;49.2731;3.1234
37195;47.3814;0.6380
26252;44.8327;4.8905
76165;49.2796;1.0396
34255;43.6889;3.7997
62548;50.9325;1.9447
66028;42.6791;2.9458
01143;46.3658;6.1147
63014;45.7454;3.1314
31033;43.3507;1.4503
77464;48.8817;2.7026
29058;47.9126;-4.0204
42005;45.5338;4.2543
01249;45.8389;4.9581
44015;47.4416;-1.7888
85003;46.7207;-1.6035
11203;43.1662;2.7889
13043;43.3905;5.2279
13040;43.4599;5.5532
63164;45.8408;3.1823
14437;49.1695;-0.3112
77449;48.8632;2.7971
62637;50.4645;2.9930
97223;14.5589;-60.9215
68256;47.7768;7.2881
2B042;42.5324;9.4210
97360;4.8299;-54.2700
69276;45.6733;4.8579
91661;48.6888;2.2303
10362;48.3018;3.9456
86041;46.6051;0.3695
57447;49.0661;6.1531
97603;-12.8902;45.1767
77183;48.9692;3.1248
13019;43.4495;5.3500
95052;49.1374;2.2888
83016;43.2073;5.8185
50099;49.2869;-1.2654
97614;-12.8328;45.1308
87050;45.9134;1.2520
62516;50.5605;2.4526
97124;16.0335;-61.6900
62250;50.4534;2.9463
56165;47.9420;-2.3584
59324;50.2914;4.1041
50025;48.6860;-1.3332
84003;43.9044;5.4340
79202;46.6764;-0.2202
95488;49.0083;2.1543
83086;43.4687;6.5770
59179;50.2923;3.3868
54580;49.4526;5.8952
40281;43.8402;-0.5185
54357;48.7099;6.1513
16374;45.6393;0.2067
81163;43.4763;2.3662
74282;46.0031;6.2506
45169;47.9388;1.7989
62048;50.5173;2.4329
69096;45.6083;4.7867
33433;44.9121;-0.4022
13050;43.6618;5.2522
27467;49.3519;0.5305
83054;43.2012;6.0155
59426;50.7531;3.1594
22136;48.1856;-2.7622
95394;49.0543;2.1743
59008;50.3225;3.2553
60139;49.1719;2.2462
35278;48.1574;-1.6918
31291;43.5953;1.2297
09122;42.9515;1.5808
38565;45.3011;5.6558
26057;44.9877;5.0803
13051;43.5758;5.1592
54482;48.7102;6.2095
18197;46.7360;2.4965
66180;42.7935;3.0018
31499;43.5121;1.1587
81060;44.0429;2.1487
95229;49.0385;2.3630
83072;43.4883;6.3441
95051;49.0147;2.1927
42189;45.4294;4.3687
35240;48.0976;-1.7812
59400;50.6440;2.6142
31203;43.5340;1.3349
46102;44.6197;1.9991
31433;43.5087;1.3953
91425;48.6317;2.2665
76319;49.3727;0.9482
14431;49.0750;-0.0576
27056;49.1002;0.5976
31451;43.4556;1.9979
59090;50.7098;3.0955
17028;46.1345;-1.1133
62587;50.4280;2.9298
58086;47.4177;2.9976
49267;47.4813;-0.4659
81271;43.7593;1.6865
78643;48.9651;1.9742
44009;47.2024;-1.4310
97357;4.3895;-54.1874
18205;47.1113;2.3569
31022;43.6948;1.4549
33422;44.8026;-0.8150
34198;43.5615;3.9524
91191;48.7202;2.4626
97212;14.7121;-61.0259
59343;50.5898;3.1125
13100;43.7834;4.8531
62014;50.6358;2.3677
33019;44.7142;-0.9441
97353;2.9674;-53.7583
44110;47.4571;-1.5251
76212;49.4576;1.2091
45286;47.8831;1.9333
56243;47.6246;-2.7298
91122;48.6930;2.1580
44195;47.3430;-1.9354
35236;47.6976;-2.0583
32160;43.6005;1.0782
59339;50.6815;3.2392
80016;50.0227;2.6606
74305;46.1887;6.2470
76618;49.9195;1.1425
66065;42.6141;2.9637
44212;47.1651;-1.2711
91514;48.6762;2.5462
34079;43.6139;3.3803
47310;44.4196;0.3191
64335;43.3794;-0.4500
62040;50.7408;2.3195
29105;48.4992;-4.0931
54159;48.6421;6.3587
85128;46.4598;-1.1747
97105;16.0002;-61.7284
62771;50.4204;2.8612
35126;47.9621;-1.8430
97227;14.4855;-60.9448
83034;43.0970;6.0713
44188;47.0409;-1.6416
01034;45.7328;5.6572
78356;48.7411;2.0516
69043;45.7086;4.7457
57591;49.2378;6.0905
54382;49.5466;5.7783
54274;48.6669;6.2053
35152;48.1993;-1.4860
73213;45.5564;5.9604
26165;44.7875;4.8385
47201;44.1935;0.5942
67300;48.5435;7.5328
28280;48.3163;0.8760
71342;46.4282;4.1016
74213;45.9569;6.0445
77495;48.5646;2.6000
57283;49.2518;6.1994
44198;47.1417;-1.5195
66164;42.8238;2.8525
74119;46.3699;6.6553
59153;50.4614;3.6160
21278;47.3937;4.9552
34090;43.6526;3.9366
84138;44.3773;4.9716
69072;45.8121;4.7466
14488;49.2750;-0.2582
56240;47.5245;-2.7414
62126;50.5326;2.6912
19275;45.5420;2.3448
40065;43.6325;-1.4291
33527;44.5837;-1.0464
31282;43.6948;1.4549
74264;46.0082;6.5311
91105;48.5636;2.1718
01313;46.2580;6.0717
58303;47.0370;3.1436
78092;48.8638;2.1373
54526;48.6693;6.2490
34116;43.6506;3.7942
45089;47.8950;2.0474
60346;49.1602;2.4190
31232;43.7562;1.2342
77268;48.8632;2.7971
13037;43.5547;5.2023
59205;50.3338;3.3412
69100;45.6748;4.8173
84081;43.9331;4.9089
89206;47.9900;3.4003
56185;47.7892;-3.4235
26324;44.3544;4.8046
31150;43.6598;1.3199
31417;43.6276;1.2613
42323;45.5673;4.2691
21515;47.2975;5.1213
64140;43.5254;-1.4797
63063;45.8320;3.1075
78401;49.0176;1.8892
03023;46.0941;3.3728
13112;43.5238;5.2491
74112;45.9569;6.0445
97606;-12.9209;45.1312
76305;49.4973;0.2369
13086;43.3436;5.5982
84043;43.9953;4.9328
30011;43.9466;4.7521
21355;47.2635;5.0626
84132;43.9283;4.9932
35066;48.0288;-1.7015
17274;46.1578;-1.0892
95060;49.0375;2.1989
85234;46.8019;-2.0478
60282;49.1893;2.4206
77327;48.5606;3.0374
45252;48.1873;2.2537
88209;48.1998;6.4252
77215;48.7441;2.7583
43137;45.2983;4.1880
49248;47.7332;-1.1512
62667;50.7112;1.5755
24520;44.8968;1.2177
59143;50.6658;2.8953
49080;47.6948;-0.5389
72132;48.1855;0.6263
07319;44.5767;4.6363
62895;50.4883;2.8477
31056;43.6598;1.3199
63193;45.7728;3.1930
74056;45.9313;6.9241
40310;43.7629;-1.2764
30003;43.5628;4.2202
93039;48.9374;2.3258
33013;44.8448;-0.4370
29160;48.5073;-4.4405
76497;49.3804;1.0347
33138;45.0646;-0.1064
60382;49.4314;2.8085
13092;43.5561;5.0744
54184;48.7080;6.2328
35334;48.1564;-1.5836
31490;43.7426;1.3675
26108;44.7390;5.0687
62473;50.6140;2.4644
35136;47.9720;-1.4946
85178;46.8032;-1.4595
14061;48.9220;-0.7331
03101;46.3319;2.5548
91363;48.6461;2.2062
59033;50.1872;3.8532
38140;45.2821;5.8891
29051;48.0121;-4.0080
83099;43.4714;6.6861
38344;45.3657;4.8683
30133;43.5075;4.1661
34299;43.2791;3.2831
29260;48.4609;-4.5932
13078;43.4159;4.8060
79079;46.9365;-0.7531
85051;46.7036;-1.0326
44194;47.2730;-1.6806
44084;47.2258;-1.2955
62724;50.3894;2.9085
88465;48.2558;6.4203
45082;47.8743;2.2631
83019;43.1624;6.3495
38524;45.0791;5.6552
76384;49.5137;0.5277
07186;44.7438;4.5654
62842;50.4701;2.8700
38545;45.0222;5.6567
30334;44.0258;4.4117
95491;48.9927;2.2275
06095;43.6478;6.8354
42316;45.4075;4.2083
31526;43.5755;1.2667
71486;46.6236;4.3737
56251;47.5984;-2.6432
85288;46.4915;-1.5878
97217;14.4839;-60.8575
29220;47.8679;-4.2418
97232;14.5433;-60.8567
13032;43.5708;5.3295
59447;50.3864;3.5964
37018;47.3428;0.5581
02381;49.8908;4.1075
74220;46.1145;6.2566
59457;50.6641;2.9671
95288;48.9852;2.3504
22360;48.4806;-2.7447
76561;49.3161;1.0665
34344;43.5893;4.0156
33032;44.9080;-0.5252
92076;48.8417;2.1611
34202;43.6245;3.7206
49261;47.3420;-0.2313
13113;43.5932;5.4908
56107;47.7160;-3.3914
34150;43.3603;3.5472
44210;47.3120;-2.2065
59449;50.4757;3.2469
39478;46.4120;5.8706
42094;45.7464;4.2205
35206;48.0164;-1.6442
30156;43.8770;4.4572
44018;47.1597;-1.7010
85222;46.6993;-1.8953
33096;44.9022;-0.4847
50147;49.0681;-1.4630
76095;49.4623;1.1279
76640;49.2796;1.0396
97605;-12.8328;45.1308
17449;45.9652;-0.8347
76341;49.4973;0.2369
77470;48.7441;2.7583
29069;48.4223;-4.5512
83009;43.1477;5.7475
68056;47.7155;7.3271
53097;48.1713;-0.3710
01244;45.8985;5.1634
59588;51.0183;2.4649
66210;42.6000;2.7620
06090;43.5874;6.9218
19123;45.1545;1.6031
67471;48.6325;7.7406
71105;46.3041;4.7870
44052;47.3331;-2.0721
62563;50.4685;2.7244
97119;16.3899;-61.4497
33498;44.5416;-0.8834
35352;48.0529;-1.6054
69009;45.9282;4.7023
06044;43.6869;7.0978
91479;48.7243;2.3602
91045;48.5219;2.3878
76429;49.4050;1.1387
59352;50.7357;3.0737
91665;48.6613;2.2460
37072;47.1546;0.2329
56184;47.6891;-2.4649
54099;49.2643;5.8940
72095;48.0582;0.2222
83036;43.1820;6.5209
57663;49.2345;6.1721
30217;43.9716;4.6853
42302;45.4993;4.4379
49323;47.5121;-0.4760
38509;45.5700;5.4529
83004;43.4532;6.4755
91097;48.6945;2.5125
38486;45.1549;5.6752
57269;49.2881;6.2103
37159;47.2480;0.6141
41295;47.5967;1.4174
68374;48.0633;7.2712
33273;44.8026;-0.8150
54273;49.1534;5.8474
56101;47.8370;-3.1480
42183;45.4035;4.3688
39097;46.7557;5.9028
30034;43.7516;4.4960
69092;45.9927;4.7014
38507;45.7461;5.1716
65047;43.2687;0.1107
45028;47.8004;1.6003
45191;48.2828;2.4016
40284;43.6513;-1.2931
93074;48.9327;2.5821
31032;43.6853;1.3372
87075;45.8039;1.1951
78350;48.8589;2.1134
91339;48.6317;2.2665
78322;48.7655;2.1590
62907;50.4825;2.9999
66195;42.6773;2.7944
12208;43.9346;2.8483
22106;48.5001;-2.7104
62133;50.4155;2.9073
59317;50.6836;2.9267
67152;48.5147;7.6587
35196;48.0616;-1.8645
33236;44.7600;-1.1937
06048;43.8299;7.3099
64547;43.3959;-1.4500
63307;45.7208;3.0884
44169;47.2610;-1.3823
70310;47.6775;6.5035
62004;50.2562;2.7778
78267;49.0237;1.7934
74250;46.0625;6.3190
74218;46.3699;6.6553
04209;44.2004;5.9040
59131;50.9962;2.3694
38111;45.1227;5.6560
24138;45.1437;0.7009
66021;42.7284;2.9423
62249;50.4149;3.0159
34022;43.6617;4.0211
54339;48.7225;6.1895
2B096;42.2819;9.1230
38239;45.3231;5.5681
69143;45.8692;4.8354
49214;47.5718;-0.5789
17200;46.1867;-1.1527
57666;49.3465;6.1327
34199;43.4542;3.4258
38537;45.6634;5.1510
44158;47.2931;-1.7746
57323;49.4394;6.1200
77111;48.8632;2.7971
33376;44.9057;-0.7931
45274;47.8810;1.9726
16113;45.6075;0.1290
59431;50.6991;2.8327
68334;47.7995;7.0924
74094;46.1809;6.3073
59653;50.5722;2.9330
49373;47.1670;-0.6093
78575;48.7176;2.0503
78455;48.8425;2.0518
27016;49.2404;1.4152
97612;-12.7037;45.0717
78062;48.8537;1.8664
38416;45.1571;5.3036
38022;45.6309;5.5643
77169;48.8192;2.6101
44087;46.9745;-1.7809
64125;43.4227;-1.5691
56177;47.7974;-3.0112
14258;48.8884;-0.2144
33227;44.5338;-0.2659
35012;47.8366;-1.7059
40184;44.2277;-1.1841
42330;45.4687;4.3512
61214;48.7505;0.6601
07042;44.3799;4.5601
2B037;42.6164;9.4407
64256;43.3990;-1.2922
38517;45.2703;5.5088
95574;49.0211;2.2703
36063;46.8562;1.7526
79270;46.4368;-0.2264
44213;47.4024;-1.0124
40217;44.3463;-1.0425
21038;47.1835;5.3733
88196;48.0709;6.8812
07281;44.9316;4.8123
13104;43.3457;5.1175
29124;48.5614;-4.3236
67544;48.9935;7.9709
97114;16.1218;-61.6137
29241;47.9523;-3.8412
74123;45.7729;6.2585
21540;47.3362;5.0932
35173;48.2155;-1.7157
16358;45.6816;0.1286
44201;47.3309;-1.5375
35068;48.1189;-1.3745
86115;46.6873;0.4220
73248;45.2555;6.3351
66049;42.4988;2.7159
38547;45.2307;5.9478
29042;48.2509;-4.4825
68149;47.5891;7.5804
53201;48.0612;-0.8672
91553;48.6187;2.5066
22251;48.5695;-2.8414
44043;47.0758;-1.2631
66213;42.6703;2.8237
34095;43.5340;3.7714
08362;49.4891;4.3377
17421;45.7056;-0.8998
44005;47.2109;-1.9943
69194;45.8154;4.7980
52269;47.8592;5.2713
91600;48.6546;2.4745
43268;45.1458;4.1487
97132;15.9910;-61.6479
29024;48.2542;-3.6071
01202;45.8773;5.3260
16291;45.6754;0.2663
88383;48.0187;6.6060
38179;45.1795;5.7980
86214;46.5485;0.3534
91340;48.5967;2.4243
24557;45.1801;0.7669
34088;43.5604;3.7055
54483;48.5875;6.2635
57038;49.4699;5.9473
35176;47.8244;-1.8017
59253;50.4323;3.5755
71176;46.5259;3.9437
38314;45.4376;5.9891
22162;48.7660;-3.0498
33229;44.7747;-0.9773
22168;48.7941;-3.4413
91667;48.6691;2.3225
62083;50.4611;2.6009
77139;48.9152;2.6188
78531;48.9968;1.6077
93033;48.8609;2.5758
57491;49.2629;6.0314
95183;49.0404;2.0356
30243;44.0841;4.0763
77330;48.9417;2.8923
97109;15.9939;-61.6864
68082;47.8612;7.3467
06105;43.6742;7.0527
33322;44.9496;-0.6188
38562;45.0662;5.8468
45146;47.7167;1.9753
44103;47.3305;-2.1537
78397;48.7362;1.9513
73054;45.6553;6.7844
97421;-21.0469;55.5080
59654;50.3855;3.1122
06065;43.7208;7.1599
64495;43.3310;-1.5780
34327;43.6607;3.9632
44029;47.2610;-1.3823
78466;48.9218;1.9621
34142;43.7451;3.3468
14167;49.1982;-0.2950
42127;46.0588;4.0597
44072;47.4325;-2.3317
79081;46.3517;-0.3814
97423;-21.1103;55.3294
56036;47.8136;-3.3408
56094;47.7670;-3.2429
59586;50.5246;3.1853
95205;49.0257;2.3849
44186;47.1059;-1.8530
27679;48.7417;0.9087
85008;46.5767;-1.4774
40133;43.5951;-1.4301
83081;43.6294;6.7167
97403;-21.2040;55.4927
35228;48.5828;-2.0603
91207;48.5770;2.2209
38397;45.2467;5.8265
67118;48.5798;7.6821
73303;45.7638;6.4364
91689;48.7300;2.3296
29293;47.8382;-3.8412
34023;43.4558;3.6939
42305;45.4788;4.4240
13035;43.7025;5.0157
65059;43.0347;0.1428
22070;48.5849;-3.1473
01451;46.2508;5.2231
14654;48.9808;-0.0400
44130;47.1294;-1.5914
80620;49.9092;2.9380
59028;50.4144;3.0612
59032;50.3420;3.5224
45338;47.9535;2.6969
97134;16.0864;-61.7260
76474;49.4878;1.0550
44066;47.3410;-1.6212
62497;50.4402;3.0587
67021;48.3962;7.4116
56023;47.6912;-2.9720
30155;43.8162;4.4975
22055;48.6254;-2.8412
64284;43.2679;-0.3985
78217;48.9480;1.8134
57683;49.2923;6.1585
69292;45.8366;4.8832
01427;45.9478;4.8058
44151;47.3234;-2.3121
68315;47.8825;7.1791
86070;46.5477;0.6875
76552;49.5104;0.0782
31118;43.8088;1.3993
26325;45.2622;4.8670
47195;44.1055;0.3898
34151;43.6262;4.1480
91226;48.4939;2.1816
69287;45.6898;5.0432
77018;48.8632;2.7971
51055;49.2958;4.0602
50615;49.5258;-1.4865
69088;45.8484;4.8566
73087;45.5083;5.8459
25411;47.0644;6.6102
28220;48.4231;1.4685
62457;50.4256;2.5474
29259;48.6695;-4.0260
97406;-21.1519;55.6442
22176;48.4433;-2.7448
59094;50.9241;2.2333
13105;43.7447;5.0866
31169;43.5208;1.5523
34120;43.6625;3.8938
2B148;42.5324;9.4210
77249;48.7410;2.6290
72058;47.9788;0.2973
33080;44.7623;-0.5465
83141;43.5022;6.4893
49021;47.4314;-0.2442
17434;46.1164;-0.7269
01262;45.8725;5.0405
38425;45.3885;4.7976
34058;43.7408;3.9985
35001;48.1466;-1.5190
13119;43.2588;5.5660
37266;47.2559;0.7040
95039;49.0811;2.1611
41059;47.4203;1.4396
62628;50.4287;2.8758
68195;47.7609;7.2723
85084;46.7760;-1.2404
38001;45.5535;5.5703
42071;46.0190;4.1201
86137;46.9988;0.1395
30141;44.0819;4.6542
38150;45.1843;5.8828
26064;44.8733;5.0351
77438;48.8817;2.7026
78220;48.7276;1.8883
87187;45.5304;1.2163
26220;44.3687;5.1923
35188;48.0976;-1.9460
59482;50.7191;2.9920
82037;44.1565;1.5437
62528;50.4567;2.7854
34213;43.5060;3.6348
59079;50.3888;3.5052
74105;46.3015;6.3206
56164;47.6616;-2.8434
60360;49.3369;2.4817
17347;45.9472;-0.4881
69028;45.7205;4.7033
62270;50.4531;2.4750
17291;46.2025;-1.0999
59136;50.0869;3.5816
10343;48.2056;4.1125
31341;43.7562;1.2342
64160;43.3249;-1.4295
29195;48.6082;-4.4610
29150;47.8063;-3.6459
13060;43.4910;5.5003
27275;49.1558;1.3062
91315;48.5146;2.3440
73222;45.6156;5.9977
91587;48.6879;2.2816
88321;48.3527;5.7500
13102;43.4167;5.2191
38298;45.3885;4.7976
77349;49.0832;2.6535
59225;50.2946;3.9087
44180;47.5525;-1.1569
44217;47.2931;-1.7746
56090;47.8562;-3.2519
89257;47.9903;3.5106
31202;43.8088;1.3993
45203;47.8999;1.6507
70311;47.7890;6.3571
82125;43.9567;1.2092
13022;43.2234;5.5504
49063;47.3431;-0.8062
74280;45.8719;6.3330
17094;46.0464;-1.0444
34114;43.6986;3.5705
56053;47.7164;-2.6066
59051;50.5558;2.8230
83070;43.1660;6.4126
62386;50.4343;2.7199
14333;49.3904;0.2417
34113;43.4943;3.7237
17385;45.9396;-1.3049
54300;48.6455;6.2419
69112;45.8200;4.6139
42304;45.5419;4.1817
66038;42.6520;2.8340
26166;44.7168;4.8180
13070;43.2768;5.5184
35184;48.2178;-2.0549
95091;49.0549;2.3337
63070;45.7251;3.0094
38087;45.5794;4.8142
2B120;42.6695;9.4212
31248;43.4654;1.3960
44073;47.4282;-1.6407
81120;43.5116;2.2392
49035;47.4306;-0.6275
13042;43.2982;5.6445
49200;47.6290;-0.7330
01419;46.2439;5.9646
97214;14.8016;-61.0768
49180;47.3845;-0.0956
81257;43.9526;2.2249
42237;45.4566;4.4483
97419;-21.1923;55.7545
22046;48.2940;-2.5235
54115;48.7209;6.1223
38337;45.3573;5.4802
13016;43.4097;5.6018
47252;44.3837;0.5856
31165;43.4560;1.2849
44041;47.0890;-1.5968
57443;49.2138;6.1107
69010;45.8200;4.6139
31467;43.6948;1.4549
51172;49.2169;4.0527
69142;45.7306;4.8122
40209;43.5662;-1.4546
47032;44.1951;0.6979
63195;45.8178;3.3999
71230;46.6085;4.0143
43040;45.2693;3.3650
59212;50.6664;2.7016
54397;48.6426;6.0850
26088;44.9877;5.0803
29178;48.5288;-4.6433
63003;45.5398;3.7752
91338;48.6370;2.0683
74164;46.0951;6.4942
97231;14.5268;-61.0369
44101;47.1849;-1.6845
53054;48.1076;-0.7994
29061;48.4464;-4.4626
76255;49.9896;1.4244
77079;48.4090;2.8076
30062;43.7877;4.1887
33011;44.7952;-1.0787
91347;48.6317;2.2665
60684;49.2980;2.5185
78486;48.7133;1.8149
77430;49.0713;2.8103
32107;43.9542;0.3833
69094;45.7592;4.6847
35353;48.1177;-1.7490
42275;45.4755;4.3732
59165;50.3821;3.0240
18207;46.9642;2.2445
73010;45.7731;5.9348
62753;50.3121;2.7968
29174;47.9104;-4.3000
74263;46.3015;6.3206
71263;46.6399;5.2217
01289;46.1542;5.1753
54215;48.7507;6.1230
76103;49.4050;1.1387
97613;-12.7590;45.1442
34239;43.6689;3.4823
84039;44.0869;4.8819
38516;45.2521;5.7666
28015;48.4174;1.7878
05046;44.5289;6.5355
35085;48.4260;-1.7434
71475;46.7539;4.8293
49223;47.3760;-0.5379
54280;49.2316;6.0118
15187;45.0331;3.1188
35037;48.0616;-1.8645
74242;45.8039;6.1603
85090;46.7674;-0.8017
78354;48.9658;1.6466
18141;47.1389;2.2339
33207;44.9121;-0.4022
56010;47.8955;-3.0143
08190;50.1134;4.8201
56158;47.7008;-2.7825
15012;44.8792;2.4907
74008;46.1887;6.2470
77326;48.5856;2.5631
31584;43.8426;1.5086
74043;46.2697;6.3866
78396;48.9430;2.1414
69191;45.8190;4.8186
17142;46.1840;-1.0684
69040;45.7983;4.7866
74278;46.0342;6.6184
89025;47.5102;3.8891
69255;45.7298;4.6425
38316;45.7461;5.1716
53034;48.0677;-0.6987
63103;45.9205;3.0626
30169;43.7894;4.3090
37104;47.2468;0.7808
59365;50.2583;3.9536
86297;46.5802;0.2760
59327;50.3863;3.1684
84072;44.0546;5.1302
86158;46.6318;0.3052
69141;45.6117;4.6396
33042;44.4812;-0.8231
35207;48.1023;-1.4893
83131;43.2012;6.0155
71118;46.7886;4.8055
56176;47.6912;-2.9720
45298;47.8800;1.8540
62893;50.7789;1.6140
54263;49.2227;5.9926
41136;47.7125;1.4546
01194;46.0178;4.8148
32132;43.8484;0.6403
85019;46.8032;-1.4595
40273;43.5480;-1.3174
13030;43.2875;5.7223
37132;47.0649;1.0117
76402;49.5108;1.0727
24547;45.1194;1.2979
38318;45.5202;4.9849
40001;43.6902;-0.2841
71445;46.7753;4.9219
56075;47.9150;-2.1628
14371;49.0355;0.1271
31091;43.7089;1.3964
68145;48.0831;7.4035
38449;45.6395;5.1088
97604;-12.9209;45.1312
69291;45.6221;4.8462
34217;43.7085;3.8671
95388;49.0273;1.9739
14098;49.2135;-0.5214
42223;45.4553;4.3315
26313;44.9724;4.9511
87065;45.7856;1.3536
13098;43.4552;5.0154
76481;49.5713;0.1270
57537;49.2101;6.8588
76475;49.3789;1.2157
13053;43.7286;5.1835
57058;49.1628;6.9539
36018;46.6565;1.1364
43012;45.3688;4.2046
17219;45.8154;-1.0642
97206;14.4888;-61.0203
01344;46.2069;5.2244
83055;43.6294;6.7167
04143;43.9432;5.9685
66149;42.6388;2.3541
69279;45.7777;5.0376
62274;50.4391;2.9866
67506;48.6732;7.7255
31445;43.6044;1.5286
34192;43.5335;3.9263
97106;16.1437;-61.7541
66017;42.8127;3.0283
14076;49.2283;-0.3048
13091;43.6137;5.3071
43224;45.2449;4.2151
59452;50.4575;3.0327
44071;47.2024;-1.4310
59456;50.3766;3.2188
62351;50.4293;2.9051
67313;48.5299;7.3733
83091;43.2474;6.1331
78380;48.9115;1.8546
62443;50.4281;2.6424
13066;43.8587;4.8997
27198;48.8630;1.0692
38423;45.2440;5.7255
77037;48.4860;2.7269
77171;48.9197;2.8032
30047;43.8071;4.4346
44166;47.1954;-1.8324
30033;43.6959;4.3222
35120;48.2249;-1.8678
31351;43.6598;1.3199
84137;44.2444;5.0525
85151;46.9743;-0.9271
12133;44.2841;2.5726
83035;43.2073;5.8185
78321;48.7906;1.9068
76495;49.5940;0.9502
95371;49.0809;2.5090
59603;50.3306;3.4870
03082;46.2667;2.7905
27213;49.1510;1.5300
09261;42.9619;1.1680
26116;44.4312;4.7178
34077;43.6625;3.8938
83153;43.0758;5.9271
62624;50.4180;2.9940
77192;48.7336;2.8554
78644;48.7362;1.9513
94001;48.7246;2.4214
09160;42.8999;1.8267
14174;48.8604;-0.5389
80212;49.9016;2.5356
84004;44.0976;5.0323
57332;49.1216;6.7818
67028;48.3535;7.5943
74169;46.0520;6.5228
86174;46.7648;0.5249
59509;50.4151;3.1033
33393;45.0105;-0.2196
71040;46.7042;4.3930
34332;43.3130;3.3992
59359;51.0134;2.2803
78672;48.9439;1.9927
64189;43.3891;-1.6388
59484;50.3920;3.6599
62737;50.4509;2.6838
14271;49.1448;-0.3521
13080;43.6569;5.4331
80561;49.6644;2.5930
56067;47.7749;-2.8367
49345;47.2756;-0.4770
82134;44.0612;1.5859
26347;45.0726;4.8825
31188;43.5121;1.1587
64496;43.4633;-1.4078
06114;43.7449;7.2883
50082;49.4933;-1.6133
87001;45.7952;1.1143
88372;48.4501;6.9709
91577;48.6187;2.5066
83120;43.3569;5.7282
67131;48.4833;7.7305
78537;48.5710;1.9638
25284;47.5248;6.8002
33240;45.3178;-0.9215
62276;50.5179;2.8112
81220;43.8337;1.6970
24294;45.0218;0.1614
56193;47.7179;-3.3026
67519;48.6591;7.8313
16154;45.6793;0.1655
67343;48.6071;7.6832
36159;46.7141;1.6862
25539;47.4589;6.8806
11266;43.0215;3.0380
51250;49.2287;3.7632
78133;48.8975;2.0280
47031;44.1703;0.6464
54328;48.6252;6.1886
62757;50.7592;2.2329
13114;43.5420;5.3059
34031;43.3573;3.4158
56003;47.6338;-2.8232
83064;43.3190;5.9894
68163;47.6921;7.4997
80685;49.7016;2.7754
01071;46.3286;6.0306
91659;48.5986;2.4642
35095;48.5421;-1.7195
42222;45.5836;4.3253
74272;45.9569;6.0445
62035;50.5486;2.6191
86165;46.4017;0.8598
29020;48.0935;-3.9971
78117;48.7726;2.1250
17264;46.2222;-1.1457
65258;43.1396;0.4067
60581;49.4932;2.4185
77320;48.7888;3.0954
74309;46.1200;6.0249
33029;44.6266;-0.7469
34028;43.5956;3.1551
57012;49.3775;6.0452
13085;43.2512;5.6290
84122;44.0992;4.9571
69288;45.6898;5.0432
2B050;42.4958;8.7998
30344;43.7379;4.2323
31182;43.7089;1.3964
13107;43.4115;5.4379
62645;50.9815;2.0394
67137;48.4904;7.6751
67520;48.6179;7.4214
95355;49.1378;1.7801
87113;45.8735;1.3248
13073;43.3845;5.5715
49367;47.6290;-0.7330
69248;46.0682;4.3381
50484;48.5520;-1.1238
97121;16.2272;-61.7633
49194;47.5413;-0.3344
13033;43.3538;5.1997
33090;44.7279;-0.7192
56166;47.9398;-3.3118
74236;45.8240;6.7367
79174;46.2096;-0.1195
80253;50.1635;2.3412
59239;50.4169;3.1822
33214;44.9228;-1.0847
83027;43.2032;5.7252
11106;43.2268;3.0836
35208;48.0164;-1.6442
49020;47.4753;-0.6623
29004;47.9311;-3.6753
76312;49.4839;1.6393
84091;44.1777;4.7659
08363;49.9166;4.6631
28140;48.5973;1.6921
44182;47.1753;-2.1271
86281;46.7375;0.3292
85076;47.0478;-1.2637
29117;48.5578;-4.5414
44098;47.4882;-2.1775
91376;48.5602;2.2828
25578;47.1495;6.3482
30006;43.6721;4.2038
30294;44.1624;4.1539
13021;43.3422;5.1545
71543;46.5458;4.8719
57474;49.2518;6.1994
38249;45.2467;5.8265
66189;42.6572;2.9490
14726;48.9220;-0.7331
33555;44.6380;-0.9033
64410;43.3739;-0.6566
44082;47.3787;-1.3831
68004;47.6168;7.2950
28209;48.4965;1.4545
62263;50.2836;2.7408
16166;45.6639;0.1993
80489;49.8586;2.3450
17414;46.2025;-1.0999
34259;43.6167;3.7742
64230;43.2158;-0.4415
35049;48.6827;-1.8653
84016;44.0478;4.9080
06108;43.5852;6.9498
85182;46.7674;-0.8017
84034;43.8916;4.9561
68300;47.7997;7.4101
79048;46.3657;-0.2919
83106;43.3190;5.9894
11379;43.0395;2.9810
95480;49.1223;2.2013
85302;46.9612;-1.0596
42149;45.6418;4.2506
59553;50.5903;2.9608
49377;47.5413;-0.3344
83097;43.4938;5.7473
72071;47.6976;0.4012
59524;50.5586;2.8972
59632;50.3790;3.3983
73064;45.5366;5.9992
90033;47.5262;7.0264
59268;50.6312;2.7391
94065;48.7496;2.3522
03118;46.1154;3.1998
34298;43.2791;3.2831
28103;48.0093;1.2689
97122;16.4261;-61.4959
37273;47.3898;0.7528
02095;49.9674;3.4414
69297;45.6221;4.8462
38422;45.1312;5.8522
69278;45.8984;4.8377
59663;50.8772;2.4274
54318;48.7484;6.0403
33256;44.9496;-0.6188
35275;48.1446;-1.8480
31107;43.3057;1.2139
62099;50.2562;2.7778
78502;48.8817;2.1099
95652;49.1142;2.3984
66088;42.6444;2.5994
87002;45.9668;1.4082
66144;42.6376;2.8730
77382;48.8893;2.8663
59044;50.6107;3.2437
42059;45.6128;4.4028
10268;48.4800;3.5157
91330;48.5117;2.2604
30221;44.0421;4.7643
81021;43.4763;2.3662
27602;49.0048;1.0647
08328;49.8150;4.8071
44179;47.3787;-1.3831
38133;45.3696;5.5987
85152;46.6075;-1.6572
34300;43.4167;3.3147
85096;46.9182;-1.8644
86177;46.7015;0.1582
29158;47.8121;-4.3415
97609;-12.9719;45.1260
78160;48.6939;2.0288
53096;48.3059;-0.9164
13044;43.6144;5.0455
66024;42.5266;2.8316
06054;43.7532;7.3316
79195;46.9408;-0.5963
62397;50.8633;1.8559
47100;44.2541;0.6371
26124;44.8327;4.8905
13084;43.7176;5.3021
67411;48.4929;7.4130
91461;48.6059;2.2186
85089;46.7216;-1.3343
18015;47.4727;2.3938
49228;47.5323;0.1012
77143;48.9688;2.8438
72008;47.9139;0.2100
21154;47.8294;4.5894
51506;48.9418;4.4286
59227;50.3673;3.3003
69205;45.7592;4.6847
62244;50.9169;1.8869
31458;43.5087;1.3953
57097;49.1842;6.4959
21390;47.2787;4.9645
64407;43.4633;-1.4078
59656;50.7612;3.0506
13087;43.4664;5.6123
59234;50.4015;3.0507
79003;46.2556;-0.3657
67388;48.9564;7.6442
60338;49.3556;2.7952
63069;45.7124;3.1589
22225;48.5269;-3.1259
54257;48.6457;6.1847
62555;50.5066;2.5026
13074;43.6285;5.5767
77431;48.2750;2.7096
56169;47.6926;-3.2405
65100;43.2894;-0.0373
63457;45.6408;3.3010
49176;47.6290;-0.7330
67106;48.7593;7.9384
69044;45.7802;4.7436
30125;43.7718;4.4386
06075;43.8396;7.2405
14181;49.1448;-0.3521
24372;45.1300;0.5415
74096;46.0441;6.1064
62194;50.4810;2.4621
70279;47.4450;5.5835
11397;43.2183;2.4917
01322;45.9478;4.8058
72231;47.9293;0.3798
37027;47.3096;1.0414
55122;48.7757;5.6142
71073;46.8900;4.7691
95392;49.0776;2.2140
85035;46.6285;-1.8448
59202;50.6703;2.8408
64269;43.2930;-0.2936
59170;50.3497;3.1301
74026;45.9569;6.0445
44128;47.5558;-1.8902
67309;48.6487;7.7017
44120;47.1954;-1.8324
60439;49.3234;2.3236
67151;48.6926;7.8842
62057;50.8959;2.0814
25057;47.5248;6.8002
73029;45.5704;5.9150
69157;45.8658;4.5022
44175;47.4325;-2.3317
25321;47.0706;6.6896
33535;44.8448;-0.4370
82186;44.1429;0.9367
62173;50.3378;3.0198
68042;47.5989;7.4797
77317;48.5850;2.8965
16078;45.7168;0.1729
87048;45.7832;1.2402
85155;46.6755;-1.4182
38557;45.7762;5.1193
57487;49.1183;6.0836
74288;46.0955;5.9552
34069;43.3835;3.0983
34101;43.3861;3.4639
01093;46.1331;4.9986
10297;48.3963;4.1370
59052;50.5162;2.8930
13088;43.3653;5.2532
72213;47.9139;0.2100
44067;47.6456;-1.8181
65417;43.2274;0.1176
21464;47.1117;4.9798
86157;46.5486;0.4161
35139;47.9479;-1.7176
57207;49.0985;6.8657
04088;43.9527;5.7868
34247;43.6889;3.7997
62560;50.8301;1.7103
73051;45.6697;5.8501
83087;43.3790;5.7846
56248;47.5984;-2.6432
69260;45.6449;4.7840
83140;43.3989;6.0121
84119;43.9589;4.9421
44064;47.0758;-1.2631
78638;49.0110;1.9674
84056;44.1493;4.9278
01043;45.8389;4.9581
77055;48.8904;2.6387
97601;-12.7037;45.0717
33314;45.1927;-0.7867
02340;49.8230;3.2862
57336;49.1614;6.7251
67458;48.8119;7.7171
29274;48.0435;-3.7408
73031;45.5704;5.9150
90099;47.6845;6.8406
93015;48.9175;2.5763
42332;46.0588;4.0597
62523;50.4435;2.8589
54498;48.7450;6.3640
01443;45.9977;5.0216
78224;48.8671;2.0600
25047;47.3534;6.3679
77475;48.9379;2.9571
14514;49.2820;0.2287
14228;49.2889;-0.3978
83031;43.3885;6.3014
89464;48.0863;3.3016
54322;49.4669;5.5580
25527;47.1860;5.8234
91540;48.5543;2.1021
59230;50.2405;4.0386
29130;48.3750;-4.6199
62261;50.4862;1.6139
77513;48.9688;2.8438
38097;45.7461;5.1716
45315;47.7248;2.3712
14225;49.2640;-0.0844
79179;46.7254;-0.5681
44021;47.0379;-1.9260
42256;45.4896;4.1680
27022;49.1558;1.3062
57209;49.0163;6.5920
04049;44.0833;6.0151
51030;49.0294;4.1667
67372;48.8437;7.6070
54439;48.7019;6.2653
97104;16.0451;-61.7190
21292;47.2253;5.2015
62132;50.5179;2.8112
17333;45.6042;-0.9801
19229;45.0905;1.4597
56143;47.5678;-2.4757
35257;48.4182;-1.3885
56008;47.6124;-2.9024
29026;48.1891;-4.1243
01281;46.2774;6.1007
97417;-21.3039;55.7450
14301;49.1778;-0.2864
68118;47.6959;7.3985
22389;48.4621;-2.6533
30321;43.8069;4.1014
31582;43.4015;1.7281
61168;48.5957;-0.3367
33058;45.1614;-0.6351
62400;50.4754;2.5784
78089;49.0329;1.5419
37139;47.4147;0.5475
59459;50.3754;3.4642
62491;50.6197;2.7991
40282;43.7483;-0.5556
97424;-21.1439;55.4587
51058;49.2303;3.9899
95134;49.1422;2.2287
17407;46.1422;-1.0114
35177;48.2155;-1.7157
11170;43.1034;3.0820
39368;46.5031;6.0229
62746;50.6825;1.6683
27448;49.0198;1.3552
40197;44.0293;-0.8867
12089;44.5948;2.2752
74005;46.3413;6.5052
50487;48.5347;-1.3368
88367;48.3562;6.6454
29199;48.5790;-3.7146
38034;45.3626;5.0340
62502;50.5924;2.7078
06159;43.7029;7.3243
95352;49.1142;2.3984
97362;4.0427;-54.0356
72180;48.3843;0.2877
45224;48.0809;2.0575
42123;45.5109;4.5817
49183;47.5235;-0.8403
34276;43.7951;3.8692
23176;46.2460;1.4962
59098;50.7638;3.0749
85088;46.6993;-1.8953
71310;46.7456;4.4806
77142;48.8616;2.9501
57089;49.0414;7.5069
90009;47.4797;6.9259
78571;48.8632;2.0189
38269;44.9382;5.8349
82190;43.8533;1.1685
38189;45.6158;5.0379
66182;42.7263;3.0172
77458;48.1889;2.7789
56147;47.5390;-2.2754
33140;44.7741;-0.3449
51662;49.2698;4.1318
42103;45.5245;4.5131
44163;47.3951;-1.1469
71137;46.4607;4.6276
81145;43.8652;1.8106
58095;46.8005;3.4767
60342;49.3209;2.4225
31410;43.6948;1.4549
66050;42.7645;2.9446
94047;48.7019;2.5546
95116;49.1607;2.3298
33397;44.9022;-0.4847
97308;3.7418;-52.1326
33424;45.1404;-0.8623
45053;47.6666;2.7989
33104;45.0106;-0.8591
31230;43.7089;1.3964
91044;48.6879;2.2816
87201;45.8506;1.1290
38538;45.1843;5.8828
89086;47.8866;3.0990
51388;49.1184;4.3414
44187;47.2109;-1.9943
08081;49.8481;4.7513
22004;48.6535;-3.3087
59272;50.9993;2.1013
03254;46.3298;3.2717
59329;50.3521;3.0555
63470;45.8550;3.0208
85113;46.7096;-2.3468
33483;44.9121;-0.4022
30333;43.7617;4.2887
59481;50.2232;3.6852
56186;47.4440;-3.0514
69006;45.9922;4.3609
37154;47.2559;0.7040
38130;45.3939;5.2212
28051;48.2004;1.4336
72124;47.8487;0.2926
13023;43.2058;5.6225
62139;50.7083;2.2823
51242;48.9342;4.2705
01185;45.9724;5.5771
07349;44.8260;4.7518
31135;43.2049;1.0659
33036;44.4153;-0.2141
68298;48.2437;7.1839
44211;47.3737;-2.4899
62865;50.3300;2.9800
59462;50.5122;3.0076
65460;43.3759;0.0367
26113;44.7766;5.3514
38399;45.4922;5.1350
10325;48.2626;4.0631
30284;44.1659;4.0744
59168;50.5604;3.2331
27165;48.9728;0.9211
83092;43.2968;6.2543
89287;48.1970;3.2892
37153;47.5261;0.8035
60088;49.1970;2.2045
62268;50.6792;1.8616
44081;46.9200;-1.6109
29076;48.4609;-4.5932
84099;43.8518;5.1094
61486;48.7507;-0.7219
69046;45.6449;4.7840
41232;47.4120;2.0613
09282;43.2096;1.5955
42110;45.4921;4.5407
38348;45.5640;5.2955
63040;45.7171;3.3695
87125;45.9073;1.3326
35032;48.0164;-1.6442
91179;48.5482;2.4876
76178;49.3161;1.0665
79062;46.8536;-0.6623
34148;43.3835;3.0983
34309;43.7091;3.9132
36006;46.5948;1.5730
30132;44.2169;4.0081
94048;48.7320;2.5592
54430;48.7732;6.1114
76647;49.5106;0.3569
88516;48.2142;5.9735
18213;47.0878;2.5267
01142;45.8725;5.0405
14027;49.0067;-0.6820
44070;47.1278;-1.4012
60670;49.2735;2.5343
68155;48.1012;7.3109
29254;48.5561;-3.8244
56117;47.9164;-2.8140
33363;44.7741;-0.3449
48092;44.5867;3.2477
44126;47.1411;-2.1911
24312;45.1437;0.7009
85300;46.7207;-1.6035
47052;44.2985;0.0766
69115;45.9927;4.7014
49129;47.4915;-0.5450
77182;48.7633;3.3188
86062;46.6367;0.4088
64499;43.4772;-0.9610
40287;44.4779;-1.0645
67472;48.8089;7.9562
73128;45.7110;5.9421
35059;48.2155;-1.7157
68226;48.0539;7.1061
67389;48.6480;7.7572
35131;48.1446;-1.8480
62846;50.4874;2.7518
16028;45.4826;-0.1625
44096;47.4363;-1.2021
35299;48.6456;-1.9078
79185;46.2792;-0.2370
35076;48.0616;-1.8645
68349;47.6245;7.5553
29031;47.7943;-3.5672
58059;47.1860;3.0747
27065;49.3652;0.3712
62773;50.6278;1.7505
76709;49.4837;0.8200
88304;48.3096;6.0977
42271;45.4411;4.5841
13045;43.8540;4.7669
67194;48.7240;7.9192
13082;43.6649;5.3517
72346;47.9190;0.0348
47106;44.5448;0.9735
57540;48.7890;7.2224
91064;48.7565;2.2070
68269;48.1955;7.2957
57049;49.1138;6.1789
59278;50.6204;2.9512
74311;46.1508;6.4005
90008;47.6082;6.8142
17003;46.0811;-0.9182
62767;50.3777;2.3104
69206;46.0579;4.7209
59566;50.6204;2.9512
71047;46.6538;3.7693
83058;43.5422;6.3633
53119;48.0004;-0.7875
30259;44.0920;4.1232
69063;45.8215;4.8432
62774;50.9298;1.7784
35031;48.1993;-1.4860
10033;48.2425;4.7115
31035;43.5091;1.4746
49167;47.3760;-0.5379
35023;48.1849;-1.9335
76462;49.7407;1.4648
69176;45.6837;4.6415
54079;48.9082;6.0584
64065;43.3310;-1.5780
85284;46.8368;-1.8927
35297;48.1588;-2.1837
17452;45.7593;-1.1913
69250;45.8097;4.7120
80799;49.9016;2.5356
37267;47.3461;0.8600
62032;50.4105;2.7518
21425;47.6439;4.3442
43020;45.3265;4.1018
60584;49.2256;2.4035
59276;50.3426;3.1577
22222;48.6838;-2.9337
35006;48.0412;-1.1357
56173;47.9652;-2.9806
42097;45.5014;4.3193
62321;50.4349;3.0304
94053;48.7743;2.5542
59024;50.3300;3.2279
62051;50.5179;2.8112
76452;49.5480;1.0880
85081;46.8032;-1.4595
06147;43.7867;7.2725
40119;43.6285;-0.5937
14715;49.3720;0.1012
31079;43.8088;1.3993
97112;15.9059;-61.2941
57032;49.0926;6.0226
69289;45.6517;4.9907
33539;44.8909;-0.3269
25367;47.4325;6.8103
45173;47.8404;2.1267
83100;43.2474;6.1331
35133;48.1127;-2.0498
38468;45.3657;4.8683
12096;44.5271;2.8172
22171;48.4161;-2.8116
69013;45.9927;4.7014
13018;43.8591;4.9577
64132;43.2930;-0.2936
81144;43.9654;2.1819
49347;47.6143;-0.4759
83068;43.2482;6.5085
54157;48.8291;6.0399
33262;45.0421;-0.6866
51535;48.7150;3.7134
62033;50.4701;2.8700
67205;48.7056;7.8081
95257;48.9744;2.1781
62128;50.2944;2.9115
35239;47.9216;-1.3680
11202;42.8991;3.0262
91405;48.4186;2.4623
66011;42.6078;2.8893
95612;48.9856;2.4553
42022;45.5338;4.2543
13046;43.4268;5.5472
35125;47.9292;-1.2368
86293;46.4325;0.2494
29207;48.5561;-3.8244
69270;45.6261;4.9334
13048;43.6333;5.6565
91685;48.6399;2.3415
69272;45.6221;4.8462
97205;14.6654;-61.1335
84029;44.1751;4.8962
59160;50.4218;3.6517
34240;43.6111;4.0200
14408;49.1013;-0.3741
31117;43.6865;1.5221
29190;48.3548;-4.7303
57620;49.1916;6.0068
34162;43.4730;3.5038
37172;47.4694;0.6589
27562;49.0940;1.4053
34146;43.6927;4.1101
50532;48.8042;-1.5302
59375;50.4112;3.2736
78255;49.0585;1.6361
85163;47.0087;-2.2623
41106;47.6084;2.0132
34336;43.3429;3.2400
73137;45.5704;5.9150
22209;48.5606;-2.1363
66016;42.4612;3.0995
83067;43.3201;6.3007
59414;50.3632;3.1780
14101;49.1733;-0.4217
28227;48.5762;1.5842
62764;50.3121;2.7968
35308;48.4351;-1.8877
44030;47.4325;-2.3317
67378;48.4609;7.7352
02361;49.8881;3.6413
33324;44.8116;0.2092
38412;45.3755;5.7804
33352;44.5793;-0.0315
16167;45.7158;-0.1843
88090;48.3747;6.2660
06032;43.7405;7.3985
62447;50.3630;2.0044
59301;50.4740;3.5206
63308;45.7575;3.0404
17218;46.2860;-1.0151
54174;48.7138;5.8731
31389;43.6434;1.5500
41047;47.6111;1.3577
91458;48.6613;2.2460
66227;42.6399;2.9104
24102;45.2097;0.6555
83150;43.6398;5.8468
60636;49.4815;2.8546
30223;44.1624;4.1539
78382;48.9987;2.0535
06122;43.7589;7.1408
77222;48.6400;2.7977
64393;43.2986;-0.5861
50601;49.0498;-0.9275
12052;44.5379;2.0810
38559;45.2139;5.4122
91534;48.7080;2.1542
34324;43.2574;3.2317
53084;47.8447;-0.9308
59477;50.5136;2.9111
91016;48.3100;2.0050
25434;47.1496;6.1493
64519;43.3745;-0.3606
66108;42.6894;2.7012
27049;48.9289;0.6860
91433;48.3976;2.1970
97102;16.4655;-61.4621
2A032;41.9357;8.8369
69052;45.8717;4.7018
68309;47.6428;7.4261
30075;43.8345;4.2676
35179;48.5204;-1.8696
2B123;41.9691;9.3445
84133;43.7676;5.5650
11429;43.2497;2.3663
82124;44.0395;1.2489
67281;48.1885;7.5677
67495;48.6570;7.6046
62401;50.5179;2.8112
31254;43.5392;1.5214
37063;47.5924;0.8925
62038;50.8469;1.9756
33099;44.7832;-0.4719
83033;43.2944;6.1971
97218;14.7690;-61.1204
30082;43.8343;4.2074
33213;44.6444;-0.5681
73006;45.5288;6.7268
86222;46.6873;0.4220
68162;48.1678;7.2160
31421;43.4654;1.3960
76711;50.0530;1.3718
80410;49.7518;3.0187
29236;47.8493;-3.6907
45235;47.9388;1.7989
24340;44.9031;0.3446
64405;43.3830;-0.2320
37123;47.3410;0.3808
17093;45.8814;-1.2166
87161;45.8514;1.5154
57628;48.9891;6.9817
84026;43.7636;5.3977
84038;43.7887;5.1243
24026;45.1285;0.8693
04242;43.8958;5.8576
35123;47.9621;-1.8430
80164;49.8998;2.3714
06064;43.8114;7.1241
16287;45.5764;0.0644
36031;46.8582;1.4060
30206;43.8770;4.4572
67324;48.9564;7.6442
53140;48.1286;-0.6860
54495;48.6911;6.2850
17283;45.5959;-0.5045
19073;45.4147;2.0299
57508;49.3410;6.0433
38261;45.7027;5.4536
15267;44.8792;2.4907
26037;44.8677;4.9398
22081;48.4621;-2.6533
83143;43.4455;6.0514
85213;46.6269;-1.3323
74267;45.8239;6.1304
91617;48.6187;2.5066
01376;45.8389;4.9581
59580;50.8039;2.5781
38548;45.0702;5.5548
86082;46.3056;0.2456
26197;44.8733;5.0351
38455;45.5640;5.2955
69228;45.6117;4.6396
19274;45.2360;1.5519
78168;48.7605;1.9190
31066;43.7788;1.6035
69066;46.1152;4.3658
80368;50.0913;1.5236
97226;14.4366;-60.8550
35251;48.2553;-1.6163
21317;47.5246;5.0664
45300;47.8367;2.0300
69133;45.6449;4.7840
13036;43.8431;4.8439
62688;50.3891;1.6689
67073;48.2804;7.3634
44113;47.5721;-1.6018
22118;48.4429;-2.0538
50002;49.1138;-1.1589
27112;48.8561;0.8776
26084;44.9877;5.0803
31460;43.5087;1.3953
50410;48.5681;-1.4776
78206;48.9461;1.9208
91333;48.6317;2.2665
62861;50.3570;2.8302
14191;49.3187;-0.4659
91457;48.5845;2.2577
13010;43.8946;4.7495
29037;47.8679;-4.2418
13083;43.9000;4.7990
89418;47.8602;3.9618
69179;45.5742;4.7382
03098;46.3568;2.6273
60446;49.1416;2.8329
25356;47.2518;6.7872
72155;47.8487;0.2926
57647;49.3042;6.1025
49332;47.0523;-0.9115
11145;43.2147;3.1759
35363;48.0288;-1.7015
76258;49.6510;0.6000
43041;45.0331;3.9492
13062;43.4125;5.4985
91249;48.6370;2.0683
17010;46.1068;-1.1057
29170;47.9557;-4.1703
43205;45.3465;4.3223
68287;47.9667;7.2759
41220;47.6522;1.6663
71499;46.6680;4.2795
67339;48.8933;7.9244
62826;50.5084;1.5989
29216;47.9557;-4.1703
83104;43.6398;5.8468
60104;49.6351;2.3029
77238;48.9061;3.1010
67551;48.5874;7.6642
73270;45.5740;6.1577
38126;45.2521;5.7666
77372;48.8817;2.7026
82075;43.8509;1.2924
30211;43.8162;4.4975
31396;43.3306;1.6295
68021;47.6331;7.4819
06112;43.6666;7.0091
34163;43.6245;3.7206
14658;48.8545;-1.0274
56175;47.6912;-2.9720
73215;45.4524;6.1665
77100;48.5045;2.8345
46127;44.7442;1.4111
35253;48.2908;-1.3947
59207;50.4242;3.5532
61007;48.7672;-0.5540
27428;49.1474;0.9580
56034;47.6056;-3.0890
26301;45.1245;4.9818
47209;44.2443;0.6855
35245;48.2249;-1.8678
59107;51.0709;2.5176
27116;49.1944;0.7092
67282;48.6255;7.4995
69114;45.9927;4.7014
41242;47.2869;1.5660
68043;47.8545;7.2586
72386;48.0235;0.2813
80725;49.8538;2.2270
35127;47.9621;-1.8430
44135;47.2704;-2.4322
54261;49.5187;5.7926
59592;50.4823;3.0601
26010;45.2622;4.8670
59302;50.3553;3.4436
61464;48.5848;0.1537
63125;45.7736;3.5814
06148;43.7527;7.0603
89345;47.9775;3.7182
44074;47.1984;-1.6716
44002;47.0608;-1.4565
91494;48.6039;2.3152
35327;48.1023;-1.4893
44216;46.9711;-1.4192
17168;45.9868;-1.0391
59266;50.5444;2.9810
51507;49.1199;4.8359
42285;45.5527;4.1191
59571;50.1807;3.5125
74293;46.3015;6.3206
78367;48.8814;2.0770
63019;45.8047;3.1842
68338;48.0591;7.2167
50139;48.9843;-1.0651
34169;43.6889;3.7997
13031;43.3765;5.5982
27469;49.2824;1.1142
59260;50.9782;2.5573
76366;49.5108;1.0727
77085;48.8362;2.7323
66140;42.7053;2.7653
60450;49.2166;2.2800
16061;45.7342;0.2660
33012;45.0421;-0.6866
34183;43.2899;3.1203
69285;45.7777;5.0376
69024;45.9428;4.5565
28348;48.7549;1.1618
45067;47.8905;1.7891
44149;47.4571;-1.5251
62604;50.6179;1.6260
89263;47.8491;3.5877
59092;50.2734;3.3180
61145;48.6167;-0.6190
44168;47.3719;-2.2432
32119;43.8574;0.1017
59002;50.3278;3.2977
54090;48.7582;6.1641
22203;48.3346;-2.7122
57412;49.1138;6.1789
04116;43.9943;5.9660
56118;47.7307;-3.3278
37226;47.0900;0.5995
95604;49.0843;2.5483
54039;48.4610;6.7642
85020;46.3692;-0.6138
74137;46.0031;6.2506
19005;45.2278;1.4588
30012;43.9188;4.6603
11116;43.2768;2.9753
30060;43.7920;4.3954
59340;51.0481;2.4550
35223;48.0150;-2.1072
29135;47.8250;-4.1879
77114;48.7235;2.6770
03013;46.5705;3.2797
83103;43.1530;5.9373
35004;48.4201;-1.5646
68321;47.8271;7.2528
17337;45.9760;-1.3242
63345;45.7251;3.0094
22190;48.5319;-2.0399
78327;49.0007;1.8405
78314;49.0237;1.7934
14738;49.1541;-0.4661
28359;48.7492;1.2374
44025;47.4278;-1.9602
06118;43.6478;6.8354
40296;43.7023;-1.3979
44049;47.2925;-2.5234
56097;47.7581;-3.1255
18267;47.0292;2.3225
44028;47.3787;-1.3831
82161;44.0449;1.4578
90075;47.6845;6.8406
01025;46.3162;4.9740
30128;43.7240;4.3588
33203;45.2055;-1.0628
34194;43.5651;3.5508
28110;48.3997;1.5217
67202;48.7485;7.5653
36046;46.6174;2.0384
56179;47.8545;-3.3877
82025;43.9543;1.3162
85018;46.9370;-2.0132
72329;48.0865;0.3127
29177;48.4284;-4.7157
50236;49.3265;-1.4925
60103;49.4380;2.2466
26333;45.1865;4.8800
12270;44.2997;3.0894
27103;49.3596;0.8321
16281;45.7401;0.3777
73171;45.5008;6.0585
44056;47.4416;-1.7888
95430;49.0668;2.2984
28279;48.6497;1.5083
83121;43.5715;6.2494
66148;42.5027;3.1045
71090;46.2282;4.7459
95504;49.1079;2.2847
37077;47.3410;0.3808
17461;45.6446;-1.0590
27299;49.0499;1.1747
44045;47.2931;-1.7746
59036;50.1317;3.9232
59428;50.1997;3.1983
69116;45.8309;4.7711
47145;44.1203;0.6542
28422;48.2900;1.6836
60500;49.0926;2.7510
56054;47.6382;-3.1589
38529;45.1312;5.8522
76164;49.5497;0.6877
59489;50.4428;3.0985
59390;50.3439;3.2030
65235;43.1908;0.0213
2A249;41.6455;8.8937
44150;47.1294;-1.5914
76222;49.4757;0.8813
27105;49.2823;0.8208
56061;47.7587;-2.1829
67222;48.9008;7.4721
85215;46.8660;-1.1942
58117;47.0382;3.0931
67345;48.7680;7.8609
34161;43.3338;3.0062
56231;47.7164;-2.6066
22186;48.5839;-2.5292
85039;47.0147;-1.1832
21603;47.4845;4.3373
72176;47.6593;0.1519
30209;43.9997;4.7649
62736;50.6197;2.7991
59514;50.2717;3.9991
60155;49.2665;2.3686
39434;46.8404;5.6855
44014;47.0608;-1.4565
76116;49.3789;1.2157
22054;48.6189;-2.4585
22206;48.5201;-2.9747
73151;45.5008;6.0585
34341;43.5060;3.6348
86100;46.5120;0.2989
38006;45.3351;6.1077
22258;48.4621;-2.6533
29209;48.5073;-4.4405
47004;44.3026;0.3688
66190;42.8238;2.8525
97225;14.7777;-61.1679
56066;48.1237;-3.6120
14020;49.1191;-0.1595
29140;48.3674;-4.3618
59309;50.9782;2.5573
59598;50.6577;3.2252
63245;45.9060;3.1230
69064;45.5037;4.7346
01320;46.2973;4.8755
22259;48.4429;-2.0538
48140;44.8172;3.2692
56001;47.6324;-2.1775
31573;43.6512;1.6466
59369;50.3038;3.4890
88429;48.0187;6.6060
38200;45.0940;5.7392
85046;46.6269;-1.3323
04152;43.8068;5.7227
77315;48.9197;2.8032
69227;45.6632;4.5502
77040;48.5292;2.5398
35337;48.3292;-1.8850
51559;49.1559;4.5429
80570;49.7772;2.5059
77181;48.8198;2.7093
77389;48.5230;2.6783
35168;47.9061;-2.0001
78402;48.9531;1.7830
38374;45.6400;5.3810
84065;43.7644;5.2500
49193;47.1333;-0.8941
29197;48.0139;-4.4846
54415;48.9845;5.9910
17021;45.7469;-1.1237
45142;47.9621;2.1737
57224;49.0823;6.7332
60172;49.1449;2.4708
14699;49.3302;0.0982
78003;48.5044;1.8580
94070;48.7320;2.5592
25463;47.3948;6.7294
54270;49.4957;5.8557
97202;14.4987;-61.0724
35204;48.0490;-1.5199
68270;47.7768;7.2881
29171;47.8679;-4.2418
44115;47.3766;-1.2852
54314;49.4761;5.7554
50639;48.8293;-1.2184
62019;50.4343;2.7199
77413;48.8893;2.8663
2A130;41.8438;8.8589
60667;49.2959;2.7177
61293;48.4945;0.5865
54076;48.5376;6.3927
56013;47.6912;-3.1197
39526;47.0404;5.4006
44122;47.4571;-1.5251
88487;47.9435;6.5170
44063;47.0758;-1.2631
91085;48.5492;2.2126
2B251;41.9933;9.3078
31299;43.4560;1.2849
16089;45.6930;-0.3423
35099;48.0490;-1.5199
30135;43.7802;4.5823
06011;43.7086;7.3319
27090;49.2917;0.9245
42099;45.3845;4.2606
49086;47.2756;-0.4770
60537;49.4914;2.9770
74229;46.3015;6.3206
49298;47.4199;-0.7442
62894;50.7598;1.6624
77378;48.5292;2.5398
30350;43.9709;3.5790
54451;49.4993;5.7575
16138;45.6637;0.0767
44161;47.5092;-2.0089
35219;47.7981;-1.9715
85197;46.8969;-1.3585
83048;43.1957;6.5853
84064;44.2941;4.6780
88075;48.0183;6.9256
09185;43.2306;1.6789
56247;47.7164;-2.6066
72328;48.0582;0.2222
76655;49.8337;0.7274
67212;48.5566;7.6446
01450;45.8985;5.1634
29006;47.9011;-4.0929
59284;50.4209;3.3754
22198;48.7802;-3.5303
13059;43.6244;5.5229
88486;48.0217;6.7445
14068;49.2432;-0.3368
17380;45.6577;-1.1021
42225;45.5337;4.6010
45145;48.0888;2.8658
62863;50.5179;2.8112
49283;47.4199;-0.7442
73150;45.5288;6.7268
67176;48.9564;7.6442
84078;44.2431;4.7249
74082;46.1149;6.1045
77420;49.0376;2.6801
27507;48.9046;1.2730
79061;46.2792;-0.2370
27638;49.2357;0.9352
35189;48.1574;-1.6918
63214;45.6564;3.1814
08490;49.3760;4.6848
13118;43.5611;5.2544
57143;49.2730;6.0932
82013;43.8709;0.9947
83029;43.6294;6.7167
22343;48.7802;-3.5303
88415;48.0187;6.6060
40304;43.6644;-1.3945
06038;43.6649;6.9797
74019;45.9600;6.1586
33065;44.8258;-0.5133
01263;46.0870;4.7961
31287;43.3609;1.2764
72024;48.0692;0.1365
33018;44.9990;-0.3983
06136;43.9118;7.4342
91115;48.5995;2.1771
69238;45.6217;4.4891
77335;48.9688;2.8438
66002;42.6141;2.9637
22211;48.7116;-3.4694
40036;43.6513;-1.2931
73003;45.5172;6.4637
62080;50.0847;2.8521
38378;45.4369;4.7803
69127;45.7790;4.7017
16192;45.8834;0.5712
37163;47.4513;1.0208
45115;48.0463;3.0178
55463;48.9104;5.5708
73030;45.6156;5.9977
47215;44.4078;0.7120
42052;46.1513;4.1615
45269;47.8999;1.6507
17146;45.8465;-0.9577
95509;49.0485;2.5187
22183;48.1328;-2.6009
42259;45.5337;4.6010
70245;47.9015;6.4130
24064;45.3490;0.6146
67061;48.8221;7.4333
66212;42.7538;3.0084
44089;47.3430;-1.9354
74104;45.7729;6.2585
77482;48.3779;2.9643
81273;43.5760;2.1908
33474;44.6444;-0.5681
49215;47.1403;-0.1327
82079;43.9206;1.4091
59504;50.3090;3.3090
2A272;41.5807;8.9394
39470;46.5031;6.0229
45247;47.9535;2.6969
13072;43.4664;5.6123
30263;43.9523;3.8724
62297;50.7991;2.1603
85071;46.7171;-1.7876
24352;45.2430;0.3402
59361;50.3113;3.3579
29179;48.5614;-4.3236
78043;48.8368;2.0813
91232;48.4761;2.3434
29003;48.0455;-4.6319
29011;48.4223;-4.5512
42168;45.4392;4.6915
85065;46.8660;-1.1942
14117;49.2648;-0.1438
34111;43.8815;3.6618
86163;46.6367;0.4088
19153;45.2879;1.3971
25547;47.5315;6.8535
57106;49.3089;6.5075
63455;45.6733;3.1636
78310;48.8060;1.6253
97204;14.7114;-61.1641
29165;47.8211;-4.2282
76377;49.5060;1.1563
36005;46.7523;1.9087
33234;44.7832;-0.4719
97111;16.3035;-61.7800
63042;45.8280;3.0732
31358;43.7314;1.5789
83057;43.3885;6.3014
56140;47.9164;-2.8140
72039;48.1973;0.4291
29101;48.5578;-4.5414
85129;46.8032;-1.4595
40224;43.5734;-1.1103
72200;47.9139;0.2100
86294;46.6225;0.1223
68218;47.7338;7.2655
10321;48.2774;3.9870
29162;48.2520;-3.9568
57159;49.0811;6.5483
62573;50.4883;2.8477
30276;43.5628;4.2202
25228;47.5060;6.8741
58088;47.0136;3.1966
24309;45.1226;0.4155
49220;47.7052;-0.3825
44223;47.0608;-1.4565
49278;47.4268;-0.5428
18050;47.0292;2.3225
26250;45.0726;4.8825
2A006;41.9751;8.7751
69163;45.9067;4.7799
38157;45.5202;4.9849
55291;48.6841;5.3388
77155;48.8817;2.7026
35040;48.0976;-1.9460
44068;47.5092;-2.0089
2B207;42.4502;9.4730
74128;46.1508;6.4005
27226;49.3313;1.5942
32208;43.9634;0.6069
59585;50.5712;3.0678
72054;48.0205;0.3631
42234;45.5307;4.3812
76624;49.8421;1.2420
60223;49.4441;2.6340
29302;48.2800;-4.1076
02064;49.3519;3.3202
30123;43.7168;4.1719
33274;44.6444;-0.5681
06130;43.7156;6.8480
64038;43.4436;-1.5256
85262;46.9925;-1.5072
17086;45.7222;-0.4962
29027;48.1598;-3.8234
35266;48.0164;-1.6442
30305;44.1624;4.1539
58121;47.0382;3.0931
70120;47.7310;6.7268
41149;47.7461;0.7846
27230;48.8602;1.3879
28070;48.4965;1.4545
76276;49.6189;1.5439
22194;48.6314;-3.6040
71120;46.2126;4.3209
64237;43.2679;-0.3985
61397;48.4294;0.0883
61474;48.7674;0.1431
80674;49.9106;2.3396
07346;44.4662;4.6372
76599;49.4576;1.2091
37031;47.2863;0.1767
33293;44.9121;-0.4022
38377;45.5700;5.4529
77257;49.0212;3.0501
97313;4.8095;-52.5097
27528;49.2628;1.2135
34244;43.6617;4.0211
58160;46.9842;3.0928
38400;45.3231;5.5681
34037;43.3796;3.2634
34051;43.6139;3.3803
46224;44.4542;1.4651
34087;43.5604;3.7055
08480;49.7590;4.7131
38013;45.3573;5.4802
41151;47.3654;1.2039
85223;46.5617;-1.0316
28012;48.1142;1.1182
63263;45.7871;2.9976
74303;45.9600;6.1586
56151;48.0812;-2.8608
87126;45.7932;0.8095
17197;45.4260;-0.4052
38315;45.5317;5.6544
44051;47.6830;-1.6032
14689;48.9914;-0.4099
71221;46.7976;4.7275
45098;47.7881;1.7861
68201;47.7995;6.9577
85190;46.9264;-1.5008
95370;49.1531;1.9923
44137;47.3430;-1.9354
21452;47.2975;5.1213
43089;45.0563;3.8645
29030;48.6605;-4.1246
31048;43.4581;1.5834
60482;49.1407;2.5097
25048;47.5134;6.7287
33473;45.1523;-0.4789
34147;43.4960;3.1922
83119;43.2621;6.6634
03236;46.2217;3.4472
62534;50.6841;2.0790
64511;43.3794;-0.4500
32462;43.7476;0.2632
33330;44.8448;-0.4370
29247;47.9126;-4.0204
13076;43.8182;5.0027
29015;48.5073;-4.4405
57413;49.1192;6.6493
13038;43.7233;4.7225
26271;45.0726;4.8825
01265;46.1732;5.5646
35088;47.9720;-1.4946
51474;49.2504;3.9606
79355;46.2556;-0.3657
77450;48.6936;2.6318
84036;43.9279;4.9430
59037;50.1915;3.3766
81222;43.8198;2.2263
12174;44.3663;2.4853
04197;43.7711;5.7585
40317;43.6513;-1.2931
01014;46.2469;5.6523
01224;45.8283;5.1533
29185;48.6195;-4.2071
57616;49.1174;6.2035
16090;45.5885;-0.0877
52353;48.0322;5.3092
85238;46.9743;-0.9271
03298;46.3047;3.4530
05070;44.2953;5.8168
79109;46.3957;-0.4250
33501;44.6444;-0.5681
81218;43.8945;2.1798
69131;45.6837;4.6415
38389;45.5630;5.0903
59005;50.5420;2.9480
58079;47.4642;3.4920
14342;49.3177;-1.0550
33165;44.8448;-0.4370
35227;48.1849;-1.9335
77437;49.0300;2.8082
83032;43.4971;6.1512
14220;49.3302;0.0982
71059;46.8253;4.4917
36202;46.7938;1.5983
77394;48.5739;2.6988
87011;46.1044;1.0435
38138;45.7153;5.2700
44012;47.0707;-2.0061
54549;48.6421;6.3587
01032;45.8283;5.1533
35013;47.6976;-2.0583
51380;48.8663;3.5945
30274;44.1624;4.1539
91129;48.4761;2.3434
28168;48.5412;1.6913
34209;43.3127;3.3202
35150;48.3600;-1.1890
56119;47.6912;-3.1197
66003;42.4917;2.6343
30210;43.8845;4.0279
13065;43.7008;4.8907
59398;50.5306;3.1091
63453;45.7741;3.2953
01031;46.2469;5.6523
59067;50.9638;2.4340
18087;46.9117;2.6018
66069;42.8238;2.8525
43177;45.3027;4.2906
90032;47.5946;6.8817
08491;49.7370;4.8564
81156;43.9344;2.0310
85280;46.8368;-1.8927
31454;43.4033;1.0988
74143;45.9075;6.7975
34052;43.3338;3.0062
46128;44.7803;1.6965
66196;42.5222;2.9765
67529;48.7056;7.8081
38247;45.8231;5.3749
49292;47.2427;-0.6678
42299;45.6194;4.0612
25304;47.4028;6.8756
29057;47.9209;-3.9678
60575;49.2850;2.2441
77107;48.6400;2.7977
68156;47.8970;7.2239
38061;45.3696;5.5987
44155;47.0409;-1.6416
37054;47.4694;0.6589
43112;45.0667;3.4902
56058;47.5390;-2.2754
73257;45.3533;6.4973
59314;50.3694;3.3383
54254;49.4963;5.8072
73154;45.6747;6.3695
74276;46.1230;6.6005
67154;48.4189;7.6659
09324;43.0413;1.6293
50076;48.8970;-1.5246
73181;45.3740;6.5315
17058;45.8471;-1.1336
85108;46.8969;-1.3585
62489;50.5202;2.5488
72260;47.9139;0.2100
63338;46.1866;2.8334
84030;44.1247;5.1071
65062;43.1996;0.1381
64061;43.4095;-0.5548
91390;48.3165;2.0835
07331;44.7013;4.3424
16097;45.7599;-0.3461
62744;50.3121;2.7968
38439;45.3571;6.0451
44032;47.1651;-1.2711
45272;47.8147;1.9599
33333;44.9228;-1.0847
60178;49.6179;2.0953
56040;47.8545;-3.3877
17194;46.1422;-1.0114
32256;43.4788;0.4383
67256;48.6487;7.7017
74241;46.1757;6.4913
89460;48.3152;3.0893
01138;45.8544;5.7656
85034;46.6440;-1.1843
33381;44.7419;-0.4378
59581;50.6868;2.7694
01049;45.8725;5.0405
15120;45.2470;2.3376
16292;46.0169;0.2464
60151;49.4423;2.8962
97310;4.4647;-52.5129
17409;45.6547;-1.0122
30227;44.2404;4.2200
62848;50.4980;2.6324
12013;44.5335;2.2559
86133;46.5120;0.2989
14456;49.1191;-0.1595
14712;49.1819;-0.1528
37014;47.2507;0.4731
59158;50.4757;3.2469
49060;47.2534;-0.0966
60012;49.2741;2.1670
43190;45.0331;3.9492
06126;43.8396;7.2405
29272;47.9523;-3.8412
46251;44.8464;1.9089
56244;47.8268;-2.4980
68249;48.1153;7.1353
14137;49.1866;-0.4508
34333;43.4718;3.7773
85070;46.7171;-1.7876
29049;48.0256;-3.8883
38384;45.3270;5.3635
26218;45.0709;5.0595
56046;47.6305;-3.0007
37281;47.4343;0.8229
88408;47.9276;6.6773
38451;45.7153;5.2700
90039;47.6367;6.8122
01269;46.1732;5.5646
22213;48.5319;-2.0399
85295;46.9707;-1.2738
34135;43.2733;3.1699
64100;43.4436;-1.5256
44117;47.1651;-1.2711
17360;46.1563;-1.3216
63050;45.4492;3.3416
01159;46.3546;4.8887
35033;47.9479;-1.7176
68126;47.5444;7.4724
01024;46.3400;5.1330
06046;43.8396;7.2405
33448;44.6444;-0.5681
44094;47.3000;-1.4503
77005;48.9494;2.7161
59331;50.1133;3.7395
2B346;42.4856;9.4574
29147;47.8874;-3.5077
38170;45.2676;5.6962
69249;45.6837;4.6415
59322;50.2279;3.3147
40283;43.7691;-1.0741
45327;47.9894;2.0821
06007;43.6123;6.9117
84147;43.7075;5.4312
13101;43.4053;5.5312
43251;45.0229;3.8654
78683;48.8210;1.8813
31303;43.3609;1.2764
37243;47.3428;0.5581
30010;44.0718;3.9753
89309;48.3049;3.2038
83059;43.3190;5.9894
44102;47.0608;-1.4565
66168;42.5222;2.9765
40202;43.6808;-1.0321
41150;47.5556;1.5404
49127;47.6620;-0.2693
77463;48.4043;2.7805
29191;48.4665;-3.6845
78501;49.0237;1.7934
31574;43.4393;1.4459
56144;47.9164;-2.8140
55181;49.1964;5.5975
22282;48.6034;-2.2485
29146;47.9523;-3.8412
62464;50.4883;2.8477
01333;45.9283;4.9273
11370;43.2268;3.0836
37115;46.9873;0.7032
78118;48.9658;1.6466
57144;49.1440;6.8230
82096;44.0395;1.2489
31541;43.6853;1.3372
56137;47.7164;-2.6066
77121;48.8281;2.6776
13089;43.8325;4.9439
62755;50.6825;1.6683
2A001;41.9751;8.7751
38332;45.3573;5.4802
35162;48.4830;-1.1863
57260;49.1484;7.0121
77042;48.8250;3.1631
77276;48.9417;2.8923
22182;48.5201;-2.9747
2A041;41.4356;9.1856
33108;44.8383;-0.0395
67291;48.8788;7.6787
62571;50.4527;1.6077
67045;48.4894;7.5274
91111;48.6224;2.1413
41173;47.8835;1.4868
72051;47.8261;0.1010
60143;49.2430;1.8875
61484;48.2308;0.7439
25204;46.9030;6.3641
38071;45.0940;5.7392
60589;49.2239;2.4592
66224;42.7258;2.9770
29239;48.7120;-3.9889
38039;45.2307;5.9478
41167;47.5039;1.1673
60513;49.2147;2.3543
69268;45.6449;4.7840
95149;49.1142;2.3984
30004;43.7344;4.1905
66133;42.5222;2.9765
01072;46.2067;5.3861
50546;49.0496;-1.1752
59316;50.5700;2.9940
14325;49.2791;-0.3123
44013;47.4266;-2.1009
62902;50.6952;2.2275
77175;48.6689;2.6574
95256;49.0504;2.2060
17429;45.9140;-1.0353
29055;48.5614;-4.3236
33004;45.0120;-0.5489
29161;47.9126;-4.0204
44185;47.6182;-2.0012
63302;45.7124;3.1589
57483;48.9250;6.6294
69284;45.8692;4.8354
44061;47.2109;-1.9943
79005;46.8218;-0.1365
31263;43.3915;1.3691
34134;43.5849;3.8016
34159;43.4718;3.7773
44145;47.1954;-1.8324
45258;48.1960;2.4368
26170;44.8733;5.0351
34272;43.6927;4.1101
57123;49.1614;6.7251
37151;47.4694;0.6589
26114;44.5059;5.1219
30036;43.7617;4.2887
38175;45.2307;5.9478
43185;45.4004;3.3095
22266;48.2419;-3.3106
27554;49.0940;1.4053
2A271;41.9751;8.7751
25230;47.4882;6.8459
45127;48.1480;2.7742
14384;49.3083;-0.3574
60508;49.3126;2.6006
50215;49.1045;-1.5682
29023;48.6547;-3.9140
44033;47.3430;-1.9354
33327;44.5871;-0.4188
45308;47.9620;1.9552
44079;47.2258;-1.2955
74040;46.1809;6.3073
44156;46.9200;-1.6109
65331;43.1968;0.0668
76005;49.4044;1.1245
10265;48.3033;4.0411
39362;46.6552;5.5739
45282;47.8140;1.8769
56031;47.7974;-3.0112
38064;45.5700;5.4529
59319;50.9731;2.4560
62361;50.2805;2.2855
81219;43.5606;2.0205
74200;46.3699;6.6553
01457;46.2213;4.9820
16199;45.6754;0.2663
77322;49.0376;2.6801
31293;43.7089;1.3964
78442;48.8210;1.8813
50402;49.5227;-1.7886
59053;50.3077;3.8084
74211;46.1145;6.2566
04245;43.8710;5.8315
37015;47.3461;0.8600
76482;49.8714;1.0527
82002;44.0817;1.4484
10003;48.2495;3.8367
29169;48.0794;-4.1664
57102;49.2881;6.2103
85114;46.4272;-1.5762
12264;44.4071;2.6313
27493;49.3347;1.2544
79013;47.0026;-0.4675
80131;49.8342;2.3995
88009;48.2059;6.9566
11049;43.2499;2.0646
34127;43.6111;4.0200
56033;47.8192;-2.1439
2B134;42.6071;8.9163
42182;46.0411;3.8858
66012;42.7060;2.8202
09312;43.1248;1.6040
28061;48.2085;1.1533
50400;49.3873;-1.2723
66094;42.6141;2.9637
34140;43.4587;3.1293
30255;43.9622;4.2750
49048;47.6143;-0.4759
85097;46.9612;-1.0596
91468;48.5608;2.4196
22325;48.6280;-2.8836
35220;47.9720;-1.4946
10357;48.2983;4.1549
77493;48.6400;2.7977
17240;45.3143;-0.4056
59292;50.3533;3.4032
80318;50.0231;2.0846
74159;46.0342;6.6184
10060;48.2564;4.1062
37203;47.4343;0.8229
69136;45.5742;4.7382
37225;47.3461;0.8600
2B353;42.7170;9.4266
05179;44.5486;5.8936
59256;50.5660;3.1352
71336;46.7127;5.0019
06140;43.6478;6.8354
28196;48.3277;1.2582
50550;49.1348;-1.4186
59476;50.1420;3.1601
03094;46.1385;3.5187
07078;45.2575;4.7080
31186;43.6948;1.4549
67463;48.9169;8.0948
06128;43.6959;7.1209
44176;47.3305;-2.1537
72146;47.9139;0.2100
02684;49.9230;4.1691
17140;45.9096;-1.2576
57368;49.3410;6.0433
31205;43.7089;1.3964
71150;46.2495;4.7841
88087;48.1845;6.4853
16341;45.6396;0.1102
25532;47.1990;6.0774
83008;43.4959;6.7561
29188;48.6746;-3.7940
46309;44.8876;1.5053
53161;48.1479;-0.5292
58151;46.9024;3.4638
28214;48.4394;1.0466
63099;45.8543;3.0924
12090;44.3663;2.4853
24256;45.1553;0.6277
72191;47.7504;0.2764
38457;45.3124;5.2834
57226;49.3593;5.9917
64417;43.1417;-0.2429
07066;44.6930;4.6834
50256;48.6213;-1.1827
60107;49.4052;2.4292
58134;46.9269;3.2989
59550;50.5369;2.8456
69121;45.8717;4.7018
33085;44.7832;-0.4719
69117;45.8717;4.7018
17230;45.5730;-0.9478
41212;47.5967;1.4174
11369;43.2768;2.9753
69298;45.6517;4.9907
17222;46.2222;-1.1457
33389;45.2724;-0.6254
56161;47.6912;-2.9720
25632;47.4766;6.7673
53077;47.9490;-0.9240
56130;47.7670;-3.2429
12056;44.2886;2.4291
30295;44.0258;4.4117
38148;45.5700;5.4529
61391;48.7672;-0.5540
09194;43.0872;1.8537
49192;47.0354;-0.6819
55505;49.1721;5.3382
47233;44.5339;0.0738
59206;50.1987;3.2871
40313;43.8530;-0.7905
84142;43.9615;5.0267
33478;45.0165;0.0067
49343;47.0523;-0.9115
50419;48.9717;-1.4710
88468;47.8910;6.7861
29163;48.4944;-3.8985
56127;48.0681;-2.3139
77419;48.4048;2.8508
59068;50.1991;3.7943
31364;43.6948;1.4549
70207;47.6011;6.1559
17228;45.7056;-0.8998
44023;47.4416;-1.7888
77259;49.0376;2.6801
18108;46.9399;2.9688
85031;46.7872;-0.9443
89346;47.8006;3.5635
17161;46.1793;-1.3214
73124;45.6747;6.3695
77099;48.1730;2.6493
29266;48.4944;-3.8985
22214;48.7387;-2.9790
05040;44.5501;6.2567
32147;43.6252;0.8822
50165;48.8510;-1.5728
91099;48.4348;2.3789
59479;50.4027;3.6278
33179;44.9903;-0.2766
69296;45.6221;4.8462
07055;44.8260;4.7518
57659;49.2014;6.9491
40243;43.9280;-0.9159
63210;45.9054;3.3618
33022;45.0106;-0.8591
43078;45.0331;3.9492
22147;48.1983;-2.3941
03138;46.2073;3.6605
88158;48.0930;6.6201
04230;43.8472;5.9595
57441;49.3768;6.1377
85294;46.3564;-1.4311
74067;45.8838;6.0493
40233;43.6179;-0.9945
88319;48.3848;6.9175
69294;45.6221;4.8462
34289;43.3922;3.4001
44037;47.1278;-1.4012
95026;49.1142;2.3984
24098;45.1801;0.7669
66176;42.8073;2.9736
83127;43.2774;5.8573
59015;50.2865;3.1114
83018;43.3399;6.1778
83094;43.3510;6.5910
14370;49.2420;-0.9556
34310;43.4587;3.1293
69207;45.9067;4.7799
95641;49.0843;2.5483
59104;50.2946;4.0474
97108;15.9204;-61.2297
30179;43.8752;4.5919
67474;48.9439;7.8821
78431;48.9218;1.9621
76591;49.4576;1.2091
38511;45.3560;5.9182
85004;46.3871;-1.4007
39013;46.9334;5.7581
89013;47.8663;3.5206
16085;45.8489;0.4052
43244;45.1188;4.2996
60068;49.2987;2.7947
63226;45.7492;3.2400
49299;47.0523;-0.9115
84017;44.1292;5.2345
91225;48.6546;2.4745
22172;48.5018;-2.2265
29181;48.4526;-4.2228
59564;50.3489;3.4752
76517;49.5060;1.1563
45179;47.7465;1.7157
49355;47.1052;-0.7504
66145;42.6000;2.7620
86095;46.6873;0.4220
33514;45.4932;-1.1097
68058;47.9213;7.1598
85160;46.6269;-1.3323
59012;49.9952;4.1180
67445;48.2954;7.4153
69087;45.8484;4.8566
74031;46.1149;6.1045
44088;47.1278;-1.4012
47069;44.2392;0.5517
73236;45.6016;5.6829
33417;45.0106;-0.8591
40261;43.6513;-1.2931
54150;48.7978;6.1481
91579;48.5371;2.3234
14752;49.0707;-0.6488
27306;49.0499;1.1747
31065;43.4033;1.0988
08185;49.9975;4.7285
09306;42.8458;1.5712
04094;43.7623;5.9164
60142;49.1471;2.5505
38182;45.4430;5.4017
47168;44.5995;0.3784
51612;48.8828;4.0352
54152;48.5376;6.3927
34225;43.3769;3.0467
45194;47.8950;2.0474
59146;50.6051;3.2044
01027;45.8283;5.1533
44054;47.7086;-1.3600
49160;47.4332;-0.8955
83085;43.5080;6.5511
44038;47.2109;-1.9943
64558;43.4633;-1.4078
68258;47.8417;7.2989
74070;46.3015;6.3206
31399;43.3609;1.2764
72350;47.8487;0.2926
77132;48.8632;2.7971
38075;45.4376;5.9891
45087;47.5591;2.6982
45273;47.8831;2.1536
17349;46.2523;-0.8119
44152;47.4266;-2.1009
27279;49.0961;1.5672
62666;50.4701;2.8700
24354;45.1356;0.0545
44133;47.1415;-1.7585
66175;42.5221;2.9071
17064;45.6938;-1.0553
60007;49.4052;2.4292
24311;45.5369;0.6442
69003;45.8692;4.8354
77176;48.7913;2.9964
81070;43.8337;1.6970
2B305;42.7170;9.4266
17172;45.5824;-0.6940
31375;43.2026;1.2352
42069;46.0190;4.1201
02243;49.4239;3.3840
77371;48.7913;2.9964
25240;47.0644;6.6102
64540;43.4633;-1.4078
59335;50.4802;3.3851
06150;43.7405;7.3985
28373;48.5730;1.0576
44116;47.2712;-2.0833
19063;45.1545;1.6031
29234;47.8874;-3.5077
31273;43.6865;1.5221
78233;48.8750;1.9692
41226;47.7959;1.0852
57690;49.0823;6.7332
95426;49.0143;2.2897
31088;43.5953;1.2297
14221;49.1829;-0.2637
84047;43.9044;5.4340
89055;48.0403;3.6306
07341;44.5772;4.4897
57242;49.2737;6.1347
88116;47.9567;6.8725
50582;48.7317;-0.9210
59193;50.6204;2.9512
73330;45.6800;5.7725
86123;46.5460;0.0877
40230;43.8185;-0.9590
50003;49.0383;-1.5811
22134;48.7941;-3.4413
23008;45.9608;2.1890
38431;45.2467;5.8265
57556;49.0412;6.9247
59466;50.5306;3.1091
85153;46.7876;-1.0546
55043;49.1794;5.3928
73103;45.6467;5.9232
95369;49.0071;2.3002
67112;48.5435;7.5328
87019;45.7856;1.3536
34176;43.6111;4.0200
76329;49.5851;0.5010
43162;45.2368;4.0063
31145;43.2904;1.5150
34249;43.7408;3.9985
57155;49.0970;6.3719
66106;42.4667;2.8308
68295;47.9789;7.3919
84118;43.9591;5.3734
80011;49.9236;2.2042
12033;44.4656;2.7071
42019;45.7453;4.0081
17190;46.2222;-1.1457
34178;43.4587;3.1293
62770;50.6043;2.5602
30278;44.0301;4.6901
45187;47.8858;2.5139
25560;47.2829;6.1216
85243;46.6285;-1.8448
2A362;41.7213;9.2668
69033;45.8484;4.8566
86113;46.5120;0.2989
65433;43.2062;0.0989
62711;50.7869;1.7574
80688;50.3005;1.6843
29215;47.9856;-4.3111
83012;43.5813;6.0334
85082;46.9003;-0.8937
34010;43.6986;3.5705
11304;42.8643;2.2143
59346;50.6306;3.0517
61508;48.8980;0.2183
47027;44.4078;0.7120
83088;43.3190;5.9894
86180;46.4622;0.4304
06010;43.7673;6.9485
31572;43.4393;1.4459
44050;47.4266;-2.1009
49294;47.4753;-0.6623
69049;45.8717;4.7018
64371;43.2027;-0.8933
68135;47.5444;7.4724
83138;43.6294;6.7167
54234;49.5332;5.6568
35263;48.6456;-1.9078
79130;46.2588;-0.5575
64147;43.3990;-1.2922
81288;43.4431;2.0782
31094;43.7788;1.6035
50359;48.6563;-0.9349
26206;44.8733;5.0351
57529;49.4301;6.0119
84001;43.9898;5.0884
03102;46.5135;3.6823
86092;46.9080;0.6258
69154;45.7592;4.6847
10349;48.3538;4.0002
61491;48.6389;0.7244
43025;45.2570;4.0935
18242;46.8298;2.8972
66174;42.6894;2.7012
70421;47.7021;6.0529
73225;45.5366;5.9992
72269;47.9301;0.7056
73043;45.7731;5.9348
77217;48.6689;2.6574
97216;14.7799;-61.0517
38144;45.5630;5.0903
62338;50.6197;2.7991
81209;43.5286;2.3974
90053;47.5384;6.9702
22020;48.2947;-2.2830
01399;46.3286;6.0306
57067;49.2881;6.2103
59660;50.6107;3.2437
79170;46.2343;-0.6556
83124;43.6294;6.7167
86263;46.5120;0.2989
62277;50.3894;2.9085
72241;48.0737;0.4086
84127;44.1940;4.8474
37250;47.2559;0.7040
61167;48.7988;0.4886
85038;46.8969;-1.3585
38225;45.1321;5.5278
01348;46.1670;4.8460
22210;48.8054;-3.0449
34166;43.4167;3.3147
24223;44.8500;0.7304
31253;43.4560;1.2849
44192;47.2109;-1.9943
56153;47.5390;-2.2754
72138;48.3093;-0.0220
35282;48.2908;-1.3947
30019;43.8069;4.1014
64453;43.2250;-0.0930
22197;48.5061;-1.9481
88078;48.2228;6.6981
88114;48.1820;5.8074
42224;45.3345;4.4273
07231;44.6053;4.4022
16286;45.7890;-0.0524
21295;47.2087;4.9017
26085;44.4972;4.7673
01288;46.2145;5.9582
29210;48.6000;-4.0074
03001;46.1075;3.4543
52250;48.4375;5.1425
29279;48.6115;-3.9061
59589;50.2929;3.4461
42011;45.8328;4.1865
42165;45.7937;4.3291
49002;47.3051;0.0400
18018;47.0139;2.7020
73300;45.7110;5.9421
76159;49.7753;0.6404
86019;46.7615;0.4375
90052;47.7547;6.8332
40134;44.1864;-0.9434
53007;48.0753;-0.6090
01378;45.8985;5.1634
81033;44.0429;2.1487
59429;50.2905;3.3509
87178;45.8977;1.3959
25127;47.1934;6.8179
33554;44.8448;-0.4370
07076;44.6563;4.7561
60029;49.3553;2.0057
63262;45.7124;3.1589
50523;49.3873;-1.2723
11279;43.2601;2.3020
35224;48.5204;-1.8696
71512;46.6466;4.8496
80680;49.8050;2.6838
44108;47.1651;-1.2711
74173;45.8403;6.6121
77210;48.3779;2.9643
44010;47.2847;-2.4739
45104;48.0454;2.7194
02334;49.9537;3.4196
51217;49.0741;3.7149
56263;47.6912;-2.9720
57288;49.1849;6.6311
77409;48.3779;2.9643
07181;44.7698;4.7362
42023;45.3043;4.5495
56041;48.1490;-3.0859
56174;47.9164;-2.8140
42056;45.4392;4.6915
44022;47.0758;-1.2631
57724;49.2730;6.0932
19010;45.0884;1.9258
33533;44.5338;-0.2659
86226;46.5622;0.5200
42092;45.4919;4.3817
38519;45.6158;5.0379
34165;43.5060;3.6348
60462;49.3441;2.1588
72244;47.8158;-0.2997
24551;45.4312;0.9255
38012;45.5535;5.5703
26307;44.9670;5.2827
69299;45.7180;5.1032
45126;47.9621;2.1737
63272;45.7454;3.1314
64138;43.2456;-0.2824
37270;47.4343;0.8229
44183;47.3440;-2.4163
56222;47.8315;-2.7272
86076;46.7015;0.1582
67169;48.7680;7.8609
68348;47.7995;7.0924
22364;48.4429;-2.0538
82087;44.1184;1.2987
59080;50.4757;3.2469
74289;45.8870;5.9437
77393;48.6872;2.9734
10034;48.1160;4.4309
62480;50.4989;2.6860
17155;45.7234;-1.0991
56194;47.6324;-2.1775
37008;47.3461;0.8600
59156;50.3521;3.0555
91135;48.5148;2.4546
13003;43.7076;5.1508
97203;14.8475;-61.1460
09265;43.1248;1.6040
73157;45.2495;6.7722
89338;48.1970;3.2892
35284;48.5818;-1.9366
33268;45.0421;-0.6866
85001;46.3132;-1.2871
22237;48.5018;-2.2265
49333;47.5413;-0.3344
61096;48.5524;-0.3961
01238;45.9478;4.8058
01304;46.0747;5.3139
17336;45.7619;-0.7171
88181;48.1335;7.0099
01007;45.9756;5.3431
16393;45.7923;0.1229
34307;43.7408;3.9985
59523;50.5877;3.1633
31345;43.3507;1.4503
33540;45.3397;-1.1005
60116;49.3234;2.3236
02305;49.1936;3.5598
29060;47.9011;-4.0929
48080;44.6949;3.7984
29040;48.3548;-4.7303
62188;50.5326;2.4624
35221;47.8366;-1.7059
62037;50.3121;2.7968
41067;47.4203;1.4396
49269;47.0523;-0.9115
62023;50.5321;2.5048
35090;47.8914;-1.5882
43152;45.0563;3.8645
76101;49.8828;1.5974
76302;49.6526;0.3995
83125;43.4794;5.8414
83108;43.3190;5.9894
26179;45.0726;4.8825
66009;42.4640;2.5709
76146;49.5595;1.3516
19276;45.4534;1.5848
34081;43.2899;3.1203
56057;48.0259;-3.4753
57428;49.0823;6.7332
70467;47.8605;6.2465
76367;49.5108;1.0727
65226;43.2412;0.0001
31004;43.4581;1.5834
33233;45.1008;-0.3571
49026;47.5235;-0.8403
61230;48.5268;0.7998
14274;49.1541;-0.4661
44127;47.0608;-1.4565
54462;48.6421;6.3587
72344;47.9648;0.1246
85135;46.5446;-1.2156
33248;45.0106;-0.8591
56197;47.9420;-2.3584
62291;50.4356;2.8203
59659;50.0125;4.0070
07064;44.8862;4.4065
59258;50.5246;3.1853
54138;49.5244;5.7294
85112;46.5499;-1.7839
49054;47.5742;-1.0331
30356;43.8071;4.4346
04149;44.0250;5.9227
49163;47.5413;-0.3344
28337;48.4570;1.2308
36093;46.9845;1.6365
44077;47.4983;-1.3341
91359;48.3727;2.3581
02304;49.6765;3.3923
29153;47.8154;-3.7758
37006;47.2480;0.6141
02360;49.4580;3.9681
74007;46.0625;6.3190
28116;48.4570;1.2308
41198;47.2569;1.3408
28298;48.5762;1.5842
25614;47.5315;6.8535
31420;43.5087;1.3953
57752;49.0788;7.0059
60286;49.6664;1.9467
10006;48.5835;4.1609
62224;50.5563;2.5675
50168;48.6305;-1.3132
60616;49.3415;1.8240
85221;46.9370;-2.0132
17308;45.8465;-0.9577
25315;47.4568;6.5762
72090;48.0815;0.5088
53152;47.9627;-0.5836
66186;42.6622;2.9870
78420;48.7796;1.7946
50565;48.7284;-1.4599
29217;47.8719;-3.7655
66014;42.7456;2.8057
13052;43.8235;4.7850
83001;43.4959;6.7561
72320;48.0692;0.1365
77048;48.3348;2.7012
71106;46.4335;4.2963
22161;48.5849;-3.1473
24299;45.0344;0.3444
52550;48.5070;4.9537
57177;48.8147;6.7559
27051;49.0700;0.8168
69007;45.5037;4.7346
35287;48.6199;-2.0954
33496;44.8448;-0.4370
57289;49.0604;7.0468
86272;46.8415;0.4555
64504;43.3310;-1.5780
13067;43.7796;5.0237
24291;45.0533;1.1586
83056;43.5889;6.5499
50292;49.1154;-1.2554
65025;42.9460;-0.1636
53137;48.0269;-0.9624
60665;49.4314;2.8085
72080;48.1855;0.6263
84069;44.1923;5.1675
56017;47.9164;-2.8140
66053;42.5131;3.0728
97312;5.2368;-53.0078
59525;50.0919;4.0256
38357;45.5535;5.5703
56172;47.8390;-2.6477
54533;49.3223;5.9443
57642;49.1183;6.0836
38205;45.0702;5.5548
51660;49.3507;4.1591
63148;45.9061;3.2350
21663;47.5309;4.5262
69118;45.5742;4.7382
01266;46.3400;5.1330
07197;45.2521;4.6444
24225;44.8328;0.3709
77061;48.3779;2.9643
95014;49.0071;2.3002
01301;46.2413;5.1155
36034;47.1964;1.6976
64304;43.4633;-1.4078
22262;48.4126;-2.9253
80724;49.8538;2.2270
34024;43.4558;3.6939
70451;47.7163;6.6345
67216;48.3535;7.5943
19072;45.2360;1.5519
26011;44.7390;5.0687
08488;49.7465;4.8136
67434;48.9453;7.0590
76752;49.6677;0.9084
16106;46.0339;0.7003
77533;48.4316;2.7693
26004;44.9877;5.0803
33219;44.9990;-0.3983
54111;48.6426;6.0850
59128;50.6327;3.0430
79162;46.3100;-0.5581
33123;45.1008;-0.3571
67156;48.7373;7.7018
85204;46.8295;-1.6705
41032;47.4833;1.3249
07337;45.2575;4.7080
76270;49.5515;0.1848
94056;48.7019;2.5546
95580;49.0843;2.5483
67397;48.3174;7.6818
11272;43.1507;2.3829
34320;43.6245;3.7206
28007;48.8653;1.4846
68352;47.9980;7.5293
34063;43.5050;3.3671
37022;47.2194;0.2097
85214;46.6075;-1.6572
41031;47.4833;1.3249
86233;46.5477;0.6875
91649;48.5526;2.3660
11269;43.2768;2.9753
33466;44.8431;-0.3283
57481;49.2108;6.0402
67523;48.8325;7.8204
41211;47.3654;1.2039
44024;47.1597;-1.7010
87014;46.1128;1.3801
89003;47.8527;3.3103
30042;44.0718;3.9753
38072;45.3657;4.8683
38276;45.5640;5.2955
77159;48.4788;3.1219
35109;48.0412;-1.1357
24222;44.9031;0.3446
67268;48.4904;7.6751
38388;45.0222;5.6567
61483;48.5526;-0.4715
67283;48.6856;7.3662
26006;44.7390;5.0687
40168;43.7629;-1.2764
44178;47.1059;-1.8530
28191;48.5762;1.5842
34274;43.7838;3.6963
66059;42.6141;2.9637
33109;44.6904;-0.4436
38408;45.6158;5.0379
33143;44.9990;-0.3983
02290;49.0643;3.3913
59389;50.1049;3.2016
95566;49.1142;2.3984
35167;47.8326;-1.3053
43211;45.1458;4.1487
77219;48.8616;2.9501
62706;50.5924;2.7078
69076;45.8717;4.7018
83065;43.2395;6.5858
69241;45.6117;4.6396
44125;47.3737;-2.4899
2B049;42.4958;8.7998
56126;47.5390;-2.2754
95058;49.1610;2.2643
59611;50.6825;3.0008
72300;48.0205;0.3631
08090;49.6542;5.1922
30117;43.7802;4.5823
74118;46.1887;6.2470
41280;47.3812;1.7661
71540;46.7456;4.4806
69148;45.6693;4.7362
95527;49.0064;2.5140
10064;48.4013;4.5341
59486;50.4161;3.1417
53271;48.3269;-0.2436
33081;44.6408;-0.2811
43087;45.2180;4.4027
29072;47.8041;-4.2661
77312;48.3256;2.7516
76196;49.6375;0.2366
87021;45.7467;1.2629
63001;46.0185;3.2134
35241;48.6093;-2.0441
49241;47.4813;-0.4659
56167;47.6912;-2.9720
74002;45.7925;6.0390
24067;44.9453;0.9211
45093;48.0107;1.8694
62801;50.3937;2.7163
07334;44.4500;4.0742
11441;43.2268;3.0836
25381;47.2740;5.9732
74191;46.1858;6.7208
37124;47.3461;0.8600
79080;46.6764;-0.2202
84106;44.2363;4.9094
47185;44.5448;0.9735
59385;50.2907;4.0770
59435;50.4757;3.2469
54028;49.1903;5.9729
57498;49.3162;6.0407
60134;49.3209;2.4225
31390;43.1080;0.5860
80010;49.7189;2.3729
13064;43.8050;4.9491
35080;48.0616;-1.8645
56212;47.5390;-2.2754
31160;43.6598;1.3199
03264;46.0550;3.4960
28089;48.5968;1.2694
50393;48.9224;-1.1680
13024;43.7213;5.2455
28391;48.2537;1.8842
31455;43.2026;1.2352
44205;47.4571;-1.5251
62239;50.9298;1.7784
85119;46.9612;-1.0596
17193;46.1422;-1.0114
37211;47.2468;0.7808
67001;48.5800;7.6260
71081;46.8389;4.8761
81289;43.5600;2.1261
83021;43.4702;5.9586
22339;48.4429;-2.0538
67101;48.5435;7.5328
54232;48.6917;6.0067
57484;49.1737;6.8950
77096;48.4860;2.7269
18148;47.1276;2.0736
41164;47.3123;1.3953
83136;43.3885;6.3014
86178;46.4622;0.4304
63291;45.9654;3.5179
77494;48.4048;2.8508
91275;48.6746;2.1678
22264;48.7461;-3.2926
2B342;41.9691;9.3445
78513;48.8051;1.7471
05017;44.5501;6.2567
54205;48.6894;5.7771
59615;50.6936;2.6200
59285;50.2646;3.4112
33049;44.8431;-0.3283
67066;48.4804;7.2102
85127;46.4256;-1.4617
78265;48.8234;1.7583
81048;43.9981;2.0807
35347;48.2058;-1.3219
35265;48.3292;-1.8850
38383;45.3922;5.6488
53003;48.4003;-0.6439
62300;50.6790;1.5765
69068;45.8484;4.8566
33334;44.6904;-0.4436
69156;45.9282;4.7023
38052;44.9681;6.1574
72198;48.0692;0.1365
02805;49.3519;3.3202
34329;43.2574;3.2317
45188;47.9894;2.0821
69231;45.8200;4.6139
91136;48.6879;2.2816
74154;46.3699;6.6553
14092;49.1053;-0.2827
26231;45.1001;5.0460
59630;50.4845;3.0297
74249;46.3699;6.6553
85064;46.7760;-1.2404
14383;49.1555;-0.3971
34227;43.7408;3.9985
29184;48.6000;-4.0074
97126;15.9662;-61.2759
27355;48.8859;1.4464
59252;50.7028;2.9510
31163;43.5931;1.5907
56181;47.7099;-3.3497
56262;47.6912;-2.9720
90022;47.5588;6.8334
67237;48.6831;7.8458
30037;44.2983;4.0972
47065;44.3564;0.4031
87156;45.8524;1.3869
10420;48.5945;3.5482
30027;44.0718;3.9753
44027;47.4571;-1.5251
50391;48.5704;-1.0675
30061;43.9622;4.2750
59601;50.0748;4.1381
67196;48.2649;7.4899
31181;43.3609;1.2764
22067;48.5849;-3.1473
56063;47.7892;-3.4235
76238;49.5771;0.2280
85059;46.6285;-0.7127
25512;47.1647;6.7090
56152;47.3271;-3.1774
57521;49.1737;6.8950
78299;49.0176;1.8892
38292;45.4410;5.5471
30166;43.8768;4.5543
67350;48.5914;7.6468
68015;47.7997;7.4101
76705;49.3161;1.0665
02163;48.9876;3.2783
44046;47.2712;-2.0833
62217;50.5173;2.4329
26191;44.6175;4.8293
35326;48.3345;-1.5140
62252;50.5924;2.7078
27458;49.3311;1.2172
88530;48.0725;6.4196
42177;46.1273;4.1068
31381;43.4581;1.5834
39189;47.0404;5.4006
14166;49.2791;-0.3123
30269;44.1069;3.8777
33492;45.1523;-0.4789
60368;49.4815;2.8546
06057;43.8499;7.3740
17425;45.5624;-0.8253
29068;48.4944;-3.8985
85211;46.6075;-1.6572
01350;46.2854;5.3261
21021;47.3265;5.1964
22166;48.8158;-3.3021
35124;47.7453;-1.7226
41276;47.6129;1.3207
56091;47.9732;-2.5848
36241;46.8446;1.5159
01166;46.0178;4.8148
49378;47.3280;-0.0490
62201;50.5644;1.6126
57124;49.4546;6.2400
02059;49.6765;3.3923
22185;48.3787;-2.4245
25212;47.2740;5.9732
02028;49.5688;3.7297
30059;43.6580;4.2428
31480;43.5604;1.6591
79014;47.0616;-0.2822
37179;47.4343;0.8229
63026;45.6539;2.9513
78263;48.7795;1.6769
59416;50.7161;2.5350
56255;47.7164;-2.6066
35331;48.0976;-1.9460
62849;50.3891;1.6689
85161;46.5767;-1.4774
89419;47.7205;3.2499
24167;44.6978;0.4365
55010;48.6392;5.0939
84083;44.2041;4.7401
23193;46.1634;1.8617
32307;43.5936;0.6034
69171;45.8200;4.6139
71215;46.8789;4.9340
88447;47.9541;6.7668
59647;50.8267;2.2562
59034;50.5306;3.1091
68384;47.6783;7.2624
85246;46.7760;-1.2404
45229;47.8346;2.6798
56124;47.8148;-2.3324
67089;48.7504;7.4725
91666;48.6888;2.2303
72223;47.8851;-0.1248
31228;43.7314;1.5789
87110;45.9454;1.0310
02789;49.8211;3.9145
56149;47.5678;-2.4757
76296;49.4973;0.2369
87106;45.6517;1.2138
62060;50.2560;2.1258
18223;47.2025;2.3768
38105;45.4410;5.5471
76401;49.4548;0.7260
14543;49.2135;-0.5214
67124;48.5356;7.6335
86139;46.4312;0.1024
37091;47.3096;1.0414
45244;47.7713;2.5149
43046;45.0608;3.9005
22084;48.4389;-2.3428
03211;46.3319;2.5548
80533;50.0709;1.4053
35014;48.0164;-1.2966
73187;45.5172;6.4637
03128;46.3595;2.4478
44048;47.3766;-1.2852
01074;46.0114;5.1930
01157;46.0178;4.8148
25035;47.3324;6.0368
86213;46.4204;0.0264
22158;48.2127;-2.9677
38475;45.6634;5.1510
74183;46.1230;6.6005
76034;49.7265;1.1185
30083;43.7232;4.2276
63417;45.8550;3.0208
88218;48.1317;6.7831
81018;43.9526;2.2249
06089;43.6666;7.0091
14536;49.3904;0.2417
76192;50.0026;1.3012
83093;43.3569;5.7282
49138;47.4314;-0.2442
50444;49.0498;-0.9275
62376;50.5563;2.5675
22353;48.8170;-3.5072
60524;49.3209;2.4225
11099;43.3064;2.3749
72373;48.0902;0.7636
86078;46.1593;0.2769
24335;44.8116;0.2092
50412;49.3441;-1.6662
46225;44.5097;1.1834
68289;47.8139;7.3236
04019;44.3555;6.6568
38095;45.1571;5.3036
59124;50.6107;3.2437
59330;50.4757;3.2469
32410;43.5137;0.9477
67034;48.6570;7.6046
40075;43.9187;-1.1308
50492;49.1141;-0.9656
56096;47.7581;-3.1255
59409;50.2968;3.1949
60234;49.4052;2.4292
72253;47.9190;0.0348
31106;43.5298;1.7752
35116;48.5841;-1.8399
40331;43.8713;-0.2801
33402;44.8116;0.2092
55063;49.2813;5.7133
77226;48.4421;2.7887
58131;47.0824;3.2422
81002;43.4763;2.3662
53188;47.8127;-1.0535
83132;43.2012;6.0155
34073;43.3127;3.3202
22032;48.3196;-2.1406
34281;43.5651;3.5508
43051;45.0531;4.3197
49247;47.4199;-0.7442
55427;48.8463;4.9967
59557;50.3348;3.6096
68036;47.9980;7.5293
21485;47.3545;4.8932
38059;45.1373;5.7756
14475;49.1002;-0.5083
47203;44.3849;0.8443
77344;49.0713;2.8103
85250;46.6075;-1.6572
31484;43.6865;1.5221
34155;43.3835;3.0983
51043;49.3507;4.1591
74013;46.3413;6.5052
03036;46.6099;3.0191
29022;48.2896;-4.5754
31100;43.3306;1.6295
61117;48.4709;0.0798
62735;50.4989;2.6860
84027;44.1100;4.7435
35096;48.0673;-1.4064
27191;49.1112;1.2634
07245;45.0569;4.7787
13094;43.7851;4.7371
78465;48.8501;1.6779
01426;46.2854;5.3261
33037;44.6904;-0.4436
68318;47.9749;7.2138
14365;49.3010;-0.3337
84067;44.0756;5.0047
62454;50.5486;2.6191
71154;46.8389;4.8761
44189;47.4266;-2.1009
45324;47.7640;2.1859
67356;48.7240;7.9192
17297;46.1591;-1.2838
19028;45.4386;2.4649
54029;49.3750;5.8750
72299;47.8487;0.2926
86128;46.8283;0.3305
14587;49.2096;-0.4123
57205;49.2476;6.6319
57013;49.1798;7.0012
59221;50.3420;3.5224
59344;50.1872;3.8532
74180;46.3015;6.3206
60374;49.5636;2.5505
02018;49.5132;3.4497
38530;45.5955;5.1524
08053;49.7028;5.0539
38503;45.3560;5.9182
57678;49.4142;5.9636
02558;50.0019;3.7942
60106;49.3800;2.4910
22226;48.7116;-3.4694
60313;49.3539;2.2522
14566;49.2096;-0.4123
17420;46.1422;-1.0114
45254;47.6698;2.6205
91631;48.6762;2.5462
28199;48.2537;1.8842
81124;43.6973;2.6883
47091;44.1400;0.5385
72217;48.0582;0.2222
17397;45.8646;-0.6574
44083;47.0409;-1.6416
67052;48.4532;7.3717
73285;45.6553;6.7844
39367;46.5031;6.0229
09157;42.9967;1.8678
29273;48.6695;-4.0260
33341;45.0625;-0.5573
83113;43.6398;5.8468
44007;47.6182;-2.0012
35062;48.3600;-1.1890
31409;43.5091;1.4746
68343;47.8612;7.3467
22135;48.5673;-3.3085
64035;43.4227;-1.5691
78238;48.9601;1.8647
61143;48.4709;0.0798
68152;47.6783;7.2624
73059;45.7110;5.9421
91648;48.5839;2.3673
01089;45.9756;5.3431
14663;49.2816;-0.7154
62235;50.6825;1.6683
37263;47.2468;0.7808
41158;47.7959;1.0852
84012;44.1504;5.0233
43184;45.3471;4.2516
54425;49.3326;5.7781
54536;49.3041;5.8990
14754;49.3071;-0.0004
35306;48.5818;-1.9366
53107;48.4100;-0.8319
14570;49.0265;0.3433
43216;45.1598;3.8152
60398;49.2166;2.2800
74233;45.7925;6.0390
33447;45.0646;-0.1064
35243;48.3600;-1.1890
10340;48.2421;4.0112
14066;49.3200;-0.4179
88165;48.3578;6.8346
57638;49.2014;6.9491
59118;50.0376;3.4663
28001;48.7778;1.5096
13096;43.5040;4.4643
35250;48.0164;-1.6442
38395;45.3560;5.9182
14143;49.1056;-0.7815
29284;47.8041;-4.2661
26139;45.1158;5.1316
56249;47.9420;-2.3584
57096;49.3830;5.9522
21103;47.1378;5.2122
80632;49.8538;2.2270
44165;47.0758;-1.2631
81038;43.8810;1.9300
44164;47.1059;-1.8530
62557;50.3153;2.6903
70513;47.6011;6.1559
01275;45.8389;4.9581
85016;46.7207;-1.6035
35195;48.3261;-1.6926
76219;49.7257;0.7918
85164;46.8421;-2.1095
27580;49.3596;0.8321
64399;43.3745;-0.3606
85208;46.8032;-1.4595
57041;49.4142;5.9636
01135;46.3286;6.0306
07240;44.8260;4.7518
38215;45.5475;4.9063
59197;50.5306;3.1091
33097;45.0848;-1.0493
42211;45.5338;4.2543
49055;47.5718;-0.5789
80308;50.0687;1.6499
67230;48.7680;7.8609
69293;45.8366;4.8832
76026;49.8770;1.1406
07070;44.9316;4.8123
34074;43.4734;3.0259
19278;45.2278;1.4588
29173;47.9856;-4.3111
57669;49.0985;6.8657
83053;43.2073;5.8185
15162;45.2494;2.6450
07330;44.3891;4.3984
16230;45.3951;0.1233
16271;45.6075;0.1290
55502;49.5012;5.1835
74087;46.0305;6.4123
29297;47.8874;-3.5077
58214;47.0887;3.1067
25334;46.9453;6.0897
33077;44.6444;-0.5681
38181;45.3270;6.0092
01109;46.1521;5.9098
40117;43.7783;-0.3566
62170;50.4226;2.6736
70447;47.4344;6.0525
09332;43.0814;1.6618
22273;48.5016;-2.5065
35079;48.2553;-1.6163
47280;44.3849;0.8443
57550;49.1646;6.6728
80373;49.9917;1.5957
17373;46.1422;-1.0114
44174;47.0409;-1.6416
68286;47.6245;7.5553
21599;47.5892;5.2274
30307;44.2169;4.0081
73261;45.2191;6.5241
79299;46.8867;-0.2810
50066;48.7635;-1.5277
86261;46.5622;0.5200
70026;47.4450;5.5835
12102;44.2841;2.5726
38386;45.4612;5.6299
13109;43.5353;5.4345
39500;46.9201;5.9041
19136;45.5327;2.1256
31136;43.8088;1.3993
34126;43.6002;3.0617
38100;45.3270;6.0092
54136;49.1534;5.8474
54459;48.5777;6.1880
85159;46.4559;-0.9958
01130;46.3400;5.1330
44100;47.1278;-1.4012
29113;48.6479;-3.7027
31324;43.2049;1.0659
79103;46.7823;-0.5776
71056;46.6399;5.2217
07172;45.2925;4.7458
21481;47.2787;4.9645
33177;45.3178;-0.9215
41055;47.5039;1.1673
85017;46.8741;-1.0323
85156;46.4860;-1.3821
45248;48.0142;1.6697
57597;49.2666;6.0608
77442;48.4171;2.7551
34025;43.4167;3.3147
47051;44.1951;0.6979
72257;47.9648;0.1246
22219;48.3346;-2.7122
24139;45.1553;0.6277
83102;43.6913;6.2260
06023;43.9800;7.5259
38045;45.2467;5.8265
54321;49.5341;5.8023
76464;49.3789;1.2157
13025;43.4664;5.6123
24350;45.1553;0.6277
50394;49.2025;-1.3920
74024;46.0305;6.4123
38124;45.6309;5.5643
54542;49.2142;5.9186
74016;46.1149;6.1045
62841;50.5486;2.6191
63227;45.6564;3.1814
83017;43.2012;6.0155
01103;46.3286;6.0306
33114;45.1008;-0.3571
73326;45.5083;5.8459
76391;49.3088;0.9557
59467;50.2338;3.8586
79083;46.0797;-0.0776
77377;48.7441;2.7583
03195;46.2768;2.6613
85012;46.8721;-2.1013
38110;45.5475;4.9063
22195;48.8388;-3.1407
38281;45.2140;5.6237
44144;47.4983;-1.3341
56070;47.9732;-2.5848
17391;46.1422;-1.0114
23030;45.9354;1.7259
31533;43.4560;1.2849
31462;43.6865;1.5221
62364;50.5025;2.1152
71420;46.7127;5.0019
74185;46.1345;6.2040
57163;48.6474;7.2378
69086;45.8200;4.6139
44111;47.4416;-1.7888
16236;45.5764;0.0644
43213;45.2520;4.3069
65344;43.1697;-0.0225
17369;46.1993;-1.3671
54305;48.7522;6.2065
73328;45.6467;5.9232
17466;46.1996;-0.9108
45119;48.1873;2.2537
52093;47.7926;5.4347
59345;50.3426;3.1577
21607;47.0296;5.1327
39286;46.4123;5.7904
67172;48.4894;7.5274
17008;46.2860;-1.0151
91243;48.6224;2.1413
39475;46.4292;5.3725
57287;49.3625;6.2749
62748;50.8959;2.0814
30039;43.8770;4.4572
47049;44.4571;0.6307
13058;43.7214;4.8116
06006;43.7755;7.2446
07264;44.3799;4.5601
38349;45.3885;4.7976
64546;43.3990;-1.2922
68091;47.8952;7.4965
79101;46.4824;-0.5483
56234;47.5219;-3.1382
77051;48.4108;3.2992
51193;48.9905;4.5616
47175;44.5305;0.8182
67465;48.7864;7.9918
67539;48.7373;7.7018
07316;44.9316;4.8123
67301;48.7614;7.6447
56123;47.6819;-2.2995
40332;44.3463;-1.0425
59495;50.2760;4.0485
34237;43.5358;3.3103
31497;43.6948;1.4549
12254;44.4669;2.4817
49259;47.3456;-0.6372
33125;45.1927;-0.7867
45061;48.0454;2.7194
14407;49.2561;-0.3664
22048;48.5018;-2.2265
69021;45.7651;4.5374
17164;45.7574;-0.6043
60041;49.3849;2.2310
30138;43.8043;4.2467
35356;48.2777;-1.8126
85255;46.3691;-1.2549
01153;46.3286;6.0306
07129;44.9913;4.6100
57602;49.2881;6.2103
60402;49.3809;2.7574
24253;45.4528;0.4957
29277;48.3997;-4.0366
74255;45.8870;5.9437
41142;47.6159;1.1303
62520;50.5495;2.6562
66217;42.6000;2.7620
67261;48.9646;8.1406
68146;48.1316;7.3753
57193;49.2286;6.2489
76636;49.4757;0.8813
09167;43.2658;1.3652
27438;48.8037;1.1940
53005;48.1953;-0.7960
74269;46.0065;5.8383
53247;48.1336;-0.9809
74299;45.8619;6.2169
88445;48.2421;6.9498
12100;44.5948;2.2752
59071;50.4807;3.1512
22277;48.4126;-2.9253
79196;46.9728;-0.1699
80182;50.1764;1.5153
22025;48.4068;-3.4339
38058;45.3270;5.3635
54557;48.6917;6.0067
07201;44.4494;4.3253
66178;42.5223;2.7812
73182;45.7110;5.9421
85025;46.9707;-1.2738
85210;46.8295;-1.6705
88225;48.0725;6.4196
22079;48.3346;-2.7122
33225;44.5871;-0.4188
56069;47.6370;-3.4648
87205;45.7467;1.2629
47143;44.1923;0.2805
40150;43.8559;-1.2746
56024;48.0646;-2.7234
80721;50.1558;1.6160
81131;43.9344;2.0310
33413;44.8431;-0.3283
35065;48.1446;-1.8480
85118;46.6075;-1.6572
57589;49.0415;7.2755
35135;48.2249;-1.8678
54367;49.5015;5.7860
01192;46.2402;5.5491
17353;45.9868;-1.0391
34207;43.3965;3.5144
79100;46.3374;-0.5850
76648;49.6749;1.2880
48009;44.6980;3.2688
56042;47.7749;-2.8367
57132;48.8273;6.5155
58238;46.9644;3.1746
05065;44.6693;6.6896
12146;44.3678;2.5314
27183;48.9019;1.3971
01248;45.9283;4.9273
22362;48.7897;-3.2370
53094;48.0032;-0.6927
77385;48.8662;3.2761
36045;46.9625;1.1800
71555;46.6466;4.8496
03304;46.1767;3.3256
05170;44.4746;6.0712
41104;47.5967;1.4174
67311;48.2649;7.4899
73227;45.3953;6.6396
57731;49.4394;6.1200
01401;46.2145;5.9582
02680;49.5909;3.3991
05006;44.8095;6.5248
44053;47.5092;-2.0089
91511;48.3701;2.0054
17131;45.5624;-0.8253
38160;45.5202;4.9849
56168;47.6056;-3.0890
72280;47.9648;0.1246
39233;47.0817;5.4765
60686;49.2256;2.4035
67115;48.2649;7.4899
80585;49.7735;2.9160
31271;43.5604;1.6591
84074;43.7644;5.2500
29172;48.1687;-4.2332
80630;49.7720;1.9519
19146;45.3151;1.7505
29206;48.6195;-4.2071
59288;50.3180;3.4382
82169;44.0234;1.0121
56132;47.7008;-2.7825
57566;48.7494;7.1046
85172;46.8368;-1.8927
33146;45.0421;-0.6866
30212;43.9587;4.5435
50267;49.2382;-1.5359
59222;50.4757;3.2469
07204;45.0373;4.4081
31517;43.3609;1.2764
40004;43.6644;-1.3945
57465;49.3081;6.2675
83077;43.3190;5.9894
85002;46.7171;-1.7876
86298;46.6847;0.6055
27425;49.1416;0.7188
67405;48.8278;8.0354
32249;43.7656;0.8346
31592;43.7562;1.2342
35328;47.7981;-1.9715
53185;48.4797;-0.2225
62626;50.4874;2.7518
72023;48.1733;0.2504
74163;46.3413;6.5052
41161;47.6084;2.0132
56005;47.5474;-2.8872
79307;46.1514;0.0823
08174;49.7361;4.9588
08367;49.9158;4.5115
22233;48.7414;-3.0926
29196;48.5288;-4.6433
41097;47.2869;1.5660
10209;48.2596;4.2496
14215;49.1829;-0.2637
2B009;42.1586;9.4398
35130;48.2777;-1.8126
59303;50.5928;2.8819
01232;46.3443;5.2438
07138;44.5772;4.4897
29032;47.9011;-4.0929
34027;43.7408;3.9985
59265;50.2907;3.6847
69197;46.0599;4.6129
76069;49.4050;1.1387
78591;48.8921;1.6742
67125;48.3522;7.4616
80793;50.0086;2.1866
86140;46.3927;0.7264
74131;46.0202;5.9296
14200;49.2806;-0.5333
69140;45.9282;4.7023
73191;45.5905;5.7703
82179;44.2251;1.6242
01199;46.0338;5.4215
14675;49.1053;-0.2827
66230;42.5986;2.5162
22372;48.4956;-2.8211
54493;49.5295;5.8267
26169;44.4972;4.7673
35256;48.6199;-2.0954
62240;50.3206;3.0555
25258;47.2323;5.9162
59129;50.5246;3.1853
62684;50.6358;2.3677
25036;47.1886;5.9843
66093;42.5221;2.9071
72065;48.0692;0.1365
85024;46.9182;-1.8644
30020;43.7617;4.2887
56102;47.9732;-2.5848
74006;46.0441;6.1064
37167;47.5289;0.5769
63213;45.8113;3.2486
69050;45.8717;4.7018
79216;46.2556;-0.3657
95120;49.0811;2.1611
26330;45.2969;4.9849
29204;48.4992;-4.0931
67449;48.7680;7.8609
74201;46.1149;6.1045
79123;46.7640;-0.6572
95056;49.1142;2.3984
08327;49.6517;4.7787
02110;49.3180;3.5440
07041;45.2521;4.6444
38487;45.5475;4.9063
64279;43.3249;-1.4295
68068;47.6466;7.1067
35294;47.6976;-2.0583
53127;48.4617;-0.4868
01345;45.9756;5.3431
16244;45.5764;0.0644
19121;45.4578;1.3967
69208;45.8200;4.6139
41185;47.3812;1.7661
59022;50.5114;3.0681
14229;49.2184;-0.0306
25403;47.0644;6.6102
33067;45.0625;-0.5573
59086;50.7991;2.6984
31516;43.7426;1.3675
44057;47.6182;-2.0012
60325;49.3809;2.7574
95211;49.0836;2.1070
56026;47.9752;-3.1243
63265;45.8178;3.3999
65304;43.5049;0.0069
78403;49.0176;1.8892
38543;45.7027;5.4536
07191;44.5767;4.6363
32296;43.7608;-0.0566
34321;43.6111;4.0200
22207;48.6138;-3.4715
88483;48.1761;6.3456
13020;43.3938;5.5325
29156;48.4526;-4.2228
78090;48.9601;1.8647
88424;48.2770;6.9444
30302;44.0819;4.6542
32213;43.4456;0.9073
35039;48.1023;-1.4893
59035;50.1317;3.9232
14409;49.2687;-0.1985
45108;47.6177;2.5060
59401;50.7449;2.6941
68173;48.1098;7.1958
59041;50.2338;3.8586
77240;48.7633;3.3188
02468;49.7385;3.8042
08311;49.5754;5.0575
36228;47.1569;1.5243
64062;43.0837;-0.4059
77255;48.5230;2.6783
86016;46.7015;0.1582
10401;48.2444;4.4801
17153;46.2222;-1.1457
57370;49.3625;6.2749
12063;43.9902;3.2611
50031;49.4114;-1.7564
29098;48.4284;-4.7157
85103;46.4915;-1.5878
07308;45.1661;4.7754
79249;46.3957;-0.4250
95241;49.0403;2.4573
26063;44.2694;5.3363
38436;45.0791;5.6552
33349;44.7832;-0.4719
50592;48.9843;-1.0651
21584;47.2948;4.2513
49308;47.3760;-0.5379
29080;48.3534;-4.1981
33226;44.7161;-0.3621
69032;45.8200;4.6139
85189;46.7458;-1.9477
30186;43.7816;4.2319
49135;47.5718;-0.5789
35016;47.9621;-1.8430
63322;45.8408;3.1823
35191;48.4182;-1.3885
60156;49.4314;2.8085
84108;43.9898;5.0884
85095;46.8368;-1.8927
57039;49.0554;6.1160
28393;48.5968;1.2694
31297;43.6739;1.1697
89099;47.9903;3.5106
33154;45.0646;-0.1064
35137;48.3600;-1.1890
85029;46.9370;-2.0132
85100;46.6993;-1.8953
88451;48.3912;7.0206
01305;46.4317;4.9642
26144;44.7390;5.0687
64493;43.3051;-1.0548
80013;49.9484;1.9286
87143;45.9426;1.1565
91156;48.5602;2.2828
01347;45.9478;4.8058
63254;45.8036;3.0544
74258;46.0880;6.7431
34246;43.6927;4.1101
37245;47.5289;0.5769
27502;48.8419;0.7041
66101;42.6000;2.7620
68007;48.0442;7.4325
59135;50.8083;2.4648
81204;43.5286;2.3974
28236;48.3163;0.8760
83046;43.4971;6.1512
38339;45.5955;5.1524
25467;47.2604;5.9361
33118;44.7832;-0.4719
33321;44.9990;-0.3983
72334;48.1741;-0.1309
45034;47.9505;2.0299
51562;49.1724;4.0456
07117;44.4641;4.1857
61153;48.6893;-0.1609
12043;44.2841;2.5726
83007;43.6913;6.2260
17224;45.8685;-0.2970
86209;46.4622;0.4304
01384;45.9329;5.4692
25432;47.1343;6.5362
97356;2.8381;-52.7965
29045;48.3534;-4.1981
56089;47.9398;-3.3118
57017;49.1598;6.0464
67296;48.6140;7.6944
01254;46.2067;5.3861
29048;48.0935;-3.9971
38480;45.5202;4.9849
77168;48.1722;2.8673
06060;43.7525;7.2649
34033;43.7408;3.9985
35319;48.0616;-1.8645
78239;49.0192;1.6932
45346;47.9489;2.2986
01435;46.2774;6.1007
15140;44.9843;2.3999
62288;50.6463;2.2533
17225;45.6992;-1.1478
25397;47.1649;5.8964
38501;45.3270;6.0092
45193;47.7167;1.9753
74116;46.0625;6.3190
59250;50.5928;2.8819
38199;45.5475;4.9063
59475;50.3180;3.4382
64191;43.1417;-0.2429
71132;46.6127;4.2171
73032;45.6338;6.4514
57582;49.2923;6.1585
15122;44.7318;2.2254
72137;48.3895;0.1686
86258;46.8283;0.3305
22155;48.1856;-2.7622
38309;45.1373;5.7756
51248;48.7312;3.9593
68141;47.6783;7.2624
68292;47.8833;7.0390
89348;48.0323;3.2061
01246;46.2212;5.0577
50074;48.7246;-1.1858
81227;43.6740;2.3018
44097;47.3737;-2.4899
44171;47.1415;-1.7585
54197;48.6252;6.1886
77088;48.2952;2.5428
22272;48.5849;-3.1473
34143;43.4369;3.5994
76400;49.8183;0.9100
38352;45.6170;5.2228
49271;47.5235;-0.8403
57153;49.0359;6.0289
71190;46.9860;4.4924
27180;49.1799;1.3665
29280;48.2480;-4.3127
77483;49.0000;2.9184
13115;43.6844;5.1885
17472;46.2860;-1.0151
53103;48.0612;-0.8672
33437;44.8383;-0.0395
50087;49.5258;-1.4865
67084;48.3245;7.4249
78087;48.6222;1.9986
83111;43.3190;5.9894
38214;45.3560;5.9182
64317;43.3959;-1.4500
35015;48.1380;-1.1897
77069;48.4690;2.5564
14610;49.2135;-0.5214
29175;48.2737;-3.8044
66071;42.7679;2.7072
13068;43.7214;4.8116
37010;47.5924;0.8925
24115;45.2957;0.7803
25495;47.2829;6.1216
72013;47.6593;0.1519
25454;47.2740;5.9732
72168;48.0067;-0.1219
14349;49.1013;-0.3741
22232;48.6280;-2.8836
31429;43.4581;1.5834
59356;50.6641;2.9671
60409;49.3209;2.4225
64213;43.3249;-1.4295
69190;45.7790;4.7017
27517;49.1558;1.3062
59157;50.2443;4.1510
53186;47.9164;-0.7842
21605;47.2975;5.1213
71497;46.3176;4.8198
78107;48.9416;1.5544
17376;46.2860;-1.0151
71070;46.7093;4.6745
73155;45.6467;5.9232
2B087;42.3298;9.5029
34256;43.7408;3.9985
38464;45.5700;5.4529
69267;46.1594;4.6717
85289;46.6285;-0.7127
44146;47.7785;-1.4504
22013;48.4762;-3.2243
35121;48.2908;-1.3947
06059;43.7291;7.3610
38381;45.5700;5.4529
86160;46.7882;0.1512
12224;44.4625;2.9830
12120;44.3845;2.8448
59074;50.0846;3.4650
26332;45.1865;4.8800
86204;46.6225;0.1223
89068;47.7905;3.7907
08302;49.8989;4.7905
63116;45.9934;3.0988
59210;50.8772;2.4274
64238;43.2250;-0.0930
87202;45.9454;1.0310
89102;47.7556;3.4265
11254;43.1944;2.1878
17351;45.8154;-1.0642
77374;48.7962;2.7077
33337;44.5338;-0.2659
60086;49.1757;2.3511
85050;46.4860;-1.3821
02555;48.9876;3.2783
08145;49.7028;5.0539
2A139;41.6029;9.2627
38194;45.3573;5.4802
38065;45.4430;5.4017
62034;50.5268;2.7393
25060;47.0026;6.3101
37074;47.2863;0.1767
77517;48.9494;2.7161
72047;47.9293;0.3798
29137;48.3534;-4.1981
39491;46.4123;5.7904
73288;45.5704;5.9150
17185;45.7056;-0.8998
25237;47.5183;6.9100
56015;47.6891;-2.4649
88409;48.0217;6.7445
89074;48.3152;3.0893
38454;45.1571;5.3036
59488;50.1997;3.1983
72042;47.9535;0.5516
77384;48.6199;2.6356
81052;43.8945;2.1798
33120;44.5871;-0.4188
59464;50.1880;3.5938
66208;42.6141;2.9637
77441;48.4561;2.7525
17051;46.1829;-1.3773
11012;43.2794;2.8839
73204;45.5473;5.6982
83028;43.5889;6.5499
06091;43.8499;7.3740
38176;45.6634;5.1510
34210;43.5651;3.5508
47179;44.5448;0.9735
68138;47.5765;7.2541
56246;48.0842;-2.9825
42176;45.9923;3.9764
44214;47.5721;-1.6018
95078;49.0831;2.0263
29225;47.9856;-4.3111
11360;43.2794;2.8839
17447;46.0811;-0.9182
59624;50.0299;3.2918
22246;48.4621;-2.6533
16187;45.6637;0.0767
25370;47.4508;6.7918
28358;48.4965;1.4545
50551;49.4011;-1.5526
25147;47.1649;5.8964
59497;50.7167;2.4082
45083;47.9446;2.9406
73290;45.2495;6.7722
42170;46.0190;4.1201
54116;48.5820;6.5353
69219;45.6117;4.6396
49027;47.1333;-0.8941
63327;45.9060;3.1230
78337;49.0329;1.5419
67226;48.6157;7.5786
85006;46.7171;-1.7876
91095;48.5126;2.2960
16232;45.6754;0.2663
39333;46.4404;5.7191
30152;44.2386;4.1285
16146;45.5803;0.2625
37130;47.0872;0.7995
60102;49.2980;2.5185
63276;45.8269;3.4810
64009;43.4227;-1.5691
14562;49.3223;-0.3921
18180;46.9638;2.4408
22307;48.4161;-2.8116
56002;47.5678;-2.4757
03262;46.3319;2.5548
44173;47.0758;-1.2631
48061;44.2654;3.6125
59471;50.3348;3.6096
69177;45.8200;4.6139
38479;45.3939;5.2212
52331;48.4590;4.7836
73130;45.6747;6.3695
47040;44.1400;0.5385
73055;45.4507;6.7270
13049;43.7049;5.0888
60245;49.6701;1.7733
74018;46.0625;6.3190
74103;45.9354;6.6033
88270;48.3568;5.5304
01360;46.2145;5.9582
30315;43.9716;4.6853
35273;48.3600;-1.1890
38515;45.7153;5.2700
21657;47.3918;5.1164
61211;48.5203;-0.6035
11258;43.2794;2.8839
14242;49.2528;-0.4264
61339;48.7856;-0.2528
74083;45.8914;6.6367
77433;48.7888;3.0954
87038;45.9134;1.2520
17127;46.2523;-0.8119
34050;43.6111;4.0200
38484;45.5475;4.9063
48099;44.5867;3.2477
68062;47.6168;7.2950
14516;48.9529;-0.2542
16206;45.8752;0.1966
31481;43.5121;1.1587
29257;48.5288;-4.6433
35226;48.4351;-1.8877
05132;44.7017;6.0860
28334;48.0751;1.3674
56155;47.4729;-2.4654
67547;48.2627;7.5911
85236;46.6075;-1.6572
31184;43.6044;1.5286
45095;48.0809;2.0575
45154;48.0107;1.8694
85216;46.4598;-1.1747
16366;45.6120;-0.2698
30326;44.0301;4.6901
77521;48.8616;2.9501
69018;46.1512;4.5700
19202;45.2360;1.5519
51391;49.3054;3.8330
59631;50.0669;3.3326
86032;46.6847;0.6055
24442;45.1300;0.5415
35193;48.2155;-1.7157
55186;48.7770;5.1703
33523;44.7209;-0.2227
49201;47.4314;-0.2442
47225;44.1400;0.5385
26345;44.2889;4.8732
28064;48.7778;1.5096
59016;50.9638;2.4340
60647;49.3929;3.0040
31042;42.7819;0.5640
72308;48.3895;0.1686
81182;43.7319;2.3268
34179;43.6245;3.7206
59411;50.4819;3.1038
83066;43.6398;5.8468
01148;46.3239;5.6555
14530;49.2321;-0.2158
29201;48.4284;-4.7157
2A228;41.8438;8.8589
48034;44.3691;3.2319
56055;47.6382;-3.1589
76281;49.5137;0.5277
44001;47.5721;-1.6018
77359;48.4690;2.5564
62371;50.3570;2.8302
37152;47.4694;0.6589
57572;48.9946;6.4127
69122;45.9282;4.7023
07339;44.6053;4.4022
34295;43.6245;3.7206
68028;48.2122;7.3591
34153;43.7951;3.8692
64067;43.2456;-0.2824
37011;47.2194;0.2097
50151;49.1995;-1.5612
14119;49.1466;-0.2490
14123;49.2528;-0.4264
14257;49.1002;-0.5083
54265;48.6457;6.1847
02720;49.5725;3.9635
2B168;42.6071;8.9163
42046;45.6194;4.0612
62043;50.9325;1.9447
77128;48.8893;2.8663
2B313;42.3063;9.4979
2A103;41.9751;8.7751
33030;44.5871;-0.4188
74161;45.8870;5.9437
95450;49.0379;2.0606
33438;44.5992;-0.1937
59357;50.3077;3.8084
33015;44.9226;-0.2345
49041;47.3051;0.0400
57708;48.9870;6.2104
67448;48.4804;7.2102
81244;44.0429;2.1487
10067;48.2056;4.1125
14277;49.1013;-0.3741
30241;43.9622;4.2750
35097;48.0164;-1.2966
38340;45.4369;4.7803
69056;45.8717;4.7018
82115;43.9774;1.5295
44119;46.9745;-1.7809
68253;47.7818;7.5013
79076;46.7325;-0.4656
88513;48.3119;6.3033
55351;49.5006;5.3752
78291;48.9394;1.7273
33434;44.9552;-0.5028
02758;49.4107;3.5194
14287;49.1466;-0.2490
67543;48.4804;7.2102
74136;45.9510;6.4652
77352;48.6400;2.7977
84037;44.0602;4.8272
34203;43.4093;3.5127
79213;46.6764;-0.2202
33001;45.0646;-0.1064
63349;45.9495;2.8584
45333;47.9505;2.0299
50197;48.9112;-1.3215
18096;47.1389;2.2339
64060;43.3794;-0.4500
80360;50.0810;1.5797
27082;48.9728;0.9211
29120;48.2509;-4.4825
2A209;41.9751;8.7751
51525;48.9826;4.3607
57733;49.3081;6.2675
72262;47.7457;0.5700
60341;49.0926;2.7510
25133;47.3324;6.0368
60188;49.3929;3.0040
87064;45.7223;1.7775
33185;44.8154;-0.2027
91318;48.5117;2.2604
15083;44.9843;2.3999
17387;45.8270;-0.8280
30214;44.0422;4.0855
84131;43.8482;5.0431
72189;48.2679;0.2885
56081;48.0426;-3.6236
40179;43.7691;-1.0741
60149;49.3434;2.6681
69189;45.5296;4.8302
77241;49.0376;2.6801
85162;46.4924;-0.6700
38029;45.5700;5.4529
38336;45.4753;4.8325
01163;46.3400;5.1330
35107;48.1993;-1.4860
87041;46.1498;1.2729
62025;50.8207;1.6149
29097;48.4992;-4.0931
62705;50.7869;1.7574
49222;47.3760;-0.5379
56120;47.7749;-2.8367
59470;50.6641;2.9671
63352;45.4504;3.1969
31259;43.5087;1.3953
90042;47.6724;6.7969
49260;47.0544;-1.0093
02307;49.1801;3.1465
57545;49.1138;6.1789
17396;46.1996;-0.9108
18281;47.1389;2.2339
73212;45.5044;6.3048
29078;48.3534;-4.1981
30312;44.0421;4.7643
38558;45.5475;4.9063
67418;48.8278;8.0354
81284;43.8945;2.1798
29167;47.9856;-4.3111
59262;50.7449;2.6941
79148;46.2814;0.0312
01374;46.0747;5.3139
18011;47.5589;2.3580
38131;45.4567;4.8798
35264;48.1189;-1.3745
59511;50.4490;3.4307
17091;46.2860;-1.0151
35122;48.6456;-1.9078
73329;45.6467;5.9232
77455;48.6503;2.7144
95042;49.0668;2.2984
04108;44.0339;6.0508
59641;50.9638;2.4340
76608;49.4757;0.8813
79063;47.0616;-0.2822
81281;43.6265;2.1131
83026;43.3885;6.3014
07325;44.6053;4.4022
38081;45.5630;5.0903
42013;45.6418;4.2506
43200;45.0369;4.0674
01231;46.3546;4.8887
29056;48.4526;-4.2228
77146;48.8166;2.6557
44107;47.3787;-1.3831
69220;45.7453;4.4463
01105;45.9283;4.9273
38027;45.4376;5.9891
54521;49.4734;5.9064
10216;48.6745;4.1856
16280;45.7401;0.3777
68205;47.9001;7.3731
11353;43.2794;2.8839
30254;44.0421;4.7643
62100;50.4534;1.9387
10115;48.3963;4.1370
54167;48.7138;5.8731
64109;43.1417;-0.2429
12169;44.1851;2.3373
38504;45.3270;6.0092
68266;47.9001;7.3731
85098;46.7207;-1.6035
13013;43.4097;5.6018
38094;45.4922;5.1350
01250;45.9478;4.8058
52182;48.5762;4.8553
59084;50.7167;2.4082
81325;43.5116;2.2392
22223;48.5849;-3.1473
64152;43.3830;-0.2320
72310;48.0582;0.2222
03084;46.4485;2.8463
58149;46.8176;3.9556
95142;49.1561;1.9192
02719;49.5817;3.1917
71372;46.2282;4.7459
73100;45.5473;5.6982
77127;48.6936;2.6318
25542;47.2323;5.9162
38394;45.1022;5.2232
45335;47.7640;2.1859
49368;47.4060;0.0723
56214;47.5125;-2.8327
66058;42.7097;2.7259
38082;45.4410;5.5471
87191;45.7657;1.0600
35222;48.5413;-1.5736
81116;43.6943;1.8037
34082;43.6889;3.7997
69235;45.5296;4.8302
12199;44.4348;2.3175
16223;45.6792;0.5080
85273;46.9370;-2.0132
29091;48.6454;-4.3461
73249;45.5366;5.9992
43080;45.3161;3.8663
81042;43.6220;2.2590
17120;45.7056;-0.8998
45008;48.0813;1.8838
27278;48.9095;1.4344
42242;45.5337;4.6010
76035;49.7548;1.6736
11188;42.9654;2.9949
67302;48.7358;7.3547
69175;45.8200;4.6139
26357;44.2889;4.8732
36230;47.0676;1.7967
62001;50.3937;2.7163
69080;45.5742;4.7382
68331;48.0442;7.4325
22180;48.4277;-2.2014
38076;45.5700;5.4529
45030;48.0647;2.3962
69281;45.6261;4.9334
49110;47.5413;-0.3344
56032;47.9420;-2.3584
40245;44.1060;-0.3086
44099;47.5995;-1.3842
08142;49.6866;4.8806
73034;45.6914;6.5933
25364;47.1496;6.1493
28201;48.4965;1.4545
30311;43.9496;3.9906
14060;49.2501;-0.2863
68040;47.8267;7.0691
25043;47.4766;6.7673
45024;47.8999;1.6507
30257;43.8770;4.4572
31356;43.6739;1.1697
36171;47.0476;1.9851
33415;44.9990;-0.3983
74037;46.2253;6.4225
79298;46.2588;-0.5575
07338;44.8957;4.6151
45270;47.8088;2.3171
64068;43.1417;-0.2429
33435;44.5992;-0.1937
54366;48.5984;6.1395
57598;49.1484;7.0121
26005;44.4972;4.7673
66129;42.5842;2.9211
29077;48.6082;-4.4610
42289;45.9509;4.2188
62311;50.4701;2.8700
07279;44.4662;4.6372
38238;45.4922;5.1350
56157;47.8390;-2.6477
62847;50.4989;2.6860
71419;46.7475;5.2539
72025;47.7080;-0.1036
59499;50.9782;2.5573
61116;48.4407;0.8319
66225;42.5221;2.9071
77405;48.9148;3.2299
14478;49.0265;0.3433
25259;46.8661;6.1644
27365;49.2875;1.1948
44203;47.2931;-1.7746
91411;48.6370;2.0683
35172;48.4260;-1.7434
52194;48.5893;5.0309
2B309;42.7170;9.4266
62543;50.6358;2.3677
70388;47.6011;6.1559
29021;48.6454;-4.3461
47015;44.0949;0.6927
72029;48.2253;0.1020
72035;47.8336;0.6915
76563;49.5106;0.3569
68041;47.8952;7.4965
68143;48.0999;7.4947
44206;46.9200;-1.6109
62721;50.6358;2.3677
22121;48.6429;-3.0124
68059;47.7329;7.1515
80186;49.8237;2.8249
84070;44.0412;5.2312
59559;50.3348;3.6096
71351;46.8995;5.2574
76235;49.9057;1.3140
42199;46.0411;3.8858
12198;44.3140;2.2477
24068;44.8133;0.8859
53015;48.1953;-0.7960
01389;46.0767;4.8996
18138;47.1389;2.2339
78030;48.7133;1.8149
33297;45.0106;-0.8591
41238;47.8538;0.8666
59388;50.5510;2.8695
79322;46.6764;-0.2202
70258;47.7890;6.3571
71528;46.6399;5.2217
72165;48.0737;0.4086
85196;46.8660;-1.1942
85298;46.6075;-1.6572
28380;48.3997;1.5217
44199;47.7086;-1.3600
67276;48.4804;7.2102
71235;46.3632;4.8003
52060;47.9435;5.7168
80228;50.2437;1.6235
11315;43.3460;2.5208
46029;44.9082;1.8494
29268;48.4526;-4.2228
61309;48.3722;0.7198
63022;45.4492;3.3416
56190;47.9164;-2.8140
59120;50.7161;2.5350
72228;47.8158;-0.2997
72289;48.1390;0.1549
72143;47.8404;0.5027
82155;44.1522;1.7419
12301;44.4589;1.9830
82167;43.9206;1.4091
02131;49.4239;3.3840
88358;48.1006;6.5725
69135;46.2401;4.5549
40248;43.5480;-1.3174
41147;47.4833;1.3249
83134;43.4532;6.4755
91635;48.7340;2.2126
56012;47.9150;-2.1628
02543;49.1587;3.2319
56052;47.5218;-2.5784
59387;50.2843;3.2537
62204;50.3762;1.8536
26002;45.2622;4.8670
90029;47.6845;6.8406
27616;49.2357;0.9352
60651;49.2850;2.2441
83030;43.3989;6.0121
74166;46.3413;6.5052
44106;47.0707;-2.0061
62259;50.2106;2.8785
67305;48.9169;8.0948
81039;43.7577;1.8989
25318;46.7616;6.3586
80316;49.9961;2.3435
34311;43.4542;3.4258
67128;48.5435;7.5328
28269;48.3997;1.5217
63092;45.9530;2.9682
07089;45.2925;4.7458
59063;50.1316;3.3720
44142;47.0608;-1.4565
02648;49.7791;3.4434
38223;45.5640;5.2955
45123;47.8404;2.1267
56100;48.1319;-3.4813
80071;50.1081;2.3287
24264;45.0218;0.1614
38187;45.0222;5.6567
60531;49.4441;2.6340
66138;42.8238;2.8525
72276;48.1973;0.4291
79024;46.4368;-0.2264
17065;45.9974;-0.9524
26208;44.8327;4.8905
31252;43.8088;1.3993
38554;45.7153;5.2700
50341;49.4818;-1.3480
12197;44.0745;2.5189
85042;46.3816;-1.0656
10406;48.2169;4.1802
25390;47.0094;6.4560
59522;50.6577;3.2252
71309;46.7997;4.3454
49361;47.2331;0.0335
60403;49.5063;2.0075
43113;45.0369;4.0674
56074;47.8955;-3.0143
88148;48.0187;6.6060
70473;47.7890;6.3571
03306;46.1075;3.4543
21416;47.4135;5.3038
38490;45.3270;5.3635
73296;45.4814;6.9362
69295;45.6221;4.8462
01195;46.2067;5.3861
85227;46.4924;-0.6700
14354;49.3126;-0.3785
26323;45.1158;5.1316
78120;48.6222;1.9986
33142;45.1008;-0.3571
38155;45.3755;5.7804
84071;43.8421;5.1374
63141;45.8036;3.0544
76051;49.7961;0.9697
40037;43.8402;-0.5185
35054;47.9720;-1.4946
62588;50.4710;1.7675
67184;48.8936;7.9918
73121;45.6176;6.3020
07122;44.6053;4.4022
29053;48.2800;-4.1076
68134;48.0226;7.2886
01179;46.2467;4.8854
14100;49.0559;-0.3216
26096;45.1245;4.9818
38253;44.9947;6.1232
60238;49.3126;2.6006
65340;43.2687;0.1107
86027;46.5802;0.2760
37067;47.2507;0.4731
51282;49.2281;3.8969
59297;50.3694;3.3383
01005;45.9977;5.0216
55533;48.5649;5.6827
67108;48.5435;7.5328
14666;49.1833;-0.2245
15258;44.9796;2.6572
37083;47.2468;0.7808
64094;43.4828;-1.1686
71456;46.8190;5.0403
74210;46.2998;6.4669
88327;48.2939;6.3608
26148;45.2444;5.0336
95028;49.0549;2.3337
74275;45.7729;6.2585
79034;46.3259;-0.4719
53146;48.1997;-0.6433
72006;48.3895;0.1686
08403;49.4891;4.3377
01065;46.2413;5.1155
46148;44.3312;1.5737
50616;48.6860;-1.3332
59042;50.5604;3.2331
71360;46.3488;4.7166
77277;48.7336;2.8554
17443;46.0811;-0.9182
29213;48.5805;-4.1274
33084;44.7419;-0.4378
38453;45.1571;5.3036
50409;49.1662;-1.1297
67478;48.7643;7.4142
14581;49.1056;-0.7815
29047;48.5073;-4.4405
38197;45.7762;5.1193
26295;45.1865;4.8800
60369;49.3412;2.7161
68231;47.9980;7.5293
14685;49.2528;-0.4264
40126;43.6808;-1.0321
45085;47.8081;2.8627
68267;47.7551;7.2201
22164;48.5673;-3.3085
29237;48.4526;-4.2228
2A288;41.5557;9.1816
31212;43.7314;1.5789
19246;45.2278;1.4588
23245;46.1634;1.8617
26337;44.7168;4.8180
18097;47.2025;2.3768
62448;50.6825;1.6683
74176;45.8619;6.2169
77302;48.2750;2.7096
01343;46.3162;4.9740
35161;48.0164;-1.2966
38118;45.4430;5.4017
44006;47.4325;-2.3317
44062;47.4416;-1.7888
30352;43.8069;4.1014
77400;48.7913;2.9964
83101;43.2183;6.6370
30290;44.2446;4.6125
45197;47.9505;2.0299
47210;44.2354;0.4231
14046;49.2321;-0.2158
33506;44.6952;-0.0877
42208;45.5245;4.5131
56237;48.0842;-2.9825
71269;46.7539;4.8293
79086;46.3957;-0.4250
84042;43.7636;5.3977
84082;44.0412;5.2312
17338;46.1164;-0.7269
21209;47.3265;5.1964
33485;44.8383;-0.0395
67025;48.8646;8.0807
26338;44.6175;4.8293
29106;48.0935;-3.9971
68175;48.1617;7.1284
76271;49.5862;1.1495
57134;49.1183;6.0836
33382;45.1523;-0.4789
74124;46.1149;6.1045
17309;45.1692;-0.0733
33484;44.4019;-0.4841
57622;49.1864;6.0404
77397;48.9602;3.2195
86053;46.7015;0.1582
18003;47.1890;2.5992
35019;48.4201;-1.5646
60491;49.3929;3.0040
14515;49.3401;-0.7718
64448;43.3794;-0.4500
43153;45.3471;4.2516
60644;49.3415;1.8240
2B343;42.4856;9.4574
73007;45.5044;6.3048
11067;43.1662;2.7889
56154;47.6819;-2.2995
07296;44.6053;4.4022
77508;48.8118;2.8252
39476;47.0386;5.3340
62013;50.2562;2.7778
45040;47.6035;2.8824
76349;49.8714;1.0527
83043;43.2414;6.3404
85218;46.6075;-1.6572
22044;48.5016;-2.5065
59185;50.3439;3.2030
71157;46.4986;5.3085
79285;46.5468;-0.3105
82149;44.1332;1.4458
35163;48.3600;-1.1890
42129;45.3733;4.6747
89083;47.8596;3.4564
37232;47.3410;0.3808
01361;45.8985;5.1634
56159;47.8148;-2.3324
61345;48.4407;0.8319
63315;45.6588;3.0833
82142;43.8509;1.2924
30348;44.0513;4.1895
42003;46.1063;3.8917
21555;47.3918;5.1164
29043;48.3534;-4.1981
38297;45.7027;5.4536
31193;43.3074;1.0431
35312;47.9621;-1.8430
83063;43.3234;6.4667
31355;43.5931;1.5907
46231;44.4982;1.0872
17041;46.2523;-0.8119
65072;43.2813;0.0853
56125;48.0842;-2.9825
60025;49.3929;3.0040
84150;44.3267;4.9438
29041;48.0256;-3.8883
44075;47.5995;-1.3842
87047;46.0208;1.2045
95353;49.0668;2.2984
28006;48.4965;1.4545
49381;47.0354;-0.6819
56115;47.7749;-2.8367
72179;47.7963;-0.0561
29044;48.1891;-4.1243
35171;48.2178;-2.0549
45042;47.8358;2.3891
67452;48.6570;7.6046
01424;45.9283;4.9273
50109;48.8892;-1.4424
53001;48.0612;-0.8672
45290;47.8743;2.2631
14554;49.1053;-0.2827
34001;43.4167;3.3147
45279;47.9446;2.9406
76509;49.4576;1.2091
89443;48.1264;3.3114
01134;46.2973;4.8755
59349;50.1002;3.3686
78550;48.8210;1.8813
29066;48.0794;-4.1664
33047;45.1614;-0.6351
33490;45.4294;-1.0437
38256;45.4612;5.6299
56004;47.5678;-2.4757
65251;43.1968;0.0668
70413;47.7310;6.7268
56258;47.5891;-3.0174
64373;43.2679;-0.3985
57515;49.0359;6.0289
01314;46.0747;5.3139
25271;47.0094;6.4560
28098;48.7096;1.3675
47054;44.4351;0.4564
74097;45.7925;6.0390
88462;48.0217;6.7445
95446;49.1403;2.1594
35149;47.9621;-1.8430
59377;50.1153;3.1612
71202;46.8900;4.7691
72195;47.7963;-0.0561
72205;48.1390;0.1549
40264;43.6513;-1.2931
46063;44.2979;1.3715
62063;50.2642;2.4781
01363;46.0338;5.4215
64057;43.4861;-0.5804
38270;45.3573;5.4802
85303;46.3689;-0.8915
14338;49.2914;-0.0439
33454;44.6444;-0.5681
2A008;41.8438;8.8589
52058;48.2109;5.1180
72089;48.1041;-0.0315
60119;49.4914;2.9770
85130;46.7207;-1.6035
14125;49.2528;-0.4264
30331;44.1082;4.5334
41230;47.6129;1.3207
49068;47.4332;-0.8955
60284;49.3856;2.6928
67191;48.9453;7.0590
44224;47.5721;-1.6018
53008;48.2989;-0.5119
57179;49.3367;6.2618
77269;48.5739;2.6988
25287;47.1649;5.8964
42262;45.4075;4.2083
53182;48.1336;-0.9809
61278;48.7041;-0.5236
40291;43.6513;-1.2931
72127;47.9648;0.1246
37206;47.5289;0.5769
44202;47.4983;-1.3341
51536;49.1724;4.0456
74212;46.0305;6.4123
85011;46.9333;-2.1670
85049;46.3816;-1.0656
58264;46.7882;3.1848
89370;48.1607;3.0808
38067;45.7153;5.2700
51308;49.3054;3.8330
67182;48.5566;7.6128
68172;48.0999;7.4947
03155;46.7204;2.9564
42206;45.5836;4.3253
62906;50.8959;2.0814
30317;43.9587;4.5435
37079;47.3096;1.0414
74153;46.1809;6.3073
91533;48.3609;2.1249
06103;44.0251;7.3084
30057;43.9587;4.5435
31507;43.6739;1.1697
46201;44.3585;1.2153
76595;49.6375;0.2366
34130;43.4960;3.1922
37257;47.2480;0.6141
39487;46.5873;5.9433
88369;47.8910;6.7861
22117;48.6280;-2.8836
30173;44.1624;4.1539
37021;47.5289;0.5769
02238;49.6040;3.5190
16073;45.2720;0.0511
59332;50.6577;3.2252
07110;44.5252;4.1455
17284;45.8270;-0.8280
34245;43.4354;2.8976
50417;49.5866;-1.3528
71566;46.9192;5.0173
77148;49.0796;3.1128
01370;46.2973;4.8755
33357;44.5338;-0.2659
22248;48.5849;-3.1473
29198;48.5614;-4.3236
80706;50.0561;2.1404
02226;49.3519;3.3202
40272;43.5480;-1.3174
67486;48.2548;7.6304
31486;43.3609;1.2764
43114;45.1458;4.1487
49123;47.2534;-0.0966
57482;49.1295;6.2950
79351;46.4824;-0.5483
19255;45.3660;1.6836
60010;49.2330;2.1306
63106;45.7435;3.2776
26083;45.2134;4.9675
35027;48.2178;-2.0549
69110;45.6217;4.4891
77260;48.5152;3.2405
01303;46.1108;5.4552
08487;50.0723;4.7430
45051;47.8358;2.3891
59485;50.1631;3.4227
52045;48.6466;4.9122
10352;48.3963;4.1370
17393;45.7056;-0.8998
27246;49.3498;1.3307
52332;47.9981;5.5171
07027;44.8260;4.7518
14692;49.1830;-0.6348
38015;45.4922;5.1350
67507;48.3397;7.2831
85301;46.8660;-1.1942
06099;43.9759;6.9452
19203;45.2071;1.7634
21661;47.3545;4.8932
22208;48.3117;-2.0082
76545;49.9195;1.1425
43258;45.3430;3.3029
77339;48.3613;2.5012
15119;45.1979;3.1653
34009;43.4167;3.3147
59572;50.1606;4.0863
24487;44.9031;0.3446
89449;48.3152;3.0893
01273;46.0747;5.3139
08222;49.9975;4.7285
22265;48.7116;-3.4694
42120;45.9923;3.9764
12241;44.3602;2.5918
35216;48.2249;-1.8678
51074;49.3507;4.1591
67480;48.5299;7.3733
68060;47.7329;7.1515
27582;49.2917;0.9245
33380;45.2724;-0.6254
31384;43.4581;1.5834
38030;45.3573;5.4802
57534;49.0598;6.2544
72290;48.1390;0.1549
82123;43.9567;1.2092
02114;49.0643;3.3913
14454;49.1541;-0.4661
38320;45.8231;5.3749
30346;43.9587;4.5435
60494;49.1165;2.5922
28059;48.6934;1.0846
53243;48.1336;-0.9809
63010;45.4035;3.7092
88428;48.3160;6.8483
22056;48.3802;-1.9979
24370;44.8666;0.0913
27453;49.4199;1.3696
43135;44.9168;4.0339
62262;50.5268;2.7393
68365;48.0597;7.2828
79066;46.4780;-0.4096
81130;43.5739;2.2990
89201;47.8972;3.6371
74314;46.0955;5.9552
44157;46.9745;-1.7809
29176;48.1687;-4.2332
40266;44.0582;-1.2134
67248;48.4870;7.5692
77404;48.5152;3.2405
17484;45.9419;-1.0734
28415;48.6497;1.5083
2B185;42.6332;9.3481
74157;46.3413;6.5052
79125;46.2556;-0.3657
26045;44.5517;4.9465
85080;46.4730;-0.8043
89196;47.8527;3.3103
45167;47.8999;1.6507
59173;50.7191;2.9920
25193;47.2382;6.8731
34226;43.3338;3.0062
78368;48.8842;1.8627
88178;48.1761;6.3456
06163;44.0899;7.5788
35072;48.2437;-1.1789
40229;44.2277;-1.1841
50239;49.1138;-1.1589
54432;48.6085;6.0497
56141;47.9164;-2.8140
59088;50.6684;2.8763
03258;46.1767;3.3256
11129;42.9301;2.1718
14538;49.1053;-0.2827
29278;48.1860;-3.6915
67347;48.8221;7.4333
77279;48.3779;2.9643
85254;46.7674;-0.8017
87185;45.8771;1.0279
13034;43.7620;4.9522
24571;45.0320;0.7357
68372;47.8611;7.0886
2A114;41.5160;9.1202
35211;48.0150;-2.1072
77126;49.0212;3.0501
80711;50.0238;2.1253
91017;48.6370;2.0683
22143;48.5709;-2.3343
74197;46.1809;6.3073
07188;45.1563;4.6375
15138;45.1198;2.8364
21606;47.0622;4.9120
57343;49.3625;6.2749
58062;47.0872;3.8971
62329;50.8301;1.7103
74171;46.3015;6.3206
53039;48.1336;-0.9809
59021;50.3120;3.9895
59099;50.1472;3.5918
13079;43.5188;5.6777
34340;43.6927;4.1101
35002;47.9720;-1.4946
67460;48.7485;7.5653
74150;46.3015;6.3206
42043;45.5836;4.3253
60009;49.4272;2.0848
34243;43.8815;3.6618
61181;48.8022;0.3150
63244;45.9060;3.1230
76275;49.5515;0.1848
95675;49.0485;2.5187
24002;45.2957;0.7803
50539;49.6542;-1.4139
57650;49.4173;6.4226
64198;43.3794;-0.4500
79031;46.1718;-0.4607
79311;46.6159;-0.4253
41204;47.5967;1.4174
74014;46.0342;6.6184
10142;48.2495;3.8367
25601;47.2221;6.4085
62197;50.4810;2.4621
66124;42.5101;2.0189
84149;44.1493;4.9278
76378;49.4757;0.8813
77124;48.8362;2.7323
84009;43.7676;5.5650
89100;48.2019;3.0075
37194;47.5261;0.8035
28377;48.8653;1.4846
35154;48.2058;-1.3219
49371;47.1052;-0.7504
01353;45.9478;4.8058
67010;48.3962;7.4116
79129;46.2792;-0.2370
14574;49.1310;0.2591
35010;48.5421;-1.7195
62621;50.8959;2.0814
71170;46.8900;4.7691
77309;49.0102;2.8322
29192;48.6695;-4.0260
27622;49.1014;0.7007
59244;50.1534;3.1968
29221;48.5120;-4.7392
38343;45.5317;5.6544
44220;47.1954;-1.8324
62310;50.5495;2.6562
67336;48.4189;7.6659
27629;49.1267;0.4626
92047;48.8308;2.1661
22065;48.6429;-3.0124
60597;49.2987;2.7947
32334;43.6005;1.0782
46182;44.4587;1.2657
56122;47.9420;-2.3584
71192;46.8468;4.2035
71522;46.5784;5.0043
83133;43.6294;6.7167
10224;48.3775;3.7959
2A017;41.9751;8.7751
59025;50.6029;2.8363
60291;49.6646;3.0328
17444;45.6644;-0.6608
51237;48.7203;3.5315
53246;48.4038;-0.1217
71373;46.5408;5.1378
22221;48.7897;-3.2370
51262;48.7343;4.6063
68012;47.8078;7.1623
78057;49.0329;1.5419
37002;47.4193;0.3123
49003;47.2079;-0.2900
63393;45.9229;3.6103
97234;14.6654;-61.1335
02141;49.9666;3.9113
34078;43.7951;3.8692
34267;43.6986;3.5705
56221;47.6819;-2.2995
21383;47.5246;5.0664
35067;48.2553;-1.6163
36154;46.5948;1.5730
44153;47.7086;-1.3600
85154;46.6729;-0.8669
24145;44.8574;0.4953
38288;45.5202;4.9849
77047;48.8616;2.9501
87177;45.7952;1.1143
24553;45.2571;0.5303
28024;48.3997;1.5217
51029;48.9640;4.0234
51531;48.7690;4.9041
66187;42.7994;2.4550
68294;48.2437;7.1839
77447;48.5646;2.6000
84062;43.9157;5.0862
59126;50.3188;3.1236
85278;46.4272;-1.5762
89438;47.7652;3.6173
90017;47.5714;6.9356
17179;45.7574;-0.6043
42122;45.6194;4.0612
30228;43.9622;4.2750
35128;48.3261;-1.6926
39059;46.4870;6.0647
59123;50.5122;3.0076
67080;48.5435;7.5328
73015;45.3697;6.5876
76289;49.6137;0.7501
27676;49.1799;1.3665
30112;43.8846;4.1895
64324;43.2158;-0.4415
83117;43.6294;6.7167
35178;48.2908;-1.3947
37062;47.5288;0.3098
45029;47.5356;2.8025
51440;49.2685;4.3106
58218;47.1910;3.3323
61079;48.2308;0.7439
71479;46.8209;4.4257
76533;49.4973;0.2369
02245;49.4239;3.3840
24028;44.7571;0.7862
27003;49.1855;1.1391
31523;43.0781;0.9595
37020;47.0649;1.0117
67342;48.5545;7.3038
67487;48.9439;7.8821
40280;43.9331;-0.5266
53229;48.1953;-0.7960
35333;47.9216;-1.3680
42032;45.5245;4.5131
74076;45.9569;6.0445
77229;48.7336;2.8554
78389;48.7796;1.7946
04160;43.8917;5.6556
11040;43.1662;2.7889
61218;48.7672;-0.5540
86014;46.7648;0.5249
38107;45.4753;4.8325
63084;45.6588;3.0833
68078;48.0226;7.2886
72061;47.8158;-0.2997
19066;45.1580;1.3421
58300;47.0824;3.2422
60533;49.5564;2.7315
63047;45.5912;2.7549
78049;48.9115;1.8546
38017;45.3657;4.8683
31585;43.1295;0.7342
69234;45.8658;4.5022
76321;49.7715;1.2346
81233;43.8198;2.2263
82044;43.9206;1.4091
85086;46.8295;-1.6705
42053;45.5337;4.6010
43032;45.0331;3.9492
62423;50.6952;2.2275
29010;48.4992;-4.0931
78152;48.8377;2.0013
80338;49.9016;2.5356
88094;48.3420;6.4424
88095;48.3247;5.8676
89198;47.9170;3.5936
34258;43.4960;3.1922
57644;49.1085;6.8314
59519;50.4802;3.3851
18109;47.2853;2.6190
67326;48.6234;7.7055
73243;45.6156;5.9977
21356;47.1013;5.2597
21408;47.4355;5.0154
31475;43.4560;1.2849
57415;49.1138;6.1789
67525;48.6179;7.4214
82136;43.9206;1.4091
33517;45.0421;-0.6866
40157;44.0582;-1.2134
78189;48.8823;1.9206
83082;43.6361;6.4787
11425;43.3064;2.3749
21003;47.3937;4.9552
23247;46.2024;1.7439
34182;43.4542;3.4258
34204;43.5651;3.5508
45253;48.1873;2.2537
59576;50.9638;2.4340
97233;14.7037;-61.1352
12157;44.3813;2.7125
33307;44.4368;-0.3760
72385;47.8261;0.1010
59082;50.9638;2.4340
37231;47.6209;0.5682
47326;44.4962;0.1739
69023;46.0599;4.6129
27593;49.2357;0.9352
38401;45.5700;5.4529
38236;45.3755;5.7804
38561;45.3053;5.2131
73226;45.5164;5.7306
74021;46.1809;6.3073
22170;48.4126;-2.9253
35197;48.2553;-1.6163
42272;45.3733;4.6747
47024;44.4962;0.1739
59320;50.5558;2.8230
12138;44.4669;2.4817
37185;47.4513;1.0208
38265;44.9593;5.7197
38463;45.1571;5.3036
87028;46.2451;0.9307
42026;46.1273;4.1068
45310;48.1873;2.2537
86111;46.9080;0.6258
21263;47.2635;5.0626
27397;49.0198;1.3552
62756;50.8959;2.0814
63381;45.8468;2.8445
14030;49.2096;-0.4123
50095;49.0496;-1.1752
34284;43.4664;2.7410
50591;48.5294;-0.9418
62284;50.2131;3.0738
86245;46.8252;0.5759
17241;45.1883;-0.1834
28039;48.4174;1.7878
30092;44.1082;4.5334
35094;48.3261;-1.6926
49306;47.4199;-0.7442
59027;50.3754;3.4642
74075;46.0202;5.9296
28056;48.7778;1.5096
59551;50.4757;3.2469
80274;49.7518;3.0187
24259;44.9759;0.5487
35105;48.1380;-1.1897
35009;48.5421;-1.7195
02315;49.7054;3.1947
27151;49.3498;1.3307
36192;46.6443;1.3813
42010;45.5836;4.3253
41043;47.2869;1.5660
54025;48.6693;6.2490
59261;50.0748;4.1381
84135;44.1461;4.8087
01092;46.0114;5.1930
03275;46.5176;3.1740
59114;50.4740;3.5206
76743;49.5442;0.9451
02676;49.5127;3.8334
83110;43.3989;6.0121
30073;43.9587;4.5435
67168;48.5299;7.3733
72001;48.0692;0.1365
2B298;42.7167;9.2642
34189;43.3496;2.6970
76600;49.7369;0.3976
95436;49.1374;2.2888
08003;49.7815;4.6589
44196;47.5092;-2.0089
84053;44.3773;4.9716
87089;46.2355;1.2174
27348;49.3217;1.1718
78576;48.7276;1.8883
28094;48.6497;1.5083
30089;43.7802;4.5823
37254;47.2139;0.9305
38566;45.2703;5.5088
86031;46.5477;0.6875
07323;44.9316;4.8123
31587;43.8088;1.3993
27070;49.3313;1.5942
42267;46.1513;4.1615
54123;48.6426;6.0850
60641;49.4914;2.9770
79201;46.3758;-0.0928
84025;43.9245;5.2459
05123;44.5486;5.8936
30145;43.9587;4.5435
34325;43.4167;3.3147
40328;43.7876;-1.3967
59238;50.5043;3.4654
22015;48.3663;-2.5616
28021;48.3277;1.2582
28154;48.4570;1.2308
61463;48.5957;-0.3367
67239;48.2649;7.4899
79189;46.4368;-0.2264
08173;49.6517;4.7787
85015;46.8032;-1.4595
87032;45.6621;1.0109
14005;49.1191;-0.1595
31269;43.4560;1.2849
59096;50.5604;3.2331
63004;45.9329;2.8052
71275;46.2944;4.0641
97201;14.8137;-61.1242
22376;48.1856;-2.7622
50162;49.6236;-1.5629
51663;49.0028;3.9238
72363;48.0815;0.5088
56239;47.6324;-2.1775
62506;50.7616;1.9321
79088;46.7743;-0.3507
22241;48.1328;-2.6009
24356;45.0388;0.9944
26275;44.2889;4.8732
56259;47.5678;-2.4757
61497;48.4709;0.0798
62540;50.4611;2.6009
76167;49.5713;0.1270
78601;48.6165;1.8599
15142;44.9304;2.9748
28424;48.2085;1.1533
56148;47.7581;-3.1255
69059;45.8717;4.7018
50260;48.6807;-1.0497
76617;49.4576;1.2091
97133;15.9597;-61.6944
26196;44.8677;4.9398
31080;43.2618;0.6826
38172;45.6170;5.2228
81139;43.7194;2.1291
24229;45.1180;1.2304
34013;43.6139;3.3803
59558;50.2500;3.4501
64439;43.2930;-0.2936
22049;48.5018;-2.2265
29270;48.4526;-4.2228
29218;48.0542;-4.4687
45196;47.7881;1.7861
60135;49.2850;2.2441
76260;49.4839;1.6393
06019;43.8499;7.3740
34128;43.8815;3.6618
83146;43.6398;5.8468
13029;43.5561;5.0744
71189;46.7753;4.9219
06034;43.8396;7.2405
50272;48.9717;-1.4710
85266;46.7036;-1.0326
86046;46.7648;0.5249
32096;43.9191;-0.0422
54351;48.7899;6.0902
74098;46.0441;6.1064
79339;46.5341;-0.0691
01237;46.2469;5.6523
11088;43.1507;2.3829
14556;49.1013;-0.3741
17079;45.7305;-1.0685
35070;48.5818;-1.9366
07289;44.6053;4.4022
59408;50.4428;3.0985
61341;48.4709;0.0798
01276;45.8725;5.0405
22175;48.4389;-2.3428
33159;45.2724;-0.6254
59247;50.6531;3.1923
60577;49.4183;1.8059
88188;47.8910;6.7861
97303;5.2700;-53.3198
54196;48.5777;6.1880
84050;43.9245;5.2459
80211;49.7512;2.1621
26042;44.8327;4.8905
38149;45.5640;5.2955
40292;43.6513;-1.2931
45148;48.0888;2.8658
74312;46.0305;6.4123
83037;43.3989;6.0121
44197;47.6830;-1.6032
57176;49.1093;6.9413
97301;3.9409;-52.5200
08361;49.8122;4.5255
67550;48.9316;7.7556
87140;45.8915;0.9082
33164;44.5338;-0.2659
82048;43.8509;1.2924
50599;49.6089;-1.6220
51423;48.7580;4.8347
59609;50.5712;3.0678
31581;43.8088;1.3993
43084;44.9661;3.8351
58046;46.8966;3.6310
72187;47.8487;0.2926
86103;46.3481;0.3845
29300;47.9311;-3.6753
43234;44.9233;3.5085
71187;46.7456;4.4806
79184;46.3758;-0.0928
02820;49.5817;3.1917
62529;50.6197;2.7991
68252;48.1955;7.2957
24540;45.2732;0.8916
03019;46.6114;3.5787
27500;49.3763;0.7043
50562;49.5998;-1.2731
62479;50.5202;2.5488
79239;46.6633;-0.3489
31052;43.3915;1.3691
51118;49.2504;3.9606
63231;45.8735;3.6119
69280;45.7777;5.0376
29186;48.6370;-3.8156
30185;43.7369;4.2023
58250;46.8005;3.4767
19107;45.0905;1.4597
29230;47.9478;-3.5331
78343;48.7655;2.1590
03290;46.6592;3.2606
25222;47.1244;6.2691
27020;49.0048;1.0647
45175;47.7881;1.7861
27119;48.9330;1.4195
40228;43.6226;-0.8307
15265;45.3513;2.4523
56028;47.6819;-2.2995
63282;45.6564;3.1814
63224;45.9060;3.1230
80417;49.8530;2.6934
85220;46.7036;-1.0326
91175;48.4944;1.9962
27062;49.2823;0.8208
33439;45.1008;-0.3571
50184;49.5227;-1.7886
67526;48.3535;7.5943
01446;46.0178;4.8148
33395;45.2625;-0.8093
38483;45.7027;5.4536
41171;47.8185;1.2816
47110;44.4196;0.3191
59305;50.8772;2.4274
01351;46.1670;4.8460
02602;49.5132;3.4497
46185;44.9554;1.5693
60570;49.2648;2.0645
72358;48.0815;0.5088
72360;48.0692;0.1365
08180;49.7590;4.7131
68359;47.8078;7.1623
85083;46.9843;-2.2633
07072;44.7438;4.5654
22193;48.3787;-2.4245
31036;43.5547;1.5475
42249;45.8846;4.2526
58215;47.3141;3.0188
59224;50.2609;3.2199
01383;46.0917;5.1480
34180;43.6139;3.3803
04244;44.1439;6.0269
56135;47.6891;-2.4649
60591;49.4574;1.8983
68174;47.6959;7.3985
71443;46.9192;5.0173
01078;46.2145;5.9582
01099;45.8773;5.3260
62349;50.5486;2.6191
68185;48.2830;7.2562
26339;44.6175;4.8293
33198;45.0646;-0.1064
59013;50.6051;3.2044
87020;45.9134;1.2520
55184;48.7757;5.6142
59668;51.0709;2.5176
60154;49.3228;2.5367
68020;47.7818;7.5013
77239;48.6630;3.1409
85147;46.7674;-0.8017
89239;48.1970;3.2892
18057;46.5167;2.2263
33351;45.2444;-0.4860
38184;45.6158;5.0379
60044;49.3234;2.3236
62609;50.3570;2.8302
06066;43.8756;7.1427
16150;45.6120;-0.2698
26348;44.4553;5.0169
63066;45.8665;3.6818
76627;49.5137;0.5277
01420;46.1670;4.8460
18145;47.2420;2.4907
27067;49.2992;1.6801
77531;48.3010;2.9785
80677;49.9564;3.0737
81074;43.8945;2.1798
22327;48.4429;-2.0538
70339;47.7708;6.6059
87152;45.9426;1.1565
36128;46.8562;1.7526
51105;49.2698;4.1318
12185;44.2739;2.7608
22127;48.7862;-3.1424
36141;46.6050;1.8379
60218;49.2330;2.1306
74080;45.9004;6.4605
25395;47.1990;6.0774
32344;43.6464;-0.1249
34084;43.4587;3.1293
66177;42.6000;2.7620
74189;46.0305;6.4123
80443;49.8459;1.9103
14079;49.3272;0.0372
42169;45.4185;4.0729
55132;48.6392;5.0939
03156;46.6114;3.5787
25021;47.0354;5.7697
33315;45.0646;-0.1064
67150;48.6157;7.5786
67368;48.4532;7.3717
76245;49.5480;1.0880
18172;46.7360;2.4965
63295;46.0104;3.3632
63425;45.6588;3.0833
76716;49.6375;0.2366
07261;44.8260;4.7518
24462;45.0344;0.3444
40055;43.8402;-0.5185
25448;47.2664;5.8304
30091;43.7758;4.1584
88011;48.1219;6.5295
91593;48.5543;2.1021
62817;50.2562;2.7778
67351;48.9935;7.9709
25190;47.5183;6.9100
67407;48.7593;7.9384
85277;46.4860;-1.3821
31239;43.3503;0.8395
33387;45.0105;-0.2196
62730;50.8959;2.0814
68342;47.8078;7.1623
35117;48.1588;-2.1837
38139;45.7027;5.4536
86183;46.9080;0.6258
11199;43.1944;2.1878
27085;49.3596;0.8321
71502;46.8389;4.8761
85240;46.9003;-0.8937
11164;43.2794;2.8839
11288;43.2815;2.1944
22094;48.6010;-2.1478
22179;48.6229;-2.3784
76125;49.6612;1.1778
04166;43.7795;6.0824
12288;44.4669;2.4817
77135;48.6872;2.9734
82076;44.1184;1.2987
06067;43.8073;7.4779
37182;47.4147;0.5475
44140;47.1651;-1.2711
71378;46.8900;4.7691
02795;49.4211;3.1801
12021;44.3344;2.0080
24194;44.8328;0.3709
30029;44.2639;4.3358
33394;44.8803;-0.1545
42230;45.8653;3.9897
59334;50.3821;3.0240
27391;48.8212;1.3332
63089;45.9061;3.2350
67485;48.6570;7.6046
72243;47.7600;0.1392
77109;48.5897;3.2433
87111;45.7144;0.8724
02504;49.7372;3.2792
37119;47.1271;0.4421
39128;46.9509;5.4123
44095;47.5995;-1.3842
84055;43.9589;4.9421
29245;48.4526;-4.2228
34067;43.8815;3.6618
72096;48.0234;0.0301
30281;43.8846;4.1895
36101;46.7205;1.5430
22379;48.8065;-3.3577
49109;47.1203;-0.6358
60212;49.2166;2.2800
78334;48.7362;1.9513
81063;43.9344;2.0310
54391;49.2327;5.9552
59578;50.6677;2.4725
22220;48.2419;-3.3106
34039;43.4369;3.5994
57043;49.2518;6.1994
78346;48.9416;1.5544
38393;45.3939;5.2212
49132;47.6948;-0.5389
50058;49.1045;-1.5682
30077;44.1525;3.9960
33183;44.9990;-0.3983
34038;43.7273;3.1142
55573;48.6676;5.5894
59029;50.4757;3.2469
59418;50.5043;3.4654
59651;50.3316;3.4046
14057;49.1191;-0.1595
18023;47.0880;2.7343
22224;48.7116;-3.4694
37196;47.0141;0.3871
56128;47.9752;-3.1243
59535;50.7449;2.6941
01165;46.0870;4.7961
27218;49.2429;0.4229
31057;43.4581;1.5834
69085;45.8692;4.8354
25428;47.5315;6.8535
26146;44.4372;4.8611
63150;45.8550;3.0208
91244;48.5608;2.4196
62195;50.6043;2.5602
68217;47.8604;7.0429
01306;46.2467;4.8854
16005;45.9098;0.0012
34119;43.5956;3.1551
38044;45.4430;5.4017
59018;50.8316;2.3792
62295;50.5958;2.2951
62309;50.6841;2.0790
16379;45.7401;0.3777
57600;49.4394;6.1200
74146;46.3699;6.6553
16418;45.6075;0.1290
30225;44.1738;4.6090
01339;45.9478;4.8058
45072;47.9620;1.9552
57634;49.1663;6.1368
82131;44.2280;1.4836
16070;45.8762;0.7258
33505;44.7741;-0.3449
47138;44.3000;0.7427
76414;49.9195;1.1425
35233;48.3292;-1.8850
02575;49.8377;3.5104
25424;47.1244;6.2691
28352;48.5762;1.5842
11009;43.2815;2.1944
24082;44.8968;1.2177
44090;46.9745;-1.7809
59203;50.3694;3.3383
63034;45.8140;3.2985
66114;42.6141;2.9637
17483;46.0464;-1.0444
24140;44.8599;0.5968
24362;44.9192;0.7920
42159;45.8117;3.7727
70122;47.6195;5.5498
77095;48.9494;2.7161
2B043;42.7795;9.4508
77075;48.8765;2.7575
85061;46.5446;-1.2156
17107;46.0811;-0.9182
40104;43.7282;-0.8473
61456;48.7505;0.6601
64526;43.2728;-0.1852
74001;46.2907;6.7396
31284;43.5547;1.5475
38069;45.3939;5.2212
12223;44.6915;2.8164
14739;49.3339;-0.5281
18206;47.2025;2.3768
60380;49.1504;3.0662
24396;44.8621;1.0657
33425;44.9990;-0.3983
34136;43.4542;3.4258
35315;48.2553;-1.6163
59105;50.4112;3.2736
68005;48.1196;7.2598
87103;46.0208;1.2045
08043;49.7361;4.9588
18271;47.2025;2.3768
29109;48.5120;-4.7392
33289;44.6539;0.0759
37217;47.4147;0.5475
55551;48.9934;5.7278
67095;48.9548;7.1976
70378;47.6011;6.1559
82097;43.9686;0.8825
22184;48.3346;-2.7122
38043;45.4410;5.5471
57477;49.0068;7.3160
79114;46.4368;-0.2264
07259;44.3799;4.5601
19101;45.2304;1.8356
23079;45.8339;2.1588
27412;49.1855;1.1391
56116;47.5773;-2.9630
87107;45.9426;1.1565
97361;5.6835;-53.9164
22281;48.3346;-2.7122
71158;46.5784;5.0043
77070;48.7888;3.0954
80256;49.9236;2.2042
91630;48.5543;2.1021
33218;45.0646;-0.1064
56233;47.5891;-3.0174
85202;46.7036;-1.0326
14243;49.3904;0.2417
31277;43.6739;1.1697
62652;50.4768;2.3789
12131;44.4071;2.6313
17158;46.2523;-0.8119
31037;43.4015;1.7281
60562;49.3126;2.6006
88351;47.9937;6.4495
64419;43.2728;-0.1852
66026;42.5750;2.8947
21060;47.4135;5.3038
22034;48.6535;-3.3087
29095;48.5073;-4.4405
60451;49.3209;2.4225
69074;45.9972;4.6146
81104;43.6943;1.8037
29025;48.1891;-4.1243
54575;49.4595;5.8260
59528;50.2124;3.4118
67286;48.4477;7.5083
71371;46.3488;4.7166
77016;48.2323;2.7147
78520;48.8060;1.6253
02371;49.8685;3.3018
44221;47.4282;-1.6407
56006;47.9420;-2.3584
68089;47.8912;6.9773
88349;48.1335;7.0099
02165;49.6765;3.3923
12084;44.0898;3.1062
54113;48.7450;6.3640
19148;45.3827;2.2590
27008;49.3217;1.1718
73304;45.4311;6.9984
28223;48.7096;1.3675
35106;47.8137;-1.5586
86207;46.8121;0.7534
01272;46.1331;4.9986
12225;44.0898;3.1062
35310;48.3600;-1.1890
44139;47.4278;-1.9602
67197;48.4189;7.6659
03044;46.0941;3.3728
30184;43.9622;4.2750
41252;47.7125;1.4546
60065;49.3539;2.2522
74020;46.3413;6.5052
76700;49.6904;1.0289
78143;48.7426;2.1056
17232;45.5624;-0.8253
71133;46.3132;4.2805
01054;45.8985;5.1634
59666;50.8772;2.4274
72133;47.9190;0.0348
76610;49.6137;0.7501
82005;43.8533;1.1685
91332;48.5602;2.2828
30147;43.9770;4.1101
54054;48.4627;6.3431
74239;45.9510;6.4652
22299;48.4429;-2.0538
40294;43.6808;-1.0321
68022;47.7997;7.4101
76541;49.4757;0.8813
54149;49.4267;5.9104
60539;49.2980;2.5185
23093;46.2160;2.2452
41061;47.4833;1.3249
59533;50.1810;3.4178
68355;47.5440;7.3391
70292;47.8418;5.8916
81171;43.8810;1.9300
85144;46.8741;-1.0323
38068;45.1176;5.7127
91198;48.4761;2.3434
26358;44.8733;5.0351
41180;47.3654;1.2039
29133;48.6829;-3.6676
54129;48.5581;6.9851
72182;47.7600;0.1392
76616;49.5515;0.1848
85013;46.9612;-1.0596
11081;43.3460;2.5208
19124;45.1580;1.3421
33202;44.5167;-0.6351
39397;46.5136;5.5833
54286;49.1534;5.8474
35292;48.4182;-1.3885
81238;43.4851;2.5226
40155;43.9187;-1.1308
60277;49.4272;2.0848
72046;48.0020;0.4657
83096;43.4794;5.8414
87192;45.7467;1.2629
29119;48.4609;-4.5932
33106;44.5338;-0.2659
39411;46.6552;5.5739
56014;47.9398;-3.3118
62908;50.6825;1.6683
69168;45.8484;4.8566
40002;43.6032;-0.7344
74127;46.3699;6.6553
91159;48.5148;2.4546
27188;49.2824;1.1142
72050;47.9751;-0.2530
85268;46.7171;-1.7876
43165;45.1545;3.9463
45103;48.0833;2.6011
26079;44.9877;5.0803
81046;43.8810;1.9300
36127;46.6174;2.0384
41247;47.4244;1.6258
42338;46.1273;4.1068
47238;44.1400;0.5385
64415;43.4589;-0.3414
80798;49.9961;2.3435
88029;48.0072;6.2536
68177;47.9414;7.1110
69200;45.8658;4.5022
85293;46.9612;-1.0596
13017;43.8116;4.6870
16093;45.5978;0.4253
91568;48.5543;2.1021
10030;48.3767;3.9888
15204;44.9843;2.3999
33193;45.4294;-1.0437
56171;47.6819;-2.2995
71346;46.6127;4.2171
87040;45.6831;1.5988
35271;48.4830;-1.1863
37242;47.2194;0.2097
59151;50.2405;4.0386
77459;48.5415;3.3962
77529;48.8616;2.9501
12218;44.2872;2.6016
30178;44.0421;4.7643
42029;45.8328;4.1865
81128;43.6740;2.3018
90026;47.6213;6.9414
17453;45.8270;-0.8280
35057;47.9061;-2.0001
74062;45.9600;6.1586
35029;48.4260;-1.7434
89354;48.1970;3.2892
89399;48.1970;3.2892
89480;48.3049;3.2038
91274;48.7080;2.1542
08298;49.7815;4.6589
21273;47.2782;4.7991
38114;45.3885;4.7976
46334;44.7442;1.4111
72175;47.6593;0.1519
83079;43.2482;6.5085
07309;45.1563;4.6375
50493;48.8091;-1.4036
07005;44.5767;4.6363
13006;43.6996;4.9452
21501;47.2483;4.5245
71442;46.8342;4.6165
38466;45.3560;5.9182
01069;46.0917;5.1480
06121;43.7029;7.3243
26118;45.2969;4.9849
30273;44.2887;4.5096
73085;45.8305;5.8341
42200;45.6418;4.2506
67538;48.9015;7.3290
77363;48.9152;2.6188
14254;49.1300;-0.4322
87059;46.2184;1.0407
01021;46.0178;4.8148
03212;46.3595;2.4478
10220;48.4880;3.8003
38560;45.4868;5.4823
39056;46.7588;5.4394
62524;50.6792;1.8616
68304;47.7235;7.0696
70334;47.3218;5.7884
74172;46.3699;6.6553
86024;46.6225;0.1223
15196;44.8209;2.3447
27398;49.1002;0.5976
33073;45.2724;-0.6254
64477;43.1256;-1.3770
68084;47.6959;7.3985
56198;48.0646;-2.7234
03186;46.3270;2.9368
44193;47.6830;-1.6032
58102;47.3797;3.1563
70482;47.6496;5.9683
35181;48.5759;-2.0129
38054;45.8231;5.3749
44091;47.5721;-1.6018
22321;48.3587;-3.1633
35118;48.3345;-1.5140
62031;50.8633;1.8559
67004;48.6856;7.3662
14312;49.3773;-1.0191
29193;48.4992;-4.0931
57716;49.1986;6.3008
72026;48.1973;0.4291
17311;45.6992;-1.1478
22242;48.6229;-2.3784
24266;45.2571;0.5303
38536;45.3657;4.8683
72382;47.9535;0.5516
88136;48.1845;6.4853
14266;49.1013;-0.3741
17236;45.3705;-0.5998
07008;44.6930;4.6834
85120;46.7171;-1.7876
40326;43.9396;-1.3253
41157;47.4244;1.6258
59605;51.0183;2.4649
68225;47.8952;7.4965
21623;47.2253;5.2015
38084;45.3573;5.4802
57746;48.9891;6.9817
16120;45.5803;0.2625
30146;43.9770;4.1101
78128;48.6725;1.9625
88079;48.1820;5.8074
21223;47.3937;4.9552
38152;45.5640;5.2955
57767;49.3625;6.2749
76614;49.4447;0.9587
2B307;42.3063;9.4979
36200;46.5948;1.5730
50403;49.1646;-1.5588
83149;43.5715;6.2494
50209;49.6542;-1.4139
62050;50.3763;2.1293
89077;47.7652;3.6173
01183;46.0870;4.7961
01211;46.0917;5.1480
54060;48.8142;6.0895
60333;49.4574;1.8983
61063;48.6912;-0.3983
86290;46.4622;0.4304
24010;45.1553;0.6277
32242;43.3835;0.5907
62852;50.9373;2.0845
76385;49.5940;0.9502
33290;44.9524;-0.0838
72275;48.0865;0.3127
88115;48.1658;6.8771
30270;44.0718;3.9753
38467;45.6400;5.3810
74090;46.0625;6.3190
04145;44.2004;5.9040
45092;47.9535;2.6969
61163;48.6630;-0.5468
63273;45.7314;3.2171
73250;45.2502;6.4133
01075;46.0178;4.8148
07340;44.7438;4.5654
28122;48.3227;1.5067
38415;45.6170;5.2228
40227;44.3533;-0.7860
67500;48.5545;7.3038
72169;47.9190;0.0348
08486;50.0723;4.7430
74138;45.7925;6.0390
82108;44.0395;1.2489
29296;47.8679;-4.2418
33378;44.8116;0.2092
37111;47.1616;1.2108
45332;47.8346;2.6798
62181;50.1489;2.7044
69055;45.8717;4.7018
26182;44.3687;5.1923
85111;46.3689;-0.8915
25526;47.5088;6.7686
38019;45.3885;4.7976
47246;44.2392;0.5517
21005;47.2253;5.2015
51171;49.3404;3.9587
58067;47.1860;3.0747
69151;46.0599;4.6129
76448;49.3789;1.2157
77125;48.9197;2.8032
80488;50.0331;1.9640
85292;46.5977;-0.8756
25558;47.1496;6.1493
37118;47.2194;0.2097
43002;45.0563;3.8645
66222;42.5366;2.4058
79257;46.2343;-0.6556
22137;48.2721;-3.4605
54040;48.4879;6.8972
76596;49.4973;0.2369
17346;45.9652;-0.8347
42311;45.4919;4.3817
53210;47.8358;-0.4863
56261;47.7164;-2.6066
05133;44.9347;6.6008
33339;45.0625;-0.5573
56021;47.7670;-3.2429
67285;48.4189;7.6659
76718;49.6137;0.7501
86121;46.6225;0.1223
40207;43.6808;-1.0321
56011;47.6324;-2.1775
31563;43.8426;1.5086
54332;48.9082;6.0584
74238;46.2473;6.6361
78269;48.6430;1.7367
83135;43.5813;6.0334
25285;47.0162;6.5605
59419;50.4757;3.2469
63271;45.9654;3.5179
57021;49.0926;6.0226
67263;49.0227;7.7684
68113;48.1893;7.4282
25022;47.5357;6.6689
40118;43.5793;-0.9162
50363;48.9843;-1.0651
62045;50.3542;2.5746
88470;48.0852;6.7363
11332;43.1662;2.7889
24182;44.9031;0.3446
37150;47.3410;0.3808
43267;45.1545;3.9463
47021;44.1923;0.2805
74140;46.2253;6.4225
31589;43.4015;1.7281
38162;45.5700;5.4529
60404;49.3369;2.4817
67234;48.9453;7.0590
90089;47.7312;6.9656
17340;46.1164;-0.7269
18133;46.9642;2.2445
25195;47.1860;5.8234
2A085;41.9373;8.9188
34139;43.4167;3.3147
38410;45.1022;5.2232
50541;48.8339;-1.5330
58278;46.9644;3.1746
85131;46.4598;-1.1747
89439;47.9775;3.7182
11255;43.1614;3.0077
71295;46.8203;5.2172
85140;46.7674;-0.8017
28013;48.4174;1.7878
57250;48.9918;7.4158
70455;47.6775;6.5035
56047;48.0646;-2.7234
60042;49.3369;2.4817
65375;43.3754;0.1573
66015;42.6000;2.7620
12083;44.5335;2.2559
51210;49.0028;3.9238
52114;48.0490;4.8864
56146;48.0842;-2.9825
80625;49.6644;2.5930
17075;45.9652;-0.8347
19038;45.2775;1.6584
39043;46.5636;5.4298
28018;48.1792;0.9101
77078;48.9692;3.1248
22076;48.5709;-2.3343
22228;48.5217;-3.4078
56131;48.0259;-3.4753
64485;43.1182;-1.1799
67127;48.5435;7.5328
88531;48.0709;6.8812
97219;14.7777;-61.1679
22349;48.7116;-3.4694
38242;44.9184;5.5781
38448;45.4369;4.7803
62727;50.4611;2.6009
06138;43.4984;6.9300
22287;48.4126;-2.9253
51075;49.3507;4.1591
07227;45.2575;4.7080
40244;43.6808;-1.0321
56129;48.0867;-2.4601
89382;47.9170;3.5936
03200;46.5705;3.2797
26041;45.1865;4.8800
38304;44.9763;5.7933
14659;49.0219;-0.2319
61196;48.3286;0.5527
41229;47.3123;1.3953
67031;48.4477;7.5083
82027;43.9206;1.4091
02237;49.7146;3.5969
04039;43.8281;6.4812
64527;43.3249;-1.4295
67098;48.5299;7.3733
71182;46.7976;4.7275
74025;46.3015;6.3206
74033;46.3699;6.6553
37216;47.0900;0.5995
67414;48.4583;7.1781
82062;43.9567;1.2092
15153;45.1474;2.2664
29227;48.3453;-3.6301
33355;44.6408;-0.2811
62390;50.4041;1.5905
82017;43.8509;1.2924
01398;46.0178;4.8148
42081;45.5836;4.3253
52534;48.6466;4.9122
60350;49.6134;2.8596
77323;49.0376;2.6801
78048;48.8060;1.6253
31161;43.4581;1.5834
37058;47.2863;0.1767
42065;45.7464;4.2205
46038;44.9082;1.8494
56219;47.8268;-2.4980
77264;48.6872;2.9734
78562;48.7133;1.8149
28173;48.4965;1.4545
38051;45.3657;4.8683
46015;44.6473;2.1330
49339;47.5718;-0.5789
38450;45.2703;5.5088
45122;47.7713;2.5149
56022;47.7749;-2.8367
74102;45.8719;6.3330
07255;44.7438;4.5654
27367;49.2341;0.5256
45025;48.2104;2.0603
59613;50.4323;3.5755
85026;46.5767;-1.4774
17059;46.1422;-1.0114
41029;47.4833;1.3249
53211;48.3059;-0.9164
83025;43.5276;5.9371
97131;15.8656;-61.5844
59348;50.2734;3.3180
11014;43.2268;3.0836
37110;47.3096;1.0414
67049;48.5021;7.6088
26289;44.6445;5.2635
39101;47.0817;5.4765
72172;48.0513;0.6297
29108;47.9856;-4.3111
42204;45.4185;4.0729
45134;47.8999;1.6507
49231;47.1052;-0.7504
50579;49.4933;-1.6133
57742;48.6443;7.1663
17307;45.7056;-0.8998
59038;50.2482;3.3712
91634;48.6224;2.1413
03297;46.4826;2.6565
51344;49.0028;3.9238
61038;48.3286;0.5527
42193;45.8037;4.2736
43236;45.3027;4.2906
47159;44.4039;0.2016
51492;48.5867;3.7574
27301;48.9046;1.2730
42318;45.3920;3.9490
61061;48.4407;0.8319
59384;50.1133;3.7395
76018;49.6904;1.0289
11068;43.2164;2.6352
29226;48.0680;-4.3319
42228;45.5527;4.1191
49140;47.1843;0.0348
54490;48.8291;6.0399
58051;46.9644;3.1746
83083;43.4971;6.1512
28278;48.3997;1.5217
59110;50.9241;2.2333
50554;48.6860;-1.3332
59289;50.2224;3.4794
90056;47.5262;7.0264
06026;43.6478;6.8354
07132;44.5629;4.2173
24376;45.1753;0.1894
35169;48.0150;-2.1072
43265;45.2449;4.2151
50273;49.3265;-1.4925
74032;46.2514;6.5461
84076;43.7092;5.6112
12216;44.5271;2.8172
34173;43.6986;3.5705
49120;47.3456;-0.6372
60587;49.3126;2.6006
11430;43.3333;1.9782
45062;48.0107;1.8694
91047;48.4761;2.3434
17009;46.1996;-0.9108
25368;47.3580;6.2106
42181;46.0005;4.2222
49155;47.6290;-0.7330
67008;48.5435;7.5328
06025;43.8114;7.1241
12148;44.4875;2.2016
59313;50.2734;3.3180
76557;49.5497;0.6877
2A269;41.8136;9.3525
58193;47.5311;2.9189
59089;50.8772;2.4274
72016;47.8158;-0.2997
82038;44.2619;1.7949
14249;49.1002;-0.5083
22098;48.5016;-2.5065
36142;46.7938;1.5983
56188;47.9752;-3.1243
57460;49.2476;6.6319
22177;48.6429;-3.0124
24226;44.8666;0.0913
25254;46.9030;6.3641
40257;44.2277;-1.1841
57543;49.2378;6.0905
68305;47.5481;7.1735
82094;44.2467;1.1695
51329;49.3404;3.9587
55154;49.0721;5.4560
63038;45.4771;2.9324
68069;47.9980;7.5293
01213;45.8773;5.3260
29002;47.8874;-3.5077
45261;47.9894;2.0821
49374;47.2534;-0.0966
54043;48.6085;6.0497
78192;48.9109;1.6185
80261;49.8538;2.2270
22061;48.2419;-3.3106
29081;48.3712;-3.7883
45031;47.9909;2.4834
79057;46.1222;-0.2637
90068;47.5946;6.8817
44118;47.4983;-1.3341
62408;50.8633;1.8559
88463;48.2770;6.9444
89344;47.6325;3.0472
35104;48.5421;-1.7195
80635;50.0581;1.8863
84084;43.7676;5.5650
09207;42.9375;1.6433
58104;46.7188;3.3378
60233;49.6501;1.8507
63198;45.9530;2.9682
02298;49.9801;3.6427
17413;46.1422;-1.0114
34089;43.3835;3.0983
42284;46.1173;3.9846
59180;50.6664;2.7016
84104;44.2444;5.0525
03197;46.4502;3.4394
34036;43.7451;3.3468
78616;48.8635;1.7961
05183;44.9492;6.6604
19036;45.5888;1.7213
27017;49.0499;1.1747
47167;44.0578;0.1991
59226;50.1606;4.0863
71542;46.7260;4.1292
83011;43.5889;6.5499
26326;44.3544;4.8046
43132;45.0667;3.4902
58152;46.9061;3.1215
59228;50.3188;3.1236
70428;47.6011;6.1559
77216;48.3068;2.6776
10233;48.4916;3.9335
26125;44.7390;5.0687
47146;44.4078;0.7120
59520;50.1303;3.2286
70561;47.5606;6.4497
23192;46.1461;1.5137
32319;43.6042;0.0669
40132;43.5734;-1.1103
57350;49.0926;6.0226
61342;48.7128;0.5659
69099;45.6957;4.4488
33095;44.2832;-0.2259
37081;47.4193;0.3123
56223;47.6324;-2.1775
61275;48.7021;0.2619
62073;50.3570;2.8302
71585;46.8389;4.8761
24329;45.0218;0.1614
57003;48.5927;7.1037
57390;48.9918;7.4158
04079;44.0833;6.0151
38540;45.2695;5.6021
72118;48.0513;0.6297
01241;46.2854;5.3261
35082;47.8649;-1.4402
39154;46.5974;5.7779
63206;45.9530;2.9682
63212;45.9060;3.1230
70006;47.9248;6.3351
01422;46.2067;5.3861
33023;44.6904;-0.4436
50349;48.9984;-1.5354
59502;50.2046;3.3520
35098;47.7453;-1.7226
38188;45.1373;5.7756
35145;47.7239;-1.9166
42048;46.1513;4.1615
17315;46.1422;-1.0114
45222;48.0888;2.8658
56200;47.8148;-2.3324
63080;45.5536;3.0871
79235;46.9365;-0.7531
22239;48.3196;-2.1406
60689;49.4815;2.8546
01447;46.2067;5.3861
81115;43.4832;2.6361
51291;49.3404;3.9587
67119;48.6732;7.7255
17136;46.1422;-1.0114
28394;48.7096;1.3675
67087;48.8437;7.6070
67359;48.7373;7.7018
68120;47.5444;7.4724
68139;47.5909;7.2086
68320;47.6783;7.2624
27385;49.3519;0.5305
38104;45.5535;5.5703
57535;49.0415;7.2755
59423;50.6664;2.7016
67433;48.3535;7.5943
27193;48.8602;1.3879
54135;48.5368;5.9113
38226;44.7990;5.7655
54089;48.7569;6.2779
41296;47.6084;2.0132
33205;44.5871;-0.4188
59269;50.0657;3.1314
02383;49.8507;3.3825
30339;44.0727;3.6438
69153;45.8692;4.8354
02128;49.4878;3.6830
14150;48.9914;-0.4099
29086;48.3534;-4.1981
56076;47.9752;-3.1243
57222;49.1737;6.8950
71204;46.8389;4.8761
04111;43.9527;5.7868
16026;45.7168;0.1729
17024;46.0200;-0.3370
37249;47.5289;0.5769
42015;46.1669;4.3638
59487;50.6204;2.9512
77254;48.7441;2.7583
21461;46.9890;4.6164
26054;44.2889;4.8732
27322;49.1855;1.1391
58273;46.9269;3.2989
60387;49.5768;1.9657
62606;50.6197;2.7991
80702;49.8143;2.2995
84107;44.0935;5.3950
06092;43.8499;7.3740
18233;47.3016;2.8088
33544;45.5385;-1.0803
41080;47.3654;1.2039
45130;47.7881;1.7861
57351;49.0598;6.2544
69162;46.1512;4.5700
29093;48.5614;-4.3236
17109;46.1422;-1.0114
55117;49.1165;5.1112
59434;50.4490;3.4307
76354;49.4447;0.9587
14120;49.1056;-0.7815
34014;43.7091;3.9132
59579;50.9638;2.4340
71340;46.5278;4.1929
76143;49.6526;0.3995
86081;46.7615;0.4375
34076;43.6139;3.3803
48039;44.4596;3.3409
57022;49.3775;6.0452
67340;48.9564;7.6442
79300;46.9728;-0.1699
18160;46.9512;2.8014
37205;47.2507;0.4731
62360;50.9032;1.8227
67338;48.3535;7.5943
85010;46.4915;-1.5878
21473;47.2635;5.0626
30182;43.8846;4.1895
59382;50.0450;3.4205
59555;50.1687;4.0194
01047;45.8773;5.3260
32027;43.7020;-0.1970
38409;45.0898;5.3986
42134;45.7453;4.0081
56254;47.7164;-2.6066
69139;45.7949;4.4243
77086;48.5850;2.8965
77318;48.7979;2.9027
79326;46.7035;-0.0656
04001;44.0399;6.1020
37183;47.0649;1.0117
62279;50.3153;2.6903
38528;45.1312;5.8522
40125;43.6808;-1.0321
06117;43.8396;7.2405
07116;44.6053;4.4022
18032;47.4579;2.8296
30174;44.0258;4.4117
67105;48.8530;7.1757
72359;48.1973;0.4291
08346;49.7590;4.7131
56079;47.9420;-2.3584
68203;47.8970;7.2239
80062;49.8385;1.7822
89414;48.3093;3.3926
11005;43.1944;2.1878
15221;44.8792;2.4907
33259;44.9990;-0.3983
63350;45.7314;3.2171
76014;49.6375;0.2366
10282;48.3767;3.9888
14009;49.2321;-0.2158
23001;46.0849;2.0174
26038;45.0726;4.8825
34282;43.6245;3.7206
71212;46.6127;4.2171
85198;46.9612;-1.0596
60129;49.4914;2.9770
90041;47.7266;6.9162
45178;47.9909;2.4834
60643;49.5636;2.5505
09268;43.0228;1.1233
61243;48.5957;-0.3367
62383;50.3206;3.0555
24289;44.8666;0.0913
61466;48.7672;-0.5540
66130;42.3896;2.0137
78010;48.9115;1.8546
2A104;41.9373;8.9188
35351;48.0976;-1.9460
62452;50.7083;2.2823
80240;49.9092;2.9380
88423;48.2059;6.9566
19248;45.4534;1.5848
49284;47.4199;-0.7442
82135;43.9206;1.4091
01290;45.8985;5.1634
10287;48.3497;4.3203
16058;45.6930;-0.3423
22116;48.5201;-2.9747
59670;50.5444;2.9148
19194;45.3660;1.6836
59602;50.6051;3.2044
21535;47.3918;5.1164
25529;47.3147;6.5585
48132;44.8003;3.4300
68072;47.6959;7.3985
71448;46.3801;4.8543
07205;45.1862;4.6308
74167;45.7729;6.2585
79289;46.9365;-0.7531
03165;46.0430;3.6956
14460;49.1904;0.3493
66121;42.6894;2.7012
67325;48.5545;7.3038
86045;46.4312;0.1024
03025;46.4502;3.4394
21337;47.2729;5.3698
35132;48.5421;-1.7195
40295;44.3533;-0.7860
67451;48.9935;7.9709
69031;45.7651;4.5374
69084;46.2083;4.6608
09289;43.0228;1.1233
53124;47.8199;-0.7037
57028;49.1986;6.3008
62391;50.6140;2.4644
62620;50.6358;2.3677
62718;50.2944;2.9115
63211;45.4805;3.7216
74209;46.1508;6.4005
76179;49.5862;1.1495
81170;44.0839;2.0693
87128;46.0208;1.2045
89151;48.0863;3.3016
06113;43.8073;7.4779
54227;49.1733;5.9164
60695;49.1857;2.4874
04205;44.3210;6.3290
27174;49.3519;0.5305
47048;44.5381;0.6045
67055;48.3174;7.6818
68322;47.8078;7.1623
82126;44.1565;1.5437
88132;48.1845;6.4853
07343;44.5629;4.2173
17253;45.9652;-0.8347
35246;48.5421;-1.7195
37143;47.0872;0.7995
43018;44.9661;3.8351
53175;48.0032;-0.6927
70248;47.6009;6.6927
87158;45.7952;0.9722
26311;44.9670;5.2827
35296;48.2553;-1.6163
70464;47.6775;6.5035
85106;46.9670;-2.2310
85259;46.8741;-1.0323
59293;50.6440;2.6142
62827;50.7978;2.0540
80222;50.2392;1.9183
88099;48.2558;6.4203
17053;45.9652;-0.8347
22059;48.4126;-2.9253
25380;46.7616;6.3586
30336;43.7802;4.5823
35283;48.1189;-1.3745
64513;43.4030;-0.9224
81315;43.6265;2.1131
60646;49.5063;2.0075
95625;49.0802;1.9139
52432;47.9429;5.2580
68255;47.9667;7.2759
77358;48.9688;2.8438
70321;47.6775;6.5035
34002;43.5651;3.5508
72364;47.6976;0.4012
25170;47.4766;6.7673
26049;44.9877;5.0803
31210;43.4015;1.7281
45129;47.9446;2.9406
45200;47.7167;1.9753
54188;48.8078;6.2608
56111;47.6819;-2.2995
68093;47.6783;7.2624
72068;47.7457;0.5700
77199;48.9379;2.9571
05162;44.4208;5.9576
29005;47.8874;-3.5077
31003;43.5931;1.5907
52211;48.2878;5.0954
63151;45.8544;3.5325
77510;48.8118;2.8252
85126;46.4730;-0.8043
56080;48.0867;-2.4601
68115;47.7497;7.0910
40274;43.9331;-0.5266
53219;48.3036;-0.6947
60477;49.4574;1.8983
07157;44.5767;4.6363
35187;48.0976;-1.9460
49369;47.4060;0.0723
53157;48.0004;-0.7875
72378;47.8158;-0.2997
17147;45.8271;-0.4669
17330;45.8270;-0.8280
33412;45.3178;-0.9215
37059;47.4694;0.6589
87118;45.9426;1.1565
44076;47.5721;-1.6018
57499;49.0604;7.0468
59614;50.1567;3.4568
88126;48.1761;6.3456
21412;46.9857;4.7542
25196;47.4589;6.8806
28113;48.6497;1.5083
35217;48.0412;-1.1357
80333;50.3005;1.6843
14592;49.1002;-0.5083
16119;45.5803;0.2625
25394;47.4566;6.6704
37204;47.5289;0.5769
65447;43.1910;0.2471
77295;48.5739;2.6988
01108;46.3890;5.3034
18058;46.8351;2.3602
51576;49.0294;4.1667
64233;43.5419;-0.2263
66228;42.7054;2.7989
68157;48.0999;7.4947
69070;45.9922;4.3609
01337;46.4317;4.9642
25293;46.9030;6.3641
26211;44.3544;4.8046
37060;47.4513;1.0208
40314;43.6808;-1.0321
57372;49.3625;6.2749
67442;48.6179;7.4214
79283;46.3657;-0.2919
85212;46.6519;-1.2566
17323;46.0246;-1.3870
47078;44.2891;0.2601
55288;48.7757;5.6142
68144;47.7818;7.5013
74152;45.9569;6.0445
76468;49.5851;0.5010
77311;48.4788;3.1219
85177;46.3689;-0.8915
07265;45.2521;4.6444
18126;46.9638;2.4408
23025;46.3347;1.8902
33007;44.6904;-0.4436
67504;48.4477;7.5083
01115;46.2413;5.1155
25453;47.2225;6.5213
76594;49.4876;1.0079
02318;49.5467;3.2770
11041;43.2794;2.8839
42093;45.5245;4.5131
02574;49.8859;4.0107
05118;44.2953;5.8168
14328;49.2098;-0.2524
16242;46.0169;0.2464
30347;43.6360;4.3020
35300;48.1380;-1.1897
53104;47.8199;-0.7037
70261;47.6011;6.1559
77116;48.7633;3.3188
85264;46.6285;-0.7127
14014;49.2528;-0.4264
21577;47.1013;5.2597
27351;49.1855;1.1391
34224;43.4960;3.1922
66115;42.5221;2.9071
09272;42.9515;1.5808
16175;45.4909;0.0543
33348;45.3178;-0.9215
42270;45.4075;4.2083
53066;47.8199;-0.7037
58182;46.9712;3.7752
77203;49.0000;2.9184
80070;50.1635;2.3412
01036;45.9507;5.6875
15092;45.4133;2.5954
28417;48.5762;1.5842
31334;43.3609;1.2764
74310;45.7925;6.0390
80406;50.0034;1.8509
81097;43.8945;2.1798
17344;45.8271;-0.4669
34312;43.7273;3.1142
35340;48.0150;-2.1072
49329;47.4199;-0.7442
02037;49.5539;3.5934
07225;45.2575;4.7080
37282;46.8378;0.9322
40201;43.7488;-0.7202
45226;47.7640;2.1859
50294;49.5876;-1.6918
71292;46.7976;4.7275
82194;43.9206;1.4091
66084;42.6000;2.7620
47057;44.6509;0.5924
54563;48.4908;6.0695
59336;50.2770;3.0314
73153;45.7638;6.4364
80039;50.0981;1.4747
07288;44.7438;4.5654
18140;47.1276;2.0736
37264;47.2507;0.4731
49022;47.2427;-0.6678
60013;49.3228;2.5367
72381;47.9190;0.0348
87063;45.7856;1.3536
08419;49.7134;4.4617
33480;44.8803;-0.1545
42156;45.9031;4.1301
67065;48.5781;7.5990
80718;49.9236;2.2042
02382;49.8581;3.2138
03100;46.5135;3.6823
11033;43.2068;1.7939
26072;45.0726;4.8825
27015;49.2436;1.2750
30136;43.8069;4.1014
41025;47.5556;1.5404
45240;48.2104;2.0603
56252;47.5245;-2.7414
84123;44.0935;5.3950
21023;47.1178;4.4806
31206;43.2904;1.5150
33525;45.0625;-0.5573
37237;47.4694;0.6589
42075;45.6418;4.2506
52050;48.1143;5.3203
16295;45.7923;0.1229
60701;49.4932;2.4185
64133;43.2456;-0.2824
01371;45.9283;4.9273
59113;50.3590;3.2674
65007;43.3119;0.0820
74088;46.0441;6.1064
33545;45.2625;-0.8093
57340;49.1134;6.9840
01243;46.0178;4.8148
17072;45.8271;-0.4669
26008;44.5548;4.7480
50543;48.6305;-1.3132
59004;50.4757;3.2469
59638;50.5604;3.2331
64123;43.4828;-1.1686
70433;47.6011;6.1559
76307;49.6375;0.2366
77336;48.7336;2.8554
06127;44.0251;7.3084
49029;47.3445;-0.3838
33082;44.9990;-0.3983
51002;49.0028;3.9238
77457;48.6503;2.7144
03314;46.2768;2.6613
25112;47.2829;6.1216
28185;48.7778;1.5096
31281;43.7562;1.2342
33220;45.0421;-0.6866
77084;48.9479;3.0262
80639;49.9961;2.3435
25429;47.2829;6.1216
33101;45.1614;-0.6351
40333;44.0293;-0.8867
41241;47.4120;2.0613
42087;45.6194;4.0612
45317;47.8004;1.6003
57601;49.1183;6.0836
01118;45.9854;5.7839
11217;43.2794;2.8839
33187;44.5793;-0.0315
59166;50.3348;3.6096
84102;43.9245;5.2459
16300;45.8752;0.1966
69106;45.9282;4.7023
76041;49.6137;0.7501
78140;48.9831;1.9211
91080;48.4761;2.3434
19227;45.2775;1.6584
26009;45.2622;4.8670
47137;44.1400;0.5385
02292;49.0643;3.3913
04192;43.9101;5.7195
49338;47.3760;-0.5379
72247;47.9648;0.1246
74284;46.1508;6.4005
76141;49.6526;0.3995
46311;44.8868;2.0209
62713;50.6043;2.5602
62875;50.6358;2.3677
63035;45.9934;3.0988
79259;46.9728;-0.1699
53123;48.2254;-1.0006
57575;49.1295;6.2950
58083;47.2312;3.7046
67122;48.6210;7.3058
70240;47.8605;6.2465
74121;46.3015;6.3206
35304;48.2908;-1.3947
47165;44.5339;0.0738
60256;49.2430;1.8875
60330;49.2741;2.1670
64549;43.3794;-0.4500
68026;48.1424;7.3323
82171;43.9567;1.2092
89228;47.7556;3.4265
07155;44.6053;4.4022
15255;44.8792;2.4907
33548;44.9676;-0.2995
67331;48.8325;7.8204
02780;49.3519;3.3202
36103;47.1370;1.4112
62075;50.6825;1.6683
62174;50.8469;1.9756
68329;48.0539;7.1061
88481;48.0725;6.4196
27032;48.8630;1.0692
27196;49.2824;1.1142
51204;49.0992;3.8671
72226;47.8261;0.1010
17073;45.7574;-0.6043
27516;49.1002;0.5976
28096;48.8653;1.4846
36001;46.4666;1.8337
44136;47.1411;-2.1911
61447;48.8338;-0.5413
22144;48.4956;-2.8211
27157;48.8561;0.8776
07199;44.5252;4.1455
79281;46.3957;-0.4250
85022;46.4256;-1.4617
91525;48.4944;1.9962
19023;45.1312;1.7100
37128;47.3410;0.3808
39576;46.5636;5.4298
42174;45.7464;4.2205
57208;49.0985;6.8657
73183;45.5008;6.0585
01403;45.8059;5.4773
04063;43.7711;5.7585
08365;49.8122;4.5255
57712;48.7720;6.5879
62584;50.6043;2.5602
03048;46.5881;2.8054
06015;43.8299;7.3099
54222;48.4697;6.4940
63415;45.5677;3.4177
77177;48.7441;2.7583
01285;45.9478;4.8058
02103;50.0068;3.6946
68242;47.9789;7.3919
17019;46.2212;-1.5237
33362;45.0105;-0.2196
39190;47.1361;5.6580
53121;48.4289;-0.3424
68129;47.7183;7.2205
54051;49.1765;5.9698
72306;47.8487;0.2926
81081;43.4692;2.1562
87203;45.7006;1.4006
14579;49.0067;-0.6820
30288;44.1738;4.6090
35229;48.1380;-1.1897
38334;45.1843;5.8828
42139;45.3345;4.4273
49362;47.2534;-0.0966
56213;48.0812;-2.8608
56229;47.7587;-2.1829
69201;45.6957;4.4488
86015;46.1383;0.5811
46137;44.4542;1.4651
62264;50.5929;1.6061
74215;45.8403;6.6121
17243;45.2421;-0.2906
18127;46.7848;2.1807
19019;44.9960;1.8080
19138;45.0557;1.6594
21027;47.4355;5.0154
25157;46.9030;6.3641
27302;49.2357;0.9352
62810;50.3570;2.8302
86224;46.9074;0.4136
90097;47.5946;6.8817
39365;47.0181;5.6398
67367;48.7358;7.3547
90012;47.6450;6.9210
02203;49.2129;3.3501
07013;45.1563;4.6375
17166;46.0811;-0.9182
22324;48.7941;-3.4413
25418;47.2569;6.2911
33040;44.6408;-0.2811
51160;48.9342;4.2705
76631;49.4757;0.8813
49311;47.3845;-0.0956
03107;46.1429;3.0387
11132;43.1662;2.7889
22178;48.6429;-3.0124
64249;43.4227;-1.5691
79302;46.4368;-0.2264
84148;44.0412;5.2312
88426;47.8465;6.8547
97110;16.3116;-61.0529
02521;48.9876;3.2783
25058;47.1886;5.9843
26087;45.1158;5.1316
37241;47.4193;0.3123
49352;47.0354;-0.6819
57568;49.1057;7.1177
73089;45.5008;6.0585
95592;49.0802;1.9139
22388;48.4277;-2.2014
33553;44.9990;-0.3983
14035;49.1880;-0.8225
18118;47.0397;2.9746
21532;47.2253;5.2015
25410;47.1990;6.0774
44141;47.2258;-1.2955
56220;47.7670;-3.2429
89441;47.6119;3.7459
17077;45.1883;-0.1834
50237;48.8091;-1.4036
55519;48.7202;5.2789
59629;50.4112;3.2736
78108;48.7133;1.8149
80507;49.9016;2.5356
80827;50.0606;1.5186
81101;44.0037;2.1739
36070;46.4580;1.5590
52411;48.4590;4.7836
59064;50.3790;3.3983
59637;50.4112;3.2736
62205;50.6358;2.3677
19285;45.3469;1.5146
63126;45.6588;3.0833
72147;48.1390;0.1549
76169;49.5106;0.3569
76467;49.8337;0.7274
17339;45.4260;-0.4052
22387;48.6138;-3.4715
25475;47.0722;5.8982
28023;48.5412;1.6913
40187;43.8329;-1.3622
68301;47.6959;7.3985
74205;46.1757;6.4913
77208;48.4694;3.3403
05166;44.3940;5.6937
24035;44.7520;1.0461
31247;43.1295;0.7342
35058;48.2777;-1.8126
42021;45.5094;4.0434
49174;47.6620;-0.2693
60501;49.4815;2.8546
65127;43.0681;0.2918
77415;48.9479;3.0262
78262;48.7796;1.7946
87027;45.6621;1.0109
15268;44.8597;2.1840
29202;48.4944;-3.8985
41143;48.0018;0.8990
64130;43.3478;-1.7122
95177;49.1161;2.0108
02186;48.9734;3.3869
07022;44.6930;4.6834
25200;47.3324;6.0368
33071;44.8154;-0.2027
52197;47.7591;5.5836
14578;49.2820;0.2287
17119;45.7056;-0.8998
49266;47.4199;-0.7442
14126;49.1716;0.0767
22077;48.5016;-2.5065
68032;47.8970;7.2239
82117;44.3360;0.9985
91408;48.4186;2.4623
01203;46.2467;4.8854
41148;47.5967;1.4174
43120;45.3649;3.2524
47101;44.4962;0.1739
72084;47.7080;-0.1036
86244;46.4312;0.1024
26212;44.8733;5.0351
66173;42.6894;2.7012
76404;49.5771;0.2280
53155;48.3059;-0.9164
59194;50.2232;3.6852
62634;50.8959;2.0814
09264;42.9515;1.5808
37276;47.5924;0.8925
63132;45.6302;3.5682
64421;43.1541;-0.5067
86235;46.3481;0.3845
06120;44.2619;6.8979
27426;49.2776;1.7268
2A189;41.7122;8.9050
38070;45.2307;5.9478
43241;44.9661;3.8351
45050;48.1873;2.2537
73278;45.3947;6.2531
78384;48.9439;1.9927
81037;43.6113;2.5332
21086;47.0093;4.8835
37192;47.2139;0.9305
43218;45.0369;4.0674
54364;48.5984;6.1395
67223;48.4870;7.5692
68097;48.1678;7.2160
68227;48.0999;7.4947
79157;46.9728;-0.1699
89195;48.1970;3.2892
35234;48.1588;-2.1837
39173;46.5636;5.4298
65223;43.1968;0.0668
01405;46.1542;5.1753
04178;44.0613;5.7944
11264;43.1662;2.7889
14162;48.9153;-0.5064
35215;48.3600;-1.1890
35355;48.3345;-1.5140
53072;48.1997;-0.6433
59424;50.2276;3.9287
69193;45.5296;4.8302
73105;45.4670;5.7646
08107;49.5450;4.2165
09032;42.6879;1.8646
29067;48.5311;-3.6119
35279;48.5818;-1.9366
53029;47.8358;-0.4863
80523;50.0227;2.6606
84086;43.8316;5.1700
91106;48.5636;2.1718
16348;45.6817;0.0128
14069;49.1310;0.2591
28330;48.0751;1.3674
31053;43.6434;1.5500
40102;44.0239;0.0326
42150;45.7453;4.0081
50178;49.6814;-1.4544
71282;46.7997;4.3454
88361;48.3052;7.1076
89274;48.1970;3.2892
08497;49.7590;4.7131
17331;45.4692;-0.6260
24550;45.1556;1.0569
29111;48.6195;-4.2071
67155;48.3962;7.4116
67375;48.6570;7.6046
72056;48.3895;0.1686
82098;43.9774;1.5295
82105;43.8533;1.1685
02057;49.9674;3.4414
35338;48.0412;-1.1357
56160;47.9732;-2.5848
63368;45.7171;3.3695
86225;46.8728;0.0622
02359;49.8079;3.2409
03106;46.2768;2.6613
24534;44.7790;0.3900
25265;47.3324;6.0368
27343;49.0198;1.3552
59196;50.6204;2.9512
77154;48.7979;2.9027
80649;50.3005;1.6843
11295;43.0519;2.9061
17267;46.1996;-0.9108
17463;45.9493;-0.9753
78171;48.7270;1.6475
80716;50.1342;1.9757
24133;45.5667;0.9580
30051;44.2169;4.0081
53018;47.8986;-1.1039
66226;42.6000;2.7620
69246;45.9428;4.5565
76446;49.4255;1.0038
76751;49.6510;0.6000
21496;47.3192;5.3981
22014;48.5018;-2.2265
23076;46.1329;2.4610
38135;45.7027;5.4536
56029;47.9398;-3.3118
57588;49.4546;6.2400
76522;49.5106;0.3569
81308;44.0068;2.4100
57218;48.9870;6.2104
76503;49.5442;0.9451
11140;43.1662;2.7889
50288;48.6860;-1.3332
85291;46.6440;-1.1843
27656;49.3519;0.5305
77261;48.2431;2.8843
86048;46.7375;0.3292
13095;43.5353;5.4345
25320;46.8057;6.2814
54362;49.3854;5.7581
69045;46.1265;4.7236
74262;46.1145;6.2566
80622;49.9553;2.0974
82113;44.1884;1.3388
16019;45.6817;0.0128
17310;45.5824;-0.6940
27386;49.3217;1.1718
41120;47.8538;0.8666
16204;45.5885;-0.0877
22152;48.7897;-3.2370
35034;48.5421;-1.7195
50564;49.2869;-1.2654
62618;50.7978;2.0540
64329;43.2930;-0.2936
68182;47.5444;7.4724
71444;46.6466;4.8496
19162;45.3469;1.5146
62412;50.8070;1.8319
74053;46.2998;6.4669
89311;47.7556;3.4265
18241;47.3016;2.8088
55553;48.7757;5.6142
81261;43.6943;1.8037
06031;43.7532;7.3316
21590;47.0968;4.8050
29208;48.5288;-4.6433
34094;43.4167;3.3147
46143;44.7466;1.9153
57330;49.0412;6.9247
76684;49.5106;0.3569
89236;48.1970;3.2892
27693;48.8630;1.0692
57680;48.6443;7.1663
62323;50.2944;2.9115
64282;43.3959;-1.4500
72150;48.1390;0.1549
11281;43.2499;2.0646
46330;44.9555;1.6903
57261;49.0415;7.2755
17102;45.6644;-0.6608
31495;43.3306;1.6295
37049;47.2139;0.9305
39441;46.4870;6.0647
02430;49.6393;3.8348
41155;47.7125;1.4546
51431;49.0028;3.9238
56109;47.5678;-2.4757
57764;49.4394;6.1200
66161;42.6388;2.3541
70117;47.6009;6.6927
38359;45.1571;5.3036
57603;49.4699;5.9473
62200;50.5268;2.7393
45212;47.9535;2.6969
68011;47.8078;7.1623
87049;45.5304;1.2163
01196;46.3400;5.1330
01418;45.8725;5.0405
17359;46.1164;-0.7269
19061;45.2304;1.8356
35231;47.8914;-1.5882
44222;47.4363;-1.2021
47324;44.6268;0.7384
50085;48.8970;-1.5246
59501;50.4112;3.2736
59662;50.8083;2.4648
77022;48.4244;2.5726
88081;47.8916;6.8768
95409;49.0549;2.3337
30342;44.1738;4.6090
33436;44.5167;-0.6351
33494;44.9057;-0.7931
52265;48.5435;5.1165
24237;44.8574;0.4953
28127;48.2085;1.1533
41159;47.5197;1.8529
45329;47.9446;2.9406
51054;49.2685;4.3106
68140;47.8952;7.4965
77065;48.4690;2.5564
14278;49.1830;-0.6348
41256;47.4120;2.0613
57668;49.0669;6.6477
60639;49.4272;2.0848
01229;46.3400;5.1330
01423;45.9478;4.8058
07126;44.3891;4.3984
45289;48.0809;2.0575
74219;45.8557;6.0809
79012;46.4824;-0.5483
19269;45.5243;1.7835
31407;43.7314;1.5789
35021;48.3600;-1.1890
62532;50.5066;2.5026
86255;46.1593;0.2769
11178;43.3837;1.8553
38004;45.2139;5.4122
56163;48.0755;-3.2380
57385;49.0970;6.3719
58232;46.9863;3.4452
64386;43.1417;-0.2429
67233;48.3535;7.5943
82085;44.0395;1.2489
90069;47.5385;6.9313
16025;45.3787;-0.2012
31249;43.4581;1.5834
31311;43.8426;1.5086
38405;45.3577;5.6817
41091;47.6799;1.2615
61008;48.7128;0.5659
67019;48.2649;7.4899
09245;43.0413;1.6293
26160;45.1865;4.8800
38212;45.0662;5.8468
63229;45.8178;3.3999
77469;48.7378;3.0113
82101;44.1307;1.0797
85256;46.4730;-0.8043
27107;49.3519;0.5305
31478;43.4596;1.8786
37047;47.4694;0.6589
37131;47.4513;1.0208
45182;47.7167;1.9753
80714;50.0734;1.4523
40031;43.8530;-0.7905
44159;47.1278;-1.4012
58145;47.2943;3.8757
26216;45.1865;4.8800
35142;48.3600;-1.1890
74064;46.0342;6.6184
85165;46.6519;-1.2566
86114;46.5622;0.5200
87030;45.8915;0.9082
19288;45.2879;1.3971
50149;49.5876;-1.6918
71379;46.6261;5.3508
22107;48.2162;-3.1568
70171;47.9248;6.3351
73241;45.6176;6.3020
77180;48.7410;2.6290
01390;45.8773;5.3260
11426;43.3064;2.3749
27316;49.3763;0.7043
33272;45.1008;-0.3571
33350;44.8154;-0.2027
53168;48.0004;-0.7875
60370;49.2330;2.1306
69233;45.8484;4.8566
79265;46.9728;-0.1699
89295;47.8006;3.5635
26176;44.6175;4.8293
33463;44.5992;-0.1937
34242;43.7408;3.9985
40269;43.5734;-1.1103
42215;46.1636;4.2356
85179;46.4915;-1.5878
01145;46.0917;5.1480
22363;48.8065;-3.3577
30226;44.2446;4.6125
33471;45.1927;-0.7867
38003;45.3657;4.8683
38190;45.7906;5.3248
47043;44.2891;0.2601
65123;42.9708;0.1669
76434;49.3789;1.2157
76536;49.4576;1.2091
76728;49.4876;1.0079
76753;49.3789;1.2157
89130;47.6638;3.6805
24142;44.8621;1.0657
38191;45.0970;6.0848
52123;48.5435;5.1165
59281;50.5369;2.8456
72340;48.1733;0.2504
11434;43.2499;2.0646
30165;44.1624;4.1539
31383;43.7314;1.5789
50436;48.6563;-0.9349
61093;48.7507;-0.7219
62190;50.6043;2.5602
22218;48.8392;-3.2408
40194;43.7282;-0.8473
62330;50.5268;2.7393
62487;50.8301;1.7103
06137;43.6478;6.8354
31075;43.5121;1.1587
36247;46.9845;1.6365
40271;43.5480;-1.3174
26106;44.6175;4.8293
33465;44.5338;-0.2659
49195;47.0523;-0.9115
50647;48.8339;-1.5330
51183;49.3404;3.9587
53136;47.8199;-0.7037
55166;49.1850;5.3383
65069;43.0307;0.3876
72336;47.8158;-0.2997
85093;46.6440;-1.1843
86256;46.5622;0.5200
08218;49.8989;4.7905
66127;42.8238;2.8525
81051;44.0175;1.7816
03315;46.4485;2.8463
09188;42.8458;1.5712
11190;43.2164;2.6352
27073;48.9046;1.2730
28406;48.2900;1.6836
42126;45.4185;4.0729
82042;44.2467;1.1695
09181;43.0689;1.3366
35101;48.2058;-1.3219
40180;43.8530;-0.7905
45097;47.9446;2.9406
67097;48.6570;7.6046
81276;43.9169;1.6238
23031;46.3478;2.2251
27100;49.3652;0.3712
43262;45.2693;3.3650
07090;44.7438;4.5654
42324;45.5673;4.2691
57356;49.4394;6.1200
77063;48.7913;2.9964
86221;46.8283;0.3305
87174;45.7006;1.4006
05036;44.6421;6.4835
06077;43.8499;7.3740
18103;47.1585;1.8792
27005;49.1558;1.3062
28027;48.1792;0.9101
30041;44.0258;4.4117
35138;48.3600;-1.1890
35343;47.8914;-1.5882
37175;47.5261;0.8035
38496;45.3657;4.8683
70198;47.5819;5.6836
76392;49.8397;1.4111
84052;43.7676;5.5650
85239;46.7171;-1.7876
31580;43.4654;1.3960
34214;43.4960;3.1922
35358;48.5818;-1.9366
50388;48.9717;-1.4710
59218;50.0518;3.9213
71002;46.7127;5.0019
85158;46.4559;-0.9958
02439;49.3989;3.7382
25159;47.4566;6.6704
40231;43.5734;-1.1103
28386;48.5968;1.2694
42175;45.7464;4.2205
46297;44.6658;1.3035
31575;43.5091;1.4746
01336;46.1542;5.1753
22204;48.6935;-3.1588
31028;43.2381;0.8756
34343;43.7838;3.6963
85138;46.6075;-1.6572
26312;44.6175;4.8293
59358;50.9241;2.2333
67420;48.4804;7.2102
76263;49.4839;1.6393
01338;45.7526;5.5545
33100;45.1614;-0.6351
42115;45.3345;4.4273
58260;46.8506;3.1847
74134;46.1543;6.6602
64037;43.3794;-0.4500
69093;46.0727;4.4762
76100;49.4774;1.3133
82050;44.0665;0.8462
85296;46.9003;-0.8937
03093;46.1385;3.5187
25063;47.4028;6.8756
34223;43.4960;3.1922
42231;46.1173;3.9846
54036;49.2643;5.8940
60628;49.4380;2.2466
63121;45.6255;3.1981
67329;48.4477;7.5083
71584;46.4475;4.8180
72173;47.6976;0.4012
81036;43.5286;2.3974
08239;49.3635;4.4330
27263;49.3519;0.5305
27598;49.2436;1.2750
2B150;42.4958;8.7998
57360;49.1628;6.9539
60489;49.1416;2.8329
81317;43.9056;2.3529
88355;48.3420;6.4424
22275;48.1856;-2.7622
49344;47.6290;-0.7330
64216;43.2728;-0.1852
89391;48.3049;3.2038
91038;48.4939;2.1816
30325;43.9871;3.7147
45291;47.6698;2.6205
49211;47.1670;-0.6093
53016;48.2445;-0.3322
65350;43.2863;0.0354
79096;46.8536;-0.6623
73067;45.3260;6.2616
11418;43.2499;2.0646
17265;45.7056;-0.8998
21699;47.1835;5.3733
27290;49.0700;0.8168
62078;50.8469;1.9756
66160;42.4988;2.7159
71333;46.7753;4.9219
04045;43.8506;5.5898
43010;45.0331;3.9492
76565;49.8714;1.0527
77292;48.9494;2.7161
78605;48.8501;1.6779
30253;44.2386;4.1285
33028;44.8431;-0.3283
41199;47.6757;0.9717
42334;45.8519;4.3494
45049;47.8358;2.3891
57194;49.4394;6.1200
60700;49.3441;2.1588
69051;45.6117;4.6396
82089;44.1321;0.8207
03043;46.1767;3.3256
60619;49.0926;2.7510
72022;47.7080;-0.1036
86276;46.2607;0.5096
25309;46.9030;6.3641
33195;44.4084;-0.0564
58227;47.5134;3.0868
67173;48.6570;7.6046
76550;49.3774;0.9479
36009;46.7141;1.6862
53100;48.4739;-0.9584
67082;48.7864;7.9918
68247;47.9280;6.9936
68367;48.0999;7.4947
37186;47.2480;0.6141
59243;50.1316;3.3720
86120;46.3309;0.9553
86193;46.7433;0.7101
08420;49.9132;4.3047
29224;48.0680;-4.3319
32233;43.5314;0.1696
40246;44.1586;-0.7280
59189;50.8039;2.5781
62638;50.2131;3.0738
66056;42.6444;2.5994
71149;46.8944;4.5385
85200;46.4860;-1.3821
14355;49.2806;-0.5333
28135;48.5973;1.6921
42020;45.6418;4.2506
50648;49.5258;-1.4865
69077;46.1265;4.7236
69061;45.9972;4.6146
71294;46.7976;4.7275
76499;49.4717;0.6014
07152;45.0569;4.7787
12305;44.5335;2.2559
17375;45.9140;-1.0353
62792;50.7991;2.1603
86077;46.3927;0.7264
88101;48.1368;6.6273
48127;44.6861;3.4562
59134;50.0896;3.8302
66048;42.4438;3.1475
76534;49.5771;0.2280
24295;45.1300;0.5415
25084;47.1649;5.8964
33260;44.4812;-0.8231
34056;43.4542;3.4258
47086;44.6787;0.2325
74057;46.3699;6.6553
87182;46.3148;1.3582
95628;49.0980;2.1804
02502;49.6857;4.0229
12119;44.6915;2.8164
25245;47.1990;6.0774
27011;49.2357;0.9352
59275;50.6051;3.2044
76250;49.5106;0.3569
01444;45.8773;5.3260
28158;48.3997;1.5217
42283;45.5337;4.6010
57192;49.0068;7.3160
77039;48.5351;2.6073
01181;46.2469;5.6523
02011;49.4211;3.1801
07322;44.6740;4.1122
12286;43.9346;2.8483
19011;45.3933;1.3763
27504;49.0499;1.1747
68006;47.6466;7.1067
2A300;41.6636;9.1582
39171;46.6552;5.5739
57119;48.7426;7.0360
71484;46.6399;5.2217
28398;48.2085;1.1533
45006;47.8140;1.8769
62882;50.6841;2.0790
68240;47.5717;7.3215
30140;44.0515;3.8329
32155;43.7706;-0.1790
32331;43.7008;0.6218
35362;48.5204;-1.8696
68038;48.0999;7.4947
73058;45.5164;5.7306
88371;48.0725;6.4196
01431;45.8773;5.3260
22340;48.6535;-3.3087
24164;45.3309;1.0822
27114;48.9602;1.4448
38218;45.3939;5.2212
71520;46.7539;4.8293
82018;44.0612;1.5859
41094;47.4203;1.4396
41275;47.9130;1.2078
74038;46.1508;6.4005
89227;47.9142;3.7752
07107;44.6420;4.2368
06074;44.0251;7.3084
11301;43.2164;2.6352
26183;44.7390;5.0687
33541;45.4294;-1.0437
68095;48.0999;7.4947
84020;43.8258;5.3211
15154;44.9796;2.6572
19100;45.3660;1.6836
32425;43.6005;1.0782
47169;44.1400;0.5385
56207;47.8955;-3.0143
59626;50.2232;3.6852
76090;49.5851;0.5010
91284;48.4944;1.9962
01258;46.0870;4.7961
26071;45.0726;4.8825
57454;49.0598;6.2544
60678;49.2336;2.0741
62403;50.6952;2.2275
65198;43.0347;0.1428
80598;50.2063;1.7330
90076;47.6450;6.9210
02187;49.0643;3.3913
05045;44.5289;6.5355
07182;44.6420;4.2368
16153;45.7158;-0.1843
21315;47.3937;4.9552
27548;48.8037;1.1940
41074;47.6522;1.6663
43163;45.2180;4.4027
56133;47.8148;-2.3324
67167;48.5299;7.3733
68368;48.0591;7.2167
69071;45.8692;4.8354
73129;45.6176;6.3020
81297;43.9344;2.0310
38323;45.5317;5.6544
57156;49.0970;6.3719
64374;43.3794;-0.4500
76576;49.5851;0.5010
86068;46.2232;0.1762
38473;45.3939;5.2212
53141;48.0753;-0.6090
57211;49.2043;6.1533
76291;49.7369;0.3976
02798;48.9129;3.4404
07009;45.2925;4.7458
47283;44.5448;0.9735
63354;46.0374;2.8071
86124;46.5622;0.5200
27108;48.7461;0.7878
38471;45.2521;5.7666
59545;50.0869;3.5816
77001;48.2952;2.5428
80160;49.8586;2.3450
30191;44.1738;4.6090
68379;47.9980;7.5293
76039;49.3789;1.2157
80190;50.0687;1.6499
02540;49.0643;3.3913
53200;48.3036;-0.6947
60074;49.2147;2.3543
17285;45.8646;-0.6574
17448;45.9788;-0.6802
22199;48.7862;-3.1424
36069;47.0499;1.3807
87046;45.7952;0.9722
11285;43.0900;2.9488
32079;43.9566;0.1719
38351;45.5640;5.2955
53048;48.2330;-0.8678
76707;49.8714;1.0527
77141;48.8616;2.9501
80696;49.8143;2.2995
03126;46.0550;3.4960
12215;44.4669;2.4817
17262;45.7619;-0.7171
39199;46.7426;5.6286
73231;45.3260;6.2616
82031;44.0234;1.0121
91109;48.3976;2.1970
01235;46.0917;5.1480
24011;45.2732;0.8916
40123;43.7691;-1.0741
89218;47.9903;3.5106
95088;48.9856;2.4553
24516;44.9881;1.3326
33317;44.9990;-0.3983
40309;43.7488;-0.7202
74052;46.0441;6.1064
80136;49.9195;2.7339
85014;46.6729;-0.8669
90023;47.7124;6.8380
17457;46.1164;-0.7269
24091;44.7743;1.2133
45259;47.9909;2.4834
46156;44.4542;1.4651
56030;47.5390;-2.2754
63180;45.9054;3.3618
68317;48.0539;7.1061
69067;45.7651;4.5374
89124;48.3049;3.2038
29263;48.2800;-4.1076
2B281;42.8295;9.4407
38362;45.3922;5.6488
39017;46.7588;5.4394
44039;47.1954;-1.8324
47300;44.1400;0.5385
57514;49.1134;6.9840
63131;45.9054;3.3618
66025;42.5299;1.8824
29079;48.6115;-3.9061
74283;45.8870;5.9437
76650;49.6526;0.3995
01325;45.8985;5.1634
22002;48.5016;-2.5065
24328;45.6404;0.6496
41231;47.5197;1.8529
67408;48.6179;7.4214
74240;46.1508;6.4005
78033;48.9287;1.8418
90071;47.6056;6.9908
01123;46.2467;4.8854
14740;49.0265;0.3433
38246;45.5700;5.4529
40307;44.2728;-0.5446
57101;49.1628;6.9539
73263;45.7110;5.9421
84136;44.1504;5.0233
26155;45.2969;4.9849
53267;48.0583;-0.4704
57633;49.0718;7.1258
68222;47.5440;7.3391
77440;48.9692;3.1248
21353;47.2253;5.2015
29136;47.9478;-3.5331
31224;43.1080;0.5860
64320;42.9183;-0.3959
77209;48.8817;2.7026
83145;43.5813;6.0334
84044;44.1923;5.1675
21632;47.2253;5.2015
27439;49.0499;1.1747
30171;44.2685;4.1531
32162;43.7494;0.4911
68235;47.9789;7.3919
77008;49.0212;3.0501
79038;46.8620;-0.4716
22101;48.7461;-3.2926
28022;48.4965;1.4545
2A092;41.7534;9.3299
32149;43.8809;0.2468
33311;44.7161;-0.3621
38556;45.3657;4.8683
53255;48.0665;-0.3323
56073;48.0755;-3.2380
71523;46.7475;5.2539
89208;47.6036;3.9444
01010;45.8544;5.7656
10317;47.9930;4.3078
11018;43.1944;2.1878
21352;47.2253;5.2015
25156;47.4071;6.4928
33052;44.9226;-0.2345
47016;44.1400;0.5385
48103;44.5867;3.2477
60567;49.4574;1.8983
74063;46.2487;6.8169
80235;50.0370;1.5435
91599;48.4785;2.4815
11210;43.1662;2.7889
68260;47.8612;7.3467
72073;48.0234;0.0301
76558;49.3789;1.2157
53224;48.1953;-0.7960
60590;49.5468;2.0291
67246;48.3535;7.5943
78620;48.7426;2.1056
82132;44.0612;1.5859
15188;45.0331;3.1188
19062;45.3545;1.8910
21351;47.2253;5.2015
28293;48.8653;1.4846
32290;43.9566;0.1719
33441;45.1614;-0.6351
45228;48.0647;2.3962
59445;50.0748;4.1381
87082;45.5304;1.2163
22008;48.4429;-2.0538
22105;48.5018;-2.2265
42253;45.9923;3.9764
60464;49.3800;2.4910
62595;50.7991;2.1603
63093;45.9530;2.9682
69170;45.6837;4.6415
71325;46.5259;3.9437
77528;48.5739;2.6988
17044;45.6644;-0.6608
42248;45.9093;3.8502
59130;50.9241;2.2333
61375;48.6575;0.0274
69257;46.0599;4.6129
74266;45.9075;6.7975
18028;47.1389;2.2339
37171;47.4343;0.8229
38465;45.7027;5.4536
85094;46.4924;-0.6700
14026;49.1830;-0.6348
22280;48.4429;-2.0538
23095;46.1729;1.6344
40288;44.1060;-0.3086
64518;43.2930;-0.2936
74015;46.1145;6.2566
79133;46.4780;-0.4096
02239;49.0487;3.5014
03286;46.5948;3.3913
14001;49.3904;0.2417
16370;45.5764;0.0644
24479;45.5151;0.8024
27037;49.0700;0.8168
2B143;42.3063;9.4979
50585;49.4114;-1.7564
57171;48.8874;6.4058
66214;42.6000;2.7620
03301;46.4826;2.6565
07342;45.1830;4.5069
46083;44.9554;1.5693
61075;48.5203;-0.6035
61494;48.8350;0.0330
71004;46.7753;4.9219
77439;48.4465;2.9911
07292;45.1563;4.6375
28309;48.3227;1.5067
59326;50.9782;2.5573
63396;45.6588;3.0833
67360;48.1885;7.5677
69239;45.9428;4.5565
28253;48.3997;1.5217
45227;47.6698;2.6205
60504;49.3441;2.1588
63201;45.9054;3.3618
63236;45.5756;2.8098
69214;45.9922;4.3609
02093;49.5817;3.1917
38433;45.0702;5.5548
57083;49.0415;7.2755
11267;43.1662;2.7889
45293;47.9535;2.6969
50029;48.5984;-0.8150
59257;50.6029;2.8363
71289;46.3368;4.5283
85188;46.5617;-1.0316
22240;48.2947;-2.2830
37176;47.0900;0.5995
39235;47.1361;5.6580
61324;48.5245;-0.7540
63203;45.9060;3.1230
67206;48.9439;7.8821
69083;45.8200;4.6139
77519;48.6367;3.3826
15215;44.8792;2.4907
28325;48.4965;1.4545
35212;47.8914;-1.5882
36140;46.9136;1.9462
11144;42.9151;2.9410
12066;44.4669;2.4817
43141;45.1673;4.3468
02296;49.8123;3.1325
29205;48.2542;-3.6071
45009;48.0809;2.0575
57104;49.4546;6.2400
22371;48.1983;-2.3941
44207;47.4983;-1.3341
62164;50.2131;3.0738
63072;45.8665;3.6818
72053;47.9293;0.3798
73286;45.8305;5.8341
85099;46.6075;-1.6572
10100;48.2169;4.1802
19037;45.4272;1.6995
27470;49.3421;1.2877
49330;47.6948;-0.5389
54437;48.5525;6.1336
56228;47.8148;-2.3324
66167;42.4384;2.0681
71250;46.3632;4.8003
74141;45.8870;5.9437
77280;49.0212;3.0501
86083;46.4312;0.1024
14042;49.1002;-0.5083
38011;45.7762;5.1193
38373;45.3696;5.5987
38555;45.4922;5.1350
43223;45.2520;4.3069
02397;49.7351;3.1703
14707;49.1002;-0.5083
19094;45.3233;1.3121
19207;45.2775;1.6584
22021;48.4429;-2.0538
35259;48.5421;-1.7195
41207;47.7125;1.4546
60006;49.3126;2.6006
76001;49.6137;0.7501
76020;49.4757;0.8813
76621;49.6749;1.2880
76657;49.5106;0.3569
77221;48.8362;2.7323
89046;47.7194;2.9575
01386;45.8773;5.3260
24296;44.8599;0.5968
41258;47.3123;1.3953
43102;45.1458;4.1487
71506;46.6261;5.3508
74158;46.3015;6.3206
87054;45.7144;0.8724
07079;44.9989;4.4998
24156;45.1285;0.8693
33261;44.9524;-0.0838
45035;48.0647;2.3962
45307;48.0888;2.8658
59622;50.2124;3.4118
63204;45.8047;3.1842
69165;46.1512;4.5700
76382;49.5851;0.5010
77512;48.8662;3.2761
16385;45.6754;0.2663
27378;48.8037;1.1940
2A065;42.1545;8.6264
41126;47.2569;1.3408
42062;45.6128;4.4028
51346;49.0741;3.7149
57414;48.6494;6.9955
85247;46.9612;-1.0596
87122;46.0372;1.3406
87146;45.5947;1.4503
22385;48.5061;-1.9481
27133;49.3596;0.8321
34328;43.5651;3.5508
39016;46.3647;5.5594
54403;48.9082;6.0584
17441;45.6644;-0.6608
24409;45.0344;0.3444
80485;49.7512;2.1621
82052;43.9567;1.2092
86007;46.8252;0.5759
88032;48.2318;7.0821
32459;43.8622;0.3912
42239;45.9923;3.9764
45046;47.9388;1.7989
60034;49.4932;2.4185
62793;50.4281;2.6424
71412;46.7456;4.4806
02497;49.5539;3.5934
04096;44.3878;6.7861
38026;45.8231;5.3749
40019;44.2277;-1.1841
60120;49.3209;2.4225
62811;50.6463;2.2533
64396;43.4860;-0.7527
07145;44.5772;4.4897
56105;48.0259;-3.4753
01454;45.7328;5.6572
22234;48.5201;-2.9747
25555;47.4882;6.8459
26138;44.3719;4.7100
59546;50.8039;2.5781
65395;43.0866;-0.1534
71117;46.7753;4.9219
01365;46.2467;4.8854
03040;46.5705;3.2797
23189;45.9354;1.7259
26023;44.9877;5.0803
29276;48.6695;-4.0260
37272;47.3428;0.5581
38161;45.3939;5.2212
59026;50.2607;3.1653
67400;48.9935;7.9709
01098;45.7328;5.6572
16163;45.6817;0.0128
18004;47.2025;2.3768
31098;43.7515;1.0584
31261;43.3057;1.2139
41237;47.4203;1.4396
44138;47.4571;-1.5251
54400;48.8815;6.2268
60423;49.4815;2.8546
68341;47.6428;7.4261
42293;46.0005;4.2222
72151;47.8158;-0.2997
22212;48.6935;-3.1588
41262;47.5556;1.5404
42246;45.3043;4.5495
42322;45.4056;4.5245
52405;47.6848;5.2877
63085;45.8468;2.8445
85062;46.9182;-1.8644
01022;45.8480;5.6195
03140;46.3299;2.6029
07198;44.7698;4.7362
24490;45.1753;0.1894
31162;43.4581;1.5834
31346;43.8426;1.5086
37193;47.2863;0.1767
39297;46.5031;6.0229
74003;45.8619;6.2169
78451;48.9601;1.8647
87119;45.7006;1.4006
05101;44.8995;6.4358
07207;44.4494;4.3253
42162;45.9923;3.9764
57505;48.7052;7.1129
62836;50.4980;2.6324
68010;47.6168;7.2950
34197;43.6139;3.3803
86099;46.4622;0.4304
95658;49.0802;1.9139
31553;43.6739;1.1697
46045;44.5163;1.8295
53170;48.4003;-0.6439
57202;49.1628;6.9539
86010;46.4622;0.4304
22391;48.3196;-2.1406
24543;45.0344;0.3444
31084;43.1506;0.9020
34254;43.6689;3.4823
38198;45.3626;5.0340
38481;45.5640;5.2955
54383;48.5376;6.3927
71513;46.4475;4.8180
86268;46.5622;0.5200
21458;47.1980;5.0776
22384;48.2721;-2.8685
24172;44.9544;1.0753
26121;44.4972;4.7673
32012;43.6691;0.7626
33111;44.5992;-0.1937
38499;44.9382;5.8349
59214;50.2865;3.1114
60017;49.6351;2.3029
29035;48.5578;-4.5414
31583;43.8426;1.5086
41101;47.6159;1.1303
47068;44.4066;0.0844
57655;48.9870;6.2104
88247;48.2558;6.4203
11103;42.9167;2.3471
22279;48.1856;-2.7622
41044;47.2793;1.8548
41052;47.4833;1.3249
74302;45.8719;6.3330
82080;44.0300;1.1182
85176;46.4730;-0.8043
03053;46.2575;3.1398
29168;48.0455;-4.6319
33046;44.4153;-0.2141
69036;46.1265;4.7236
71481;46.2282;4.7459
78460;49.0176;1.8892
79116;46.7743;-0.3507
02089;49.3519;3.3202
17100;45.7222;-0.4962
24218;45.5052;1.0807
29029;48.2542;-3.6071
33174;44.9272;-0.2906
51025;49.3507;4.1591
60666;49.1190;2.6961
84014;43.7092;5.6112
01151;46.0747;5.3139
23013;46.0141;2.4803
30127;44.1082;4.5334
32252;43.4165;0.3221
38279;45.0662;5.8468
77027;48.1786;2.5341
77232;48.9197;2.8032
79242;47.0026;-0.4675
84028;44.2363;4.9094
12105;44.2133;2.0219
40080;43.7783;-0.3566
49272;47.3420;-0.2313
64086;43.3990;-1.2922
74048;46.2697;6.3866
80296;50.0312;2.0339
85169;46.8295;-1.6705
24147;45.2285;0.9647
27474;49.2998;1.2405
45144;47.8404;2.1267
47060;44.0949;0.6927
63397;45.6114;2.6928
80606;49.9470;1.7540
18165;47.3185;2.2094
28099;48.4570;1.2308
30299;44.0258;4.4117
35302;48.1588;-2.1837
37278;47.2480;0.6141
56035;47.8148;-2.3324
69155;45.6217;4.4891
76390;49.6977;0.2545
86112;46.2499;0.6620
01388;46.4430;5.1230
14406;49.2135;-0.5214
25508;47.3580;6.2106
30131;44.2161;4.4462
30142;44.2169;4.0081
31082;43.5604;1.6591
45245;47.6666;2.7989
59639;50.2907;3.6847
60130;49.3800;2.4910
77435;48.4690;2.5564
33552;44.5871;-0.4188
60015;49.3234;2.3236
62265;50.6463;2.2533
63143;46.0185;3.2134
65284;43.1908;0.0213
77453;48.5424;2.7715
85045;46.7171;-1.7876
85055;46.8295;-1.6705
01061;45.7328;5.6572
11286;43.3460;2.5208
16088;45.7158;-0.1843
22188;48.5201;-2.9747
28405;48.7096;1.3675
40286;43.6362;-0.3982
59608;50.2475;3.5298
61232;48.6167;-0.6190
62712;50.2219;2.6998
80661;49.9961;2.3435
81283;43.8810;1.9300
02135;49.9584;3.8386
12201;44.4656;2.7071
37052;47.4343;0.8229
46191;44.4542;1.4651
49364;47.1403;-0.1327
62474;50.6825;1.6683
74139;46.2253;6.4225
77162;48.8662;3.2761
85009;46.4730;-0.8043
04034;43.9432;5.9685
17411;45.8398;-1.2313
19082;45.2775;1.6584
57358;49.3105;6.3588
64301;43.3739;-0.6566
67481;48.3962;7.4116
76374;50.0053;1.4997
87088;45.5947;1.4503
07127;44.6420;4.2368
28357;48.5762;1.5842
54162;48.6417;5.8232
54186;48.7522;6.2065
54518;48.9170;5.8616
57254;49.0359;6.0289
64400;43.1417;-0.2429
82173;43.8533;1.1685
01064;45.8059;5.4773
03111;46.4826;2.6565
07236;45.0786;4.6382
28388;48.3997;1.5217
29229;48.0794;-4.1664
33014;44.9524;-0.0838
50188;48.8091;-1.4036
11280;43.2164;2.6352
14558;49.2501;-0.2863
22256;48.6935;-3.1588
27390;48.8037;1.1940
41016;47.2869;1.5660
47306;44.3837;0.5856
66134;42.6000;2.7620
83051;43.4971;6.1512
22337;48.2947;-2.2830
27280;49.0499;1.1747
35322;47.8914;-1.5882
35332;47.8137;-1.5586
60405;49.6701;1.7733
03247;46.5176;3.1740
12001;44.3813;2.7125
23219;46.2460;1.4962
37001;46.9873;0.7032
37228;47.2863;0.1767
60355;49.4380;2.2466
62458;50.7991;2.1603
71119;46.8900;4.7691
74216;46.1149;6.1045
76043;49.6137;0.7501
01189;46.1339;5.8126
07295;44.8207;4.4791
11022;43.2164;2.6352
43058;45.2983;4.1880
59323;50.2907;3.6847
61294;48.6575;0.0274
74177;46.0441;6.1064
90065;47.7547;6.8332
05151;44.8095;6.5248
28332;48.7096;1.3675
33221;44.5793;-0.0315
35064;47.7239;-1.9166
38048;45.5955;5.1524
43130;45.0437;4.2400
54371;49.1903;5.9729
79025;46.6159;-0.4253
17186;46.1996;-0.9108
21638;47.5246;5.0664
39339;46.3284;5.7443
67174;48.9564;7.6442
71491;46.4282;4.1016
88012;48.1219;6.5295
90072;47.5385;6.9313
04123;44.2004;5.9040
07317;45.2925;4.7458
17121;46.2015;-1.4367
22090;48.7461;-3.2926
33547;44.4368;-0.3760
36224;46.7244;1.0046
39228;46.6593;6.0617
68001;47.9980;7.5293
89461;48.2460;3.5190
01452;45.8480;5.6195
18235;47.1890;2.5992
29062;48.2520;-3.9568
38310;45.2703;5.5088
47264;44.5995;0.3784
52449;47.8592;5.2713
67310;48.2649;7.4899
73164;45.7110;5.9421
76673;49.4774;1.3133
80442;49.7518;3.0187
05145;44.6915;6.2384
18125;47.4579;2.8296
28302;48.4570;1.2308
42145;46.0312;4.2306
54171;49.1534;5.8474
69014;45.6957;4.4488
02566;49.5817;3.1917
03104;46.3585;2.7533
51328;48.7343;4.6063
53273;47.9627;-0.5836
57510;49.1295;6.2950
74085;45.8240;6.7367
77191;48.5606;3.0374
80552;49.9092;2.9380
87081;45.6517;1.2138
17485;45.8398;-1.2313
28233;48.0751;1.3674
34293;43.5945;2.7569
35078;48.5421;-1.7195
59478;50.9638;2.4340
60586;49.4272;2.0848
62350;50.5486;2.6191
71558;46.4986;5.3085
72252;47.7600;0.1392
76295;49.6704;1.6061
95002;49.0802;1.9139
11356;43.3333;1.9782
27654;49.2357;0.9352
33300;45.2055;-1.0628
35285;47.7981;-1.9715
46197;44.4542;1.4651
73282;45.5083;5.8459
86145;46.4325;0.2494
02554;49.0643;3.3913
08343;49.7028;5.0539
30260;43.9587;4.5435
35144;48.2249;-1.8678
38287;45.4430;5.4017
39501;47.0817;5.4765
44016;47.2258;-1.2955
59399;50.7449;2.6941
59594;50.5043;3.4654
88251;48.3562;6.6454
14311;49.1002;-0.5083
27170;49.2429;0.4229
41294;47.7959;1.0852
59133;50.5248;2.9344
64059;43.2728;-0.1852
74147;45.7729;6.2585
76556;49.5137;0.5277
79208;46.6764;-0.2202
79293;46.3957;-0.4250
01149;45.9756;5.3431
02785;49.8944;3.1649
03173;46.4531;3.9492
24568;44.8666;0.0913
56108;47.6891;-2.4649
89085;47.9903;3.5106
02312;49.9666;3.9113
21200;47.2787;4.9645
33130;44.5338;-0.2659
59430;50.0869;3.5816
59610;50.2500;3.4501
71016;46.4475;4.8180
76727;49.4548;0.7260
81294;43.8810;1.9300
05164;44.5645;6.3652
24341;44.8968;1.2177
30120;44.2983;4.0972
40142;43.8185;-0.9590
64126;43.1919;-0.6421
71390;46.6732;4.3977
76254;49.6977;0.2545
76675;49.5862;1.1495
80656;49.8158;2.0738
15163;44.8209;2.3447
35186;48.5421;-1.7195
36199;47.0476;1.9851
41175;47.7959;1.0852
50185;48.8293;-1.2184
54284;49.3326;5.7781
67110;48.9316;7.7556
69108;46.1265;4.7236
76123;49.5480;1.0880
85232;46.6440;-1.1843
02593;49.3519;3.3202
35235;47.9292;-1.2368
41051;47.3654;1.2039
53249;48.2445;-0.3322
60069;49.1331;2.9579
85040;46.5977;-0.8756
08263;49.7465;4.8136
10140;48.0520;3.9325
45345;47.9535;2.6969
53099;48.0032;-0.6927
62839;50.1507;2.9072
65370;43.0347;0.1428
66150;42.4106;2.4745
80271;49.9987;3.1433
38035;45.4922;5.1350
47128;44.1951;0.6979
48027;44.4947;3.7151
85054;46.7171;-1.7876
89453;47.7556;3.4265
26129;45.0483;5.2016
27238;48.9728;0.9211
32426;43.5000;0.6080
44019;47.3430;-1.9354
54375;48.9082;6.0584
61043;48.3722;0.7198
21105;47.3265;5.1964
22354;48.5673;-3.3085
23075;46.3044;1.6821
27031;49.0499;1.1747
38230;45.5640;5.2955
41045;47.5039;1.1673
42214;45.6418;4.2506
43021;45.1545;3.9463
57162;48.9870;6.2104
80730;49.9236;2.2042
95535;49.0802;1.9139
07313;45.2925;4.7458
12162;44.2886;2.4291
16064;45.9796;0.8382
30085;43.9587;4.5435
35018;48.4830;-1.1863
39370;46.9882;5.8114
57061;49.1440;6.8230
59117;50.2865;3.1114
62603;50.6179;1.6260
01366;45.8773;5.3260
06094;44.1262;6.8455
08025;49.4949;4.5877
10382;48.4800;3.5157
53125;48.4739;-0.9584
71162;46.9659;4.3169
33253;44.6408;-0.2811
40293;43.6808;-1.0321
41085;47.6522;1.6663
50142;49.6542;-1.4139
51453;48.9826;4.3607
60150;49.5310;2.9695
67252;48.7680;7.8609
81032;43.5606;2.0205
90001;47.5946;6.8817
14557;49.3302;0.0982
60185;49.2166;2.2800
65362;42.9464;-0.0299
79334;46.2343;-0.6556
80093;50.0418;2.1580
09047;42.8999;1.8267
12130;44.5948;2.2752
26305;44.5517;4.9465
38347;45.2530;5.2261
79210;46.8536;-0.6623
88124;48.1086;6.0777
15160;44.9843;2.3999
38341;45.5700;5.4529
60631;49.1471;2.5505
62550;50.3630;2.0044
71398;46.7127;5.0019
74184;46.0202;5.9296
10298;48.4800;3.5157
43230;45.1545;3.9463
91132;48.5236;2.2181
18246;47.4579;2.8296
42163;46.1823;3.8718
59149;50.0767;3.4031
76490;49.7753;0.6404
76638;49.9896;1.4244
78381;48.8060;1.6253
02703;49.9674;3.4414
23195;46.1634;1.8617
26031;44.5517;4.9465
26353;44.6175;4.8293
30328;43.9188;4.6603
31026;43.5298;1.7752
56215;48.0812;-2.8608
73135;45.2555;6.3351
86028;46.5622;0.5200
36232;46.8582;1.4060
40181;43.8329;-1.3622
49089;47.6902;-0.8418
56232;47.6324;-2.1775
67355;48.9978;7.1196
74292;45.8870;5.9437
10368;48.3767;3.9888
16217;45.6930;-0.3423
27126;49.3519;0.5305
42074;46.0940;4.2484
70459;47.7708;6.6059
72335;48.0865;0.3127
78290;49.0192;1.6932
80746;49.9961;2.3435
86017;46.6225;0.1223
87168;45.6750;0.7686
10358;48.1391;4.2390
11091;42.9737;2.0269
12101;44.5948;2.2752
26273;44.9877;5.0803
45344;47.8004;1.6003
49253;47.1403;-0.1327
59619;50.2232;3.6852
62905;50.7592;2.2329
76240;49.7369;0.3976
19176;45.4147;2.0299
33518;44.7161;-0.3621
38174;45.3939;5.2212
68386;47.6959;7.3985
70408;47.3157;5.5958
89420;47.5879;3.2448
01158;46.1521;5.9098
08024;49.4740;4.1207
14410;49.1191;-0.1595
24538;44.7520;1.0461
50425;49.4933;-1.6133
59019;50.2866;3.5381
71588;46.4282;4.1016
74162;46.1508;6.4005
84143;43.9898;5.0884
31418;43.6044;1.5286
35289;47.8244;-1.8017
42287;45.3043;4.5495
54065;48.4610;6.7642
55302;48.7770;5.1703
80241;50.0939;2.1056
16030;45.4826;-0.1625
28371;48.8653;1.4846
43233;45.0731;3.7282
60196;49.2852;2.0699
81147;43.8198;2.2263
14006;49.1002;-0.5083
37045;46.9873;0.7032
38002;45.2307;5.9478
40210;44.0293;-0.8867
53025;47.9627;-0.5836
60598;49.3441;2.1588
67322;48.8221;7.4333
74206;46.2998;6.4669
76013;49.7570;0.5238
76287;49.5940;0.9502
01096;46.2212;5.0577
08067;49.6542;5.1922
22254;48.6535;-3.3087
27161;49.0048;1.0647
72122;48.0815;0.5088
74108;45.8039;6.1603
86274;47.0822;0.0264
89255;48.3049;3.2038
22099;48.4126;-2.9253
29265;48.5561;-3.8244
41154;47.9130;1.2078
64063;43.5232;-0.4426
64461;43.4772;-0.9610
71318;46.5408;5.1378
88151;48.1930;6.2184
69105;45.9972;4.6146
74126;46.2697;6.3866
87097;46.1126;0.8967
07269;44.9172;4.2859
42042;45.4781;4.2430
42172;45.3345;4.4273
43038;45.3430;3.3029
47075;44.3000;0.7427
64250;43.4828;-1.1686
78007;48.8975;2.0280
03052;46.3585;2.7533
17074;45.2421;-0.2906
17110;45.1883;-0.1834
35110;48.3261;-1.6926
38101;45.3885;4.7976
44086;47.6830;-1.6032
51326;49.1184;4.3414
10051;48.1632;4.0206
40212;43.5734;-1.1103
54385;49.4595;5.8260
57296;49.2476;6.6319
58057;46.7882;3.1848
62233;50.3891;1.6689
62766;50.9373;2.0845
02287;49.7819;3.2951
04018;44.0486;5.6113
33021;44.4949;-0.1120
34035;43.6986;3.5705
38407;45.3577;5.6817
50228;48.9112;-1.3215
57026;49.4173;6.4226
62819;50.7592;2.2329
89326;48.1970;3.2892
09124;43.1552;1.4156
25004;47.4028;6.8756
27102;49.3596;0.8321
60327;49.2430;1.8875
62693;50.4256;2.5474
73208;45.7110;5.9421
85297;46.3691;-1.2549
59263;50.3188;3.1236
62486;50.6358;2.3677
62552;50.4534;1.9387
67535;48.9015;7.3290
71545;46.3368;4.5283
89067;47.9724;3.3145
12200;44.1929;3.1399
58304;47.3502;3.3843
68130;47.9980;7.5293
72119;48.1041;-0.0315
14197;49.2889;-0.3978
33298;44.8154;-0.2027
37129;47.1546;0.2329
68291;47.8952;7.4965
74077;46.0202;5.9296
76252;49.9896;1.4244
82090;44.1184;1.2987
21183;47.2253;5.2015
26174;45.1245;4.9818
29016;48.2520;-3.9568
33487;44.9552;-0.5028
37213;47.6209;0.5682
62393;50.8959;2.0814
56018;47.5678;-2.4757
56189;47.9164;-2.8140
69125;45.8717;4.7018
17104;45.2421;-0.2906
27335;49.1855;1.1391
29001;48.2480;-4.3127
33061;44.8448;-0.4370
35361;48.5973;-1.7812
42197;45.7453;4.0081
76453;49.5595;1.3516
01073;45.8544;5.7656
22229;48.2419;-3.3106
48017;44.3691;3.2319
51153;49.0028;3.9238
73306;45.1313;6.4477
77077;49.0000;2.9184
79268;46.8218;-0.1365
84002;43.7676;5.5650
33264;45.0646;-0.1064
41095;47.9130;1.2078
47301;44.5399;0.3053
53262;48.0753;-0.6090
61462;48.7402;-0.0318
63400;46.0104;3.3632
85143;46.4730;-0.8043
27311;49.1944;0.7092
32370;43.8771;0.8048
38368;45.3573;5.4802
45010;48.1873;2.2537
50431;49.1154;-1.2554
61234;48.4709;0.0798
62440;50.1126;3.0716
62471;50.6463;2.2533
62869;50.2562;2.7778
62870;50.4710;1.7675
68076;48.0999;7.4947
74168;46.0202;5.9296
74307;46.0441;6.1064
79276;46.4368;-0.2264
79347;46.6764;-0.2202
81064;44.0175;1.7816
81078;43.6537;1.9748
11198;43.2183;2.4917
33336;44.4368;-0.3760
40061;43.9331;-0.5266
44044;47.6456;-1.8181
81225;43.8810;1.9300
14396;49.1300;-0.4322
34103;43.5358;3.3103
49205;47.6948;-0.5389
56170;48.1344;-3.3757
60578;49.2959;2.7177
68246;47.9980;7.5293
28251;48.7096;1.3675
35247;48.5413;-1.5736
67103;48.8221;7.4333
81168;44.1239;2.1871
87116;46.1044;1.0435
13111;43.5589;5.6125
17296;45.6644;-0.6608
30249;43.8043;4.2467
46028;44.9555;1.6903
53036;47.8358;-0.4863
57593;49.2108;6.0402
64353;43.0837;-0.4059
68204;47.9955;7.0518
77478;48.9692;3.1248
86009;46.6847;0.6055
87066;45.6621;1.0109
54449;48.5820;6.5353
67532;48.6570;7.6046
72183;47.7457;0.5700
27117;49.0110;0.5310
27249;49.1558;1.3062
30355;44.1082;4.5334
39415;46.9509;5.4123
57452;49.1663;6.1368
58261;47.4177;2.9976
69218;46.1265;4.7236
73096;45.5008;6.0585
08191;49.7361;4.9588
08457;49.7815;4.6589
22347;48.7897;-3.2370
25186;47.3324;6.0368
61382;48.4830;-0.0377
67040;48.2649;7.4899
77504;48.2431;2.8843
84051;43.9245;5.2459
07084;45.1661;4.7754
21710;47.3846;4.5363
22011;48.5201;-2.9747
22035;48.3802;-1.9979
24521;45.2732;0.8916
45278;47.8081;2.8627
59543;50.2276;3.9287
76408;49.6526;0.3995
81266;43.6537;1.9748
03157;46.2217;3.4472
10084;48.3963;4.1370
25078;47.2569;6.2911
30026;43.9709;3.5790
42108;45.6418;4.2506
53151;47.9490;-0.9240
54176;48.6799;6.5536
76418;49.5497;0.6877
91130;48.4201;2.0444
17208;46.2860;-1.0151
27678;49.0048;1.0647
89139;47.7556;3.4265
91041;48.5602;2.2828
11322;42.9921;2.9300
16243;45.7158;-0.1843
25505;47.4550;6.3461
37271;47.2507;0.4731
50274;48.5704;-1.0675
54279;48.9082;6.0584
08385;49.7815;4.6589
29182;48.6479;-3.7027
35060;48.2178;-2.0549
38335;45.3626;5.0340
57571;49.0412;6.9247
60166;49.4815;2.8546
16101;45.5764;0.0644
24108;45.2571;0.5303
38042;45.4430;5.4017
46055;44.6197;1.9991
70282;47.4220;5.8319
77101;48.4262;3.0951
01170;46.1732;5.5646
07007;44.9447;4.7265
08140;49.6517;4.7787
31025;43.5091;1.4746
33083;44.8431;-0.3283
37170;47.6209;0.5682
69107;46.0727;4.4762
74193;46.1345;6.2040
76315;49.7753;0.6404
85281;46.4730;-0.8043
30116;43.9587;4.5435
68061;47.5444;7.4724
68088;47.8545;7.2586
79001;46.6373;-0.5530
79172;46.5468;-0.3105
80584;49.9961;2.3435
01083;46.0767;4.8996
28363;48.4174;1.7878
55496;48.6676;5.5894
71417;46.5999;4.6268
73228;45.5083;5.8459
74315;46.3015;6.3206
85072;46.8969;-1.3585
88484;48.0725;6.4196
07134;44.5629;4.2173
16415;45.7168;0.1729
33543;44.5992;-0.1937
39396;47.1361;5.6580
56145;48.0681;-2.3139
59054;50.8083;2.4648
66179;42.3859;2.6262
82110;44.1332;1.4458
85121;46.4559;-0.9958
87005;45.7856;1.3536
49090;47.6143;-0.4759
51046;49.2685;4.3106
64007;43.1919;-0.6421
71023;46.7127;5.0019
95594;49.1142;2.3984
12026;44.3845;2.8448
12253;44.1707;2.8059
26188;44.2694;5.3363
29059;48.5790;-3.7146
35194;48.1380;-1.1897
40152;43.9187;-1.1308
41248;48.0018;0.8990
57665;49.1093;6.9413
60138;49.1907;2.6251
64188;43.2027;-0.8933
66096;42.7715;2.6539
67412;48.3535;7.5943
41046;47.6084;2.0132
42180;45.6194;4.0612
42331;45.9923;3.9764
51449;49.1885;4.1978
54077;48.5815;6.7912
63281;46.0971;2.6628
64416;43.3303;-0.7874
68055;47.6959;7.3985
80086;50.1625;2.1348
82049;44.0665;0.8462
85242;46.9003;-0.8937
91463;48.4186;2.4623
32083;43.8146;0.4349
33296;44.8383;-0.0395
40044;43.5480;-1.3174
49257;47.6620;-0.2693
60526;49.4932;2.4185
60635;49.2603;2.4305
62752;50.4710;1.7675
74260;46.0955;5.9552
87169;45.6517;1.2138
90087;47.6789;6.9111
07348;44.6053;4.4022
14626;49.1310;0.2591
23036;46.2024;1.7439
31578;43.5091;1.4746
42155;45.8328;4.1865
50433;49.6491;-1.2863
62476;50.3300;2.9800
01236;46.3400;5.1330
15175;45.0470;2.4009
23177;46.2460;1.4962
30014;44.0258;4.4117
38369;45.5700;5.4529
52125;48.0957;5.1365
62559;50.2131;3.0738
67160;48.9316;7.7556
68029;47.8970;7.2239
76135;49.5442;0.9451
24437;44.8574;0.4953
27169;49.3652;0.3712
43212;45.3161;3.8663
45280;47.6698;2.6205
62042;50.3121;2.7968
73160;45.5704;5.9150
77392;49.0376;2.6801
08116;49.5311;4.8217
08183;50.1134;4.8201
25413;46.6707;6.1692
26149;45.0483;5.2016
35280;48.2908;-1.3947
42212;45.9494;4.0753
50594;49.5876;-1.6918
56182;48.0259;-3.4753
60642;49.4914;2.9770
72230;47.8261;0.1010
18005;47.1389;2.2339
38291;45.3939;5.2212
39193;46.9509;5.4123
45043;47.8950;2.0474
55398;48.6676;5.5894
56241;47.3271;-3.1774
61344;48.6893;-0.1609
64300;43.4095;-0.5548
77265;48.9787;3.1814
86061;46.1358;0.3964
16134;45.8762;0.7258
35249;47.7453;-1.7226
60430;49.3038;2.9294
80168;50.1070;2.2623
07293;44.9316;4.8123
19237;45.1481;2.1059
26377;44.3687;5.1923
45297;47.7248;2.3712
47019;44.2443;0.6855
86065;46.4325;0.2494
42219;45.7453;4.0081
44134;47.4363;-1.2021
81011;43.6943;1.8037
81202;43.8652;1.8106
15038;45.4133;2.5954
16308;45.9169;0.4609
25110;46.9030;6.3641
27497;49.3763;0.7043
31374;43.4581;1.5834
54151;49.4761;5.7554
55215;48.5183;5.4976
63055;45.8468;2.8445
64040;43.0758;-0.7251
72377;47.7963;-0.0561
07167;44.8234;4.6514
21585;47.1980;5.0776
38009;45.3657;4.8683
67409;48.8278;8.0354
76750;49.4757;0.8813
91679;48.7097;2.1277
01416;45.9329;5.4692
12044;43.7904;2.9580
24472;44.8599;0.5968
31270;43.1295;0.7342
50483;49.1138;-1.1589
59455;50.2474;3.2715
64315;43.2679;-0.3985
79277;47.0616;-0.2822
04173;44.0284;6.5395
14044;49.2528;-0.4264
38206;45.2307;5.9478
40300;43.6808;-1.0321
47117;44.3000;0.7427
50032;49.1141;-0.9656
57557;49.4546;6.2400
64328;43.1919;-0.6421
67200;48.4189;7.6659
90104;47.5946;6.8817
01062;45.8283;5.1533
02495;49.8908;4.1075
10381;48.2774;3.9870
35108;47.9720;-1.4946
35330;48.1380;-1.1897
38046;45.4430;5.4017
38156;45.5640;5.2955
49224;47.3280;-0.0490
63052;45.4504;3.1969
64270;43.1417;-0.2429
76514;49.3789;1.2157
03283;46.6114;3.5787
21611;47.3349;4.6950
31503;43.1506;0.9020
35237;47.7239;-1.9166
50077;49.6236;-1.5629
80415;49.7517;2.6016
85005;46.6285;-0.7127
12168;43.9902;3.2611
12177;44.4656;2.7071
11084;43.2815;2.1944
14319;49.1053;-0.2827
27242;48.9728;0.9211
39306;46.6552;5.5739
59458;50.5660;3.1352
77188;48.4860;2.7269
80618;50.1558;1.6160
87117;45.8082;1.7820
03316;46.6592;3.2606
22005;48.5217;-3.4078
28239;48.7096;1.3675
2B316;42.6071;8.9163
37099;47.2507;0.4731
38231;45.4922;5.1350
38546;45.6400;5.3810
54584;48.7138;5.8731
57645;49.2043;6.1533
59231;50.2405;4.0386
61040;48.6912;-0.3983
64161;43.4828;-1.1686
80009;50.0747;2.0176
81312;43.4692;2.1562
85073;46.5446;-1.2156
85186;46.8660;-1.1942
89337;47.7490;3.6710
01373;46.1000;5.5423
03063;46.4531;3.9492
08282;49.8443;4.3958
16340;45.6448;-0.1429
18092;47.0880;2.7343
35166;48.1189;-1.3745
36165;46.6565;1.1364
61369;48.6167;-0.6190
63013;46.0185;3.2134
69047;45.8717;4.7018
69160;46.0727;4.4762
78615;48.8443;1.9327
01397;46.3658;6.1147
14724;49.2648;-0.1438
34294;43.6927;4.1101
62589;50.3579;2.6783
67247;48.5435;7.5328
68151;47.8912;6.9773
01396;45.8773;5.3260
11085;43.1507;2.3829
17277;45.9472;-0.4881
18075;47.0397;2.9746
29143;48.0542;-4.4687
35175;47.9061;-2.0001
36035;46.4191;1.2743
37043;47.4513;1.0208
39150;47.0817;5.4765
76560;49.4576;1.2091
77006;48.4244;2.5726
89411;48.1364;3.5279
15037;45.3608;2.3888
18082;46.9399;2.9688
27643;48.7688;1.0544
33458;45.1614;-0.6351
53158;48.0269;-0.9624
57464;49.3105;6.3588
78034;48.8635;1.7961
84068;43.7636;5.3977
17089;45.7574;-0.6043
23002;46.2198;1.9708
28171;48.7096;1.3675
37219;47.3428;0.5581
38331;45.3573;5.4802
51571;49.1885;4.1978
01264;46.2413;5.1155
14764;48.8817;-0.3834
35272;48.0412;-1.1357
35314;48.5818;-1.9366
40129;43.6513;-1.2931
49240;47.0354;-0.6819
62087;50.7991;2.1603
88026;48.2228;6.6981
05004;44.6915;6.2384
11293;43.0946;2.3432
22245;48.6535;-3.3087
31233;43.3507;1.4503
35003;48.2553;-1.6163
35165;47.9216;-1.3680
35274;48.2553;-1.6163
68364;47.9667;7.2759
57047;49.0811;6.5483
63179;45.6285;3.7633
74253;46.0625;6.3190
21521;47.3265;5.1964
28075;48.0751;1.3674
36055;46.9625;1.1800
43199;45.1458;4.1487
47097;44.1923;0.2805
51472;48.7343;4.6063
57765;49.1646;6.6728
27089;49.2823;0.8208
27350;48.8249;1.2590
34164;43.7408;3.9985
42191;45.3733;4.6747
57565;49.4699;5.9473
60358;49.2265;2.8507
16046;45.4909;0.0543
29112;48.5120;-4.7392
41139;47.2869;1.5660
54080;48.5985;5.8544
57658;48.9653;7.3293
59190;50.3120;3.9895
72139;48.3895;0.1686
74009;46.0441;6.1064
80582;49.7720;1.9519
24436;45.0344;0.3444
29240;48.2800;-4.1076
77113;48.7633;3.3188
02355;49.8685;3.3018
10080;48.0240;4.1239
16359;45.6120;-0.2698
37189;46.8378;0.9322
43115;44.9168;4.0339
51165;48.7312;3.9593
86254;46.4017;0.8598
10360;48.2421;4.0112
19178;45.2360;1.5519
35025;48.3600;-1.1890
44123;47.6456;-1.8181
54509;48.6421;6.3587
68250;47.8970;7.2239
87148;45.7006;1.4006
04008;43.9778;6.6758
10191;48.3963;4.1370
26156;45.0726;4.8825
26381;44.9877;5.0803
38180;45.3939;5.2212
59627;50.3120;3.9895
77211;48.5850;2.8965
85067;46.6729;-0.8669
85142;46.7760;-1.2404
01407;45.9854;5.7839
12140;44.3344;2.0080
29008;48.0542;-4.4687
34181;43.5358;3.3103
40267;44.0397;-0.1242
78193;48.6725;1.9625
03103;46.3490;3.8344
28287;48.1266;1.6821
33208;45.4294;-1.0437
38037;45.3626;5.0340
54338;48.7978;6.1481
59463;50.9300;2.3407
77480;48.4599;2.9049
78307;48.6430;1.7367
82072;44.1429;0.9367
89167;47.8596;3.4564
14347;49.0067;-0.6820
21332;46.9897;5.0885
61389;48.7196;0.4148
64157;43.0837;-0.4059
65452;43.3061;0.3370
79078;46.1718;-0.4607
24527;45.2732;0.8916
26210;45.1997;5.0997
28350;48.4570;1.2308
50111;49.0159;-1.3169
67011;48.1885;7.5677
69254;45.9115;4.4132
77031;48.6872;2.9734
02003;49.3519;3.3202
12258;44.2188;2.1946
17216;45.9652;-0.8347
26095;44.6245;4.9462
27018;49.2880;0.6835
46007;44.4542;1.4651
50110;49.1779;-1.0095
76331;49.5862;1.1495
28130;48.5730;1.0576
36109;46.6174;2.0384
38442;45.3755;5.7804
45202;47.8004;1.6003
51461;49.1724;4.0456
52104;48.6466;4.9122
62097;50.2552;2.6268
72215;48.3843;0.2877
87045;45.9454;1.0310
22250;48.6935;-3.1588
29281;47.9523;-3.8412
30008;44.2404;4.2200
34012;43.7838;3.6963
35202;47.8366;-1.7059
12025;43.8038;2.7426
34296;43.7408;3.9985
40122;43.8402;-0.5185
40183;43.6179;-0.9945
53126;48.3845;-1.0029
56039;47.9164;-2.8140
68290;47.8952;7.4965
69065;46.1265;4.7236
76224;49.6526;0.3995
87086;45.6831;1.5988
07086;45.0569;4.7787
28035;48.3997;1.5217
29269;47.9311;-3.6753
37200;47.2507;0.4731
52529;47.6848;5.2877
57235;49.3089;6.5075
59474;50.1133;3.7395
64289;43.3990;-1.2922
72351;48.1041;-0.0315
74160;45.8719;6.3330
74198;45.9600;6.1586
02387;49.7791;3.4434
2A348;42.1659;8.8237
38259;45.4359;4.9980
41075;48.0175;1.0585
41249;47.4120;2.0613
50164;48.9843;-1.0651
68277;48.1777;7.2885
78557;48.6430;1.7367
79128;46.3657;-0.2919
85145;46.7036;-1.0326
85282;46.7036;-1.0326
86247;46.1593;0.2769
08139;49.8989;4.7905
18030;47.5589;2.3580
24584;44.9374;0.1002
36071;46.7523;1.9087
60661;49.2420;2.9827
63225;45.6027;2.5229
72075;47.9190;0.0348
74089;45.9354;6.6033
80611;49.7512;2.1621
86052;46.3481;0.3845
02818;48.9876;3.2783
06039;43.8299;7.3099
17070;45.8271;-0.4669
17303;46.2523;-0.8119
29252;47.8679;-4.2418
42195;45.7367;3.9616
76663;49.7570;0.5238
01323;46.4317;4.9642
06035;43.8073;7.4779
14656;48.9153;-0.5064
35318;48.3292;-1.8850
44208;47.5721;-1.6018
46103;44.2979;1.3715
60067;49.2987;2.7947
68064;47.7818;7.5013
76471;49.4717;0.6014
03110;46.1767;3.3256
25564;47.1649;5.8964
59058;50.2276;3.9287
60542;49.4380;2.2466
69269;45.6837;4.6415
72067;48.0815;0.5088
02532;49.7503;3.3508
03046;46.4644;2.9689
17045;45.8270;-0.8280
29074;48.4992;-4.0931
33407;44.9990;-0.3983
56009;47.3271;-3.1774
76050;49.7961;0.9697
77106;48.8250;3.1631
29102;48.2737;-3.8044
38478;45.0662;5.8468
39405;47.0817;5.4765
47213;44.3073;0.5421
50297;49.1662;-1.1297
57511;49.1663;6.1368
76282;49.3161;1.0665
82176;43.9774;1.5295
07050;44.4500;4.0742
09209;42.9619;1.1680
34092;43.3338;3.0062
63395;45.6588;3.0833
65057;43.1697;-0.0225
71238;46.2115;4.0442
77291;49.0219;2.5852
02085;49.0643;3.3913
17226;45.9472;-0.4881
22103;48.5319;-2.0399
29287;48.6195;-4.2071
30046;43.9622;4.2750
31320;43.3057;1.2139
51613;49.1885;4.1978
56134;48.0867;-2.4601
62331;50.3121;2.7968
68332;47.6783;7.2624
80692;50.1791;1.7706
01102;46.4317;4.9642
02217;49.5102;3.3401
21554;47.1013;5.2597
85267;46.3816;-1.0656
01084;46.1331;4.9986
03003;46.6639;2.7066
07058;44.5629;4.2173
18026;47.4579;2.8296
24304;45.4312;0.9255
54295;49.3188;5.8078
56077;47.5678;-2.4757
59539;50.9241;2.2333
71490;46.5278;4.1929
73247;45.5740;6.1577
35041;47.9720;-1.4946
40021;43.7629;-1.2764
50475;49.1200;-1.0889
51367;48.9640;4.0234
67214;48.6157;7.5786
73188;45.6176;6.3020
89066;48.1364;3.5279
14676;49.2816;-0.7154
25074;47.1647;6.7090
37141;47.3096;1.0414
38109;45.7153;5.2700
57113;48.7052;7.1129
60187;49.4183;1.8059
60197;49.2166;2.2800
68257;47.4827;7.3052
77156;48.2750;2.7096
90088;47.7547;6.8332
97215;14.8475;-61.1460
22150;48.5849;-3.1473
24297;45.0218;0.1614
27294;49.3498;1.3307
41146;47.3654;1.2039
60083;49.2804;2.9877
69203;45.6957;4.4488
71249;46.6466;4.8496
87070;45.8514;1.5154
08316;49.8150;4.8071
22160;48.5016;-2.5065
68238;47.6921;7.4997
74117;45.8870;5.9437
74192;45.8870;5.9437
77432;48.7633;3.3188
78464;48.6430;1.7367
79069;46.7254;-0.5681
01136;46.2467;4.8854
18052;46.7613;2.6677
24320;45.4018;1.1801
34248;43.7951;3.8692
45020;47.8999;1.6507
46229;44.9082;1.8494
60601;49.2665;2.3686
71064;46.6399;5.2217
74061;45.7925;6.0390
77010;48.5850;2.8965
03022;46.2107;3.0200
17080;46.0811;-0.9182
29038;48.3997;-4.0366
38296;45.5535;5.5703
57426;49.2733;6.2976
59132;50.1562;3.3584
67377;48.3875;7.1481
77354;48.4599;2.9049
85192;46.7872;-0.9443
16132;45.8762;0.7258
16304;45.6930;-0.3423
21194;47.1117;4.9798
25039;47.1118;6.4343
29073;48.6479;-3.7027
34018;43.4960;3.1922
62373;50.5268;2.7393
86292;46.6225;0.1223
91546;48.4944;1.9962
17221;46.1164;-0.7269
25519;47.3300;6.8121
33323;44.5992;-0.1937
09103;43.0413;1.6293
21016;47.4135;5.3038
30081;44.1738;4.6090
53110;47.8358;-0.4863
69173;45.8658;4.5022
70228;47.7821;6.0966
77534;48.6400;2.7977
02086;49.5817;3.1917
07268;44.3799;4.5601
11037;43.2094;2.3468
11433;43.3460;2.5208
47318;44.1923;0.2805
73017;45.5366;5.9992
74142;45.7925;6.0390
34041;43.6139;3.3803
56114;47.3271;-3.1774
59318;50.8772;2.4274
59541;50.1807;3.5125
81054;43.5600;2.1261
91639;48.4348;2.3789
17022;45.9472;-0.4881
19030;45.2237;1.3144
77270;48.8616;2.9501
64510;43.4860;-0.7527
80717;49.7512;2.1621
82073;44.1429;0.9367
86161;46.8728;0.0622
10211;48.3018;3.9456
31411;43.5091;1.4746
35255;48.6133;-1.8608
36231;46.7141;1.6862
40278;44.2277;-1.1841
51299;49.3507;4.1591
58295;47.3141;3.0188
67023;48.8325;7.8204
67364;48.4189;7.6659
74296;46.1149;6.1045
16148;45.7890;-0.0524
19211;45.2126;1.6419
21290;47.5246;5.0664
31435;43.4033;1.0988
62005;50.1523;2.7931
72110;47.7080;-0.1036
87135;45.7952;0.9722
22003;48.4429;-2.0538
26143;45.2628;5.1023
27589;49.1220;1.3920
46175;44.6197;1.9991
53162;48.3036;-0.6947
57696;49.1849;6.6311
62024;50.7616;1.9321
62901;50.6358;2.3677
66041;42.8238;2.8525
05059;44.5625;6.0687
11410;43.3064;2.3749
16409;46.0205;0.0623
34288;43.6927;4.1101
63233;46.1866;2.8334
01026;46.3162;4.9740
02336;49.6403;3.2963
06014;43.8299;7.3099
07260;44.6930;4.6834
18037;47.5589;2.3580
24484;45.1285;0.8693
33416;45.1523;-0.4789
38005;45.1681;6.0657
39177;46.6552;5.5739
41010;47.7959;1.0852
41239;47.2569;1.3408
81112;43.9344;2.0310
82023;43.9567;1.2092
11289;43.0486;2.1802
53056;48.1286;-0.6860
56060;47.7587;-2.1829
78516;48.6430;1.7367
88302;47.8910;6.7861
27670;49.3498;1.3307
31315;43.0781;0.9595
36056;46.5586;1.7164
38398;45.5317;5.6544
50407;48.6305;-1.3132
69184;45.6117;4.6396
69215;45.9972;4.6146
74188;46.1858;6.7208
76720;49.9046;0.9819
07280;44.3435;4.2066
07301;45.0786;4.6382
24236;45.1300;0.5415
36229;47.1964;1.6976
38532;45.7153;5.2700
42294;46.0190;4.1201
63378;45.6408;3.3010
81062;43.6113;2.5332
12136;44.4011;2.1585
18255;47.0292;2.3225
25307;46.7616;6.3586
63128;45.9054;3.3618
71291;46.2115;4.0442
08076;49.6899;4.6979
14589;49.0219;-0.2319
18179;47.2025;2.3768
35307;48.3292;-1.8850
51365;49.2504;3.9606
66104;42.6388;2.3541
72115;47.6976;0.4012
73069;45.5328;6.2081
77406;48.8662;3.2761
78609;49.0176;1.8892
01267;46.1732;5.5646
04036;44.1915;6.3963
09042;43.0067;1.4206
09336;42.8999;1.8267
17273;45.5959;-0.5045
26078;44.6245;4.9462
38353;45.4369;4.7803
45069;48.0647;2.3962
54084;49.3264;5.8429
57677;49.2518;6.1994
05029;44.6915;6.2384
12094;44.6558;2.5816
17298;45.6644;-0.6608
38459;45.5475;4.9063
58207;47.0887;3.1067
65389;43.0399;0.4803
81003;43.8730;2.4749
82184;44.0612;1.5859
95541;49.1960;1.6981
03235;46.3047;3.4530
12243;44.0485;2.9200
17245;46.1422;-1.0114
37230;47.4513;1.0208
46095;44.4542;1.4651
57006;49.0305;7.1696
57186;49.3089;6.5075
57552;48.9870;6.2104
59584;50.3077;3.8084
61091;48.6167;-0.6190
67192;48.3535;7.5943
81201;44.1239;2.1871
88439;48.1761;6.3456
01286;45.7328;5.6572
11404;43.2601;2.3020
28387;48.2966;1.0090
2B093;42.6071;8.9163
42264;45.5836;4.3253
45271;47.6698;2.6205
60265;49.5501;2.2286
64139;43.2158;-0.4415
84073;43.8243;5.2210
86186;46.9080;0.6258
16369;45.7158;-0.1843
21462;47.3918;5.1164
25024;46.9030;6.3641
25438;47.1649;5.8964
2B169;42.4948;9.1656
35087;48.1380;-1.1897
44170;47.6419;-1.2247
51614;49.1185;4.1971
57091;49.1057;7.1177
60454;49.4380;2.2466
67554;48.5435;7.5328
71436;46.7456;4.4806
86184;46.7375;0.3292
10289;48.5769;3.9804
30103;43.9188;4.6603
45026;48.0888;2.8658
57615;49.0412;6.9247
62039;50.3570;2.8302
21106;47.2253;5.2015
33057;44.6952;-0.0877
50455;49.1779;-1.0095
54596;48.5622;6.0907
68013;47.5444;7.4724
73019;45.5044;6.3048
73312;45.6176;6.3020
08448;49.8989;4.7905
18110;47.1579;2.8977
42307;45.5337;4.6010
60433;49.2741;2.1670
04110;44.0399;6.1020
30324;43.8069;4.1014
33252;44.8448;-0.4370
50597;48.7459;-1.3066
64376;43.2456;-0.2824
78497;48.6430;1.7367
88106;48.1335;7.0099
11259;43.2815;2.1944
33470;44.9990;-0.3983
36113;46.7244;1.0046
42286;45.3345;4.4273
51028;49.0921;4.0082
17183;45.5624;-0.8253
30149;44.0301;4.6901
46232;44.9555;1.6903
67132;48.9316;7.7556
67464;48.3535;7.5943
72291;47.7600;0.1392
08188;49.8150;4.8071
11098;43.1662;2.7889
26243;44.5517;4.9465
76457;49.3727;0.9482
89023;47.7652;3.6173
95101;49.1291;1.6953
27478;48.9046;1.2730
34215;43.5651;3.5508
36189;46.6050;1.8379
42233;46.0411;3.8858
53021;48.2989;-0.5119
01369;46.2067;5.3861
02748;49.0863;3.5709
12057;44.1739;2.5475
14102;49.2820;0.2287
45281;48.0463;3.0178
52242;47.7926;5.4347
53017;47.9617;-0.3931
55366;48.7770;5.1703
71253;46.7753;4.9219
88048;47.9937;6.4495
90037;47.6845;6.8406
01088;45.8985;5.1634
08028;50.0723;4.7430
14288;49.2806;-0.5333
42326;45.3733;4.6747
60685;49.3710;2.2067
66023;42.6444;2.5994
76712;49.5137;0.5277
78020;48.8921;1.6742
87129;45.8514;1.5154
16233;45.5885;-0.0877
18194;47.1890;2.5992
27595;49.2357;0.9352
46089;44.4982;1.0872
63083;45.8550;3.0208
68189;48.0442;7.4325
76580;49.5862;1.1495
78588;48.8537;1.8664
79091;46.8536;-0.6623
26379;45.0726;4.8825
29065;47.9856;-4.3111
49082;47.3431;-0.8062
53064;48.3036;-0.6947
53197;47.8297;-1.1708
59393;50.5043;3.4654
60189;49.5706;3.0378
63200;45.8408;3.1823
78246;49.0237;1.7934
79290;46.4824;-0.5483
34304;43.7451;3.3468
43159;45.1673;4.3468
45018;48.0647;2.3962
63321;45.5449;3.2477
77196;48.9494;2.7161
03060;46.1767;3.3256
10412;48.2983;4.1549
11115;43.3926;2.2792
17152;45.5624;-0.8253
29291;48.1055;-3.8710
32106;43.7068;0.9678
34211;43.5956;3.1551
34241;43.5651;3.5508
35081;48.1446;-1.8480
41084;47.4120;2.0613
42261;45.7464;4.2205
52251;48.0957;5.1365
60406;49.3228;2.5367
62531;50.8469;1.9756
68016;47.8952;7.4965
74301;46.2253;6.4225
16193;45.6930;-0.3423
27464;49.0048;1.0647
29148;48.6000;-4.0074
45116;47.8004;1.6003
71356;46.6236;4.3737
84024;43.7676;5.5650
86088;46.5120;0.2989
19151;45.0905;1.4597
22356;48.5695;-2.8414
30330;44.0718;3.9753
33343;44.5338;-0.2659
37024;47.2863;0.1767
41235;48.0018;0.8990
44085;47.7086;-1.3600
59444;50.4323;3.5755
66205;42.7715;2.6539
67335;48.6255;7.4995
73298;45.6664;6.4614
16388;45.6637;0.0767
31093;43.7562;1.2342
43124;45.0731;3.7282
55492;49.0721;5.4560
62407;50.5605;2.4526
63160;45.5449;3.2477
19093;45.0557;1.6594
21196;46.9857;4.7542
24449;45.0218;0.1614
29007;48.3712;-3.7883
38328;45.2440;5.7255
41267;47.3654;1.2039
57542;49.1842;6.4959
76672;49.6189;1.5439
91469;48.3976;2.1970
16320;45.7497;0.0530
26033;44.2889;4.8732
27406;48.7822;1.3134
29255;48.5614;-4.3236
31459;43.7314;1.5789
59582;50.7449;2.6941
60079;49.1416;2.8329
62799;50.4710;1.7675
67473;48.5435;7.5328
68178;47.9414;7.1110
68221;47.5440;7.3391
74144;46.0955;5.9552
78567;49.0192;1.6932
07101;44.4494;4.3253
27025;49.1112;1.2634
28160;48.4174;1.7878
28226;48.5968;1.2694
35143;48.2178;-2.0549
36123;46.8406;1.1679
42070;45.9494;4.0753
51007;49.0294;4.1667
60652;49.2852;2.0699
62377;50.5083;2.5873
67327;48.9646;8.1406
73284;45.3740;6.5315
74044;46.1149;6.1045
76355;49.7257;0.7918
01294;45.7328;5.6572
25405;46.8057;6.2814
76427;49.7407;1.4648
82011;44.0395;1.2489
89469;48.3093;3.3926
74286;46.2907;6.7396
01245;46.2067;5.3861
03055;46.3595;2.4478
35119;48.0412;-1.1357
39170;46.6552;5.5739
48042;44.5167;3.5174
59618;50.3120;3.9895
69119;45.5037;4.7346
69145;46.0599;4.6129
76421;49.5137;0.5277
01297;45.8725;5.0405
28347;48.7778;1.5096
38432;45.3696;5.5987
59215;50.3348;3.6096
63146;45.7171;3.3695
78443;48.8210;1.8813
80063;50.0187;1.5240
11111;43.1662;2.7889
51312;49.0294;4.1667
58146;46.6980;3.4918
59600;50.5114;3.0681
68354;48.0591;7.2167
83151;43.3989;6.0121
02477;49.3519;3.3202
48094;44.3691;3.2319
49326;47.4402;-0.3794
54145;48.6421;6.3587
76409;49.5515;0.1848
77044;48.5850;2.8965
89169;47.9421;3.8475
01156;45.8985;5.1634
25014;47.2829;6.1216
26094;45.1865;4.8800
54546;48.9587;6.0203
57031;49.0970;6.3719
57299;48.6443;7.1663
77172;48.3010;2.9785
03030;46.1154;3.1998
15054;45.3181;2.7988
25493;46.8661;6.1644
30068;43.9770;4.1101
31476;43.3074;1.0431
37251;47.5288;0.3098
51629;49.1724;4.0456
60609;49.4574;1.8983
64108;43.4772;-0.9610
72161;47.7457;0.5700
79137;46.1718;-0.4607
05139;44.6850;5.8908
46170;44.7466;1.9153
53073;47.8127;-1.0535
54336;48.6085;6.0497
62325;50.5971;2.0997
79204;46.1222;-0.2637
14303;49.1310;0.2591
43174;44.9661;3.8351
50576;49.5227;-1.7886
74109;46.1339;5.8126
12008;44.4348;2.3175
29107;48.0935;-3.9971
48013;44.5167;3.5174
55236;49.1850;5.3383
56084;47.5984;-2.6432
63091;45.4504;3.1969
64443;43.3739;-0.6566
69038;45.7949;4.4243
78623;48.7796;1.7946
81092;43.6943;1.8037
12002;44.1968;3.0639
49030;47.3845;-0.0956
62785;50.3542;2.5746
72129;48.0205;0.3631
79217;46.2792;-0.2370
80791;49.8538;2.2270
84010;43.7092;5.6112
90093;47.6845;6.8406
19098;45.2304;1.8356
50230;49.5876;-1.6918
50252;48.8892;-1.4424
67254;48.9439;7.8821
67404;48.8936;7.9918
67511;48.9316;7.7556
68023;48.1597;7.3413
68180;47.7995;7.0924
68215;47.6466;7.1067
70280;47.4450;5.5835
72156;48.0902;0.7636
81251;43.5606;2.0205
02830;49.9922;3.5710
18035;47.1890;2.5992
21558;47.0093;4.8835
22082;48.4429;-2.0538
27599;49.1558;1.3062
35201;48.1588;-2.1837
45249;48.0037;2.7810
50567;49.5258;-1.4865
63234;45.5536;3.0871
67290;48.9439;7.8821
68296;48.2363;7.3319
80126;49.9917;1.5957
85104;46.3691;-1.2549
02231;49.7146;3.5969
18066;46.9675;2.1484
24227;45.4018;1.1801
24412;44.9881;1.3326
33151;45.2444;-0.4860
50481;49.2382;-1.5359
53216;48.4003;-0.6439
58002;47.4177;2.9976
60623;49.5631;1.8175
61460;48.9095;0.3567
03292;46.4061;3.0963
07056;45.2925;4.7458
14711;49.3171;-0.9153
40108;44.3463;-1.0425
41049;47.4203;1.4396
46172;44.2979;1.3715
54073;48.7138;5.8731
57275;49.0163;6.5920
60309;49.2082;2.0268
63275;45.5449;3.2477
64359;43.2986;-0.5861
67189;48.3962;7.4116
73224;45.3260;6.2616
78474;48.8501;1.6779
02769;49.9674;3.4414
16151;45.6120;-0.2698
17408;45.8270;-0.8280
24243;45.2571;0.5303
33325;45.1614;-0.6351
76628;49.6904;1.0289
88098;48.1761;6.3456
02668;49.8881;3.6413
02775;49.6765;3.3923
04188;43.9527;5.7868
05079;44.9958;6.4697
07345;45.1098;4.7830
11225;43.3333;1.9782
33316;44.7424;0.0684
36016;46.5287;1.1959
38363;45.3626;5.0340
53150;47.8199;-0.7037
53245;48.3059;-0.9164
59237;50.7449;2.6941
73084;45.5008;6.0585
79030;46.2792;-0.2370
79094;46.7743;-0.3507
91292;48.5602;2.2828
91581;48.5636;2.1718
08391;49.7361;4.9588
15108;44.9756;3.2592
21107;47.3918;5.1164
28331;48.2966;1.0090
43003;45.1932;3.7087
59364;50.5604;3.2331
60206;49.5314;2.8274
67548;48.6570;7.6046
69263;45.7949;4.4243
77117;48.9602;3.2195
86074;46.6225;0.1223
87183;45.9668;1.4082
01381;46.0114;5.1930
06109;43.8396;7.2405
21056;47.4135;5.3038
22196;48.7862;-3.1424
28360;48.5968;1.2694
31579;43.7314;1.5789
46064;44.5549;1.3289
50027;48.7284;-1.4599
50535;48.7459;-1.3066
60703;49.4272;2.0848
63163;45.7810;2.7471
70058;47.4450;5.5835
80554;49.8727;2.0689
86167;46.9022;0.2077
86285;46.4027;0.5733
14246;49.2098;-0.2524
18059;46.6712;2.2998
38134;45.4359;4.9980
59590;50.6677;2.4725
62117;50.0913;2.9826
07229;44.6053;4.4022
31427;43.1295;0.7342
38210;45.7153;5.2700
59254;50.2968;3.1949
62656;50.6952;2.2275
83003;43.6285;6.3719
86086;46.8121;0.7534
21059;47.3918;5.1164
21545;47.8294;4.5894
35345;48.3292;-1.8850
42178;46.0005;4.2222
49112;47.1403;-0.1327
02666;49.7487;4.1440
29159;47.9856;-4.3111
35252;48.1380;-1.1897
36161;46.6443;1.3813
47056;44.5339;0.0738
56106;47.6124;-2.9024
59144;50.4490;3.4307
60181;49.5706;3.0378
85265;46.3637;-0.7291
29028;48.0455;-4.6319
31402;43.4581;1.5834
59308;50.7161;2.5350
63362;45.9061;3.2350
69126;45.9282;4.7023
01321;46.2067;5.3861
01385;46.2413;5.1155
17394;46.1164;-0.7269
28104;48.4965;1.4545
36057;46.8562;1.7526
69090;45.9428;4.5565
71015;46.9659;4.3169
10151;48.4346;3.9188
10261;48.0053;4.4627
22047;48.3058;-3.0086
42076;45.8653;3.9897
57745;49.1057;7.1177
69242;46.1265;4.7236
79136;46.0797;-0.0776
85110;46.5155;-0.9178
86036;47.0822;0.0264
95395;49.0482;2.4028
49008;47.5742;-1.0331
62313;50.5958;2.2951
67328;48.8437;7.6070
77089;48.5606;3.0374
89332;48.3152;3.0893
89478;47.7652;3.6173
01209;46.1339;5.8126
17328;45.4692;-0.6260
42198;46.0411;3.8858
60064;49.3929;3.0040
63012;45.9934;3.0988
84105;43.9044;5.4340
17248;45.5624;-0.8253
21277;47.5438;5.3881
21525;47.3897;4.1445
36194;46.8582;1.4060
39327;46.6552;5.5739
59391;50.3090;3.3090
63432;46.0185;3.2134
03027;46.3585;2.7533
17151;45.7056;-0.8998
38271;45.1843;5.8828
41050;47.4203;1.4396
46268;44.5040;1.6745
78398;48.7796;1.7946
78522;48.5710;1.9638
08037;49.8443;4.3958
10353;48.4346;3.9188
83080;43.6294;6.7167
89050;47.9903;3.5106
12194;44.1851;2.3373
22302;48.5896;-2.1925
24419;44.8599;0.5968
2A349;41.6455;8.8937
30200;43.9523;3.8724
59433;50.8267;2.2562
63250;45.5536;3.0871
07333;45.1830;4.5069
21319;47.2253;5.2015
21684;47.0093;4.8835
31020;42.9888;0.8129
33033;44.7419;-0.4378
57562;49.3162;6.0407
62141;50.6358;2.3677
62230;50.7367;1.8148
62825;50.3300;2.9800
74287;46.2514;6.5461
78068;49.0329;1.5419
81031;43.6113;2.5332
95529;49.1610;2.2643
03168;46.6639;2.7066
10426;48.1568;4.7947
14357;48.9262;-0.6311
22346;48.3663;-2.5616
24152;44.7743;1.2133
33070;45.0106;-0.8591
39030;47.0817;5.4765
54315;48.8078;6.2608
57373;49.0823;6.7332
60213;49.1190;2.6961
68094;47.5444;7.4724
26039;44.9877;5.0803
28034;48.4965;1.4545
30170;43.9709;3.5790
60505;49.1471;2.5505
81248;43.7577;1.8989
89073;47.7773;3.0949
89368;47.5879;3.2448
03174;46.1385;3.5187
05122;44.7405;6.5132
11367;43.3722;2.1741
12244;44.0485;2.9200
2B286;42.4502;9.4730
39579;46.3284;5.7443
41206;47.6129;1.3207
57419;49.0412;6.9247
67259;48.9316;7.7556
73211;45.7074;6.4652
78569;48.5710;1.9638
80008;50.0687;1.6499
91293;48.4761;2.3434
10344;48.2056;4.1125
17057;46.1996;-0.9108
25361;46.8057;6.2814
27077;49.2823;0.8208
56205;47.5984;-2.6432
74237;46.3699;6.6553
95452;49.1079;2.2847
33237;44.5338;-0.2659
39331;46.7775;6.0809
59315;50.3077;3.8084
62613;50.6841;2.0790
68279;47.7995;7.0924
78289;48.7796;1.7946
78410;49.0585;1.6361
79166;46.1718;-0.4607
87003;46.3148;1.3582
08435;49.4891;4.3377
21591;47.4355;5.0154
24418;45.1226;0.4155
31151;43.4581;1.5834
35218;47.8914;-1.5882
58302;47.1860;3.0747
69113;45.9428;4.5565
72106;47.8158;-0.2997
72305;48.3093;-0.0220
73079;45.5328;6.2081
83076;43.3190;5.9894
03161;46.1959;2.6188
47173;44.4801;0.5085
49178;47.5742;-1.0331
64484;43.1182;-1.1799
65295;42.8310;0.0357
69188;45.9115;4.4132
76397;49.7971;1.1220
79345;46.5468;-0.3105
80101;49.7016;2.7754
89125;47.6135;3.4456
14672;49.1056;-0.7815
22030;48.7116;-3.4694
47217;44.1899;0.8174
47269;44.1899;0.8174
59363;50.2232;3.6852
59516;50.8316;2.3792
61203;48.4709;0.0798
74304;46.1508;6.4005
39160;46.7588;5.4394
64536;43.4589;-0.3414
76443;49.5862;1.1495
86131;46.4027;0.5733
28324;48.4570;1.2308
29089;48.2542;-3.6071
2B205;42.7088;9.3667
30096;44.2161;4.4462
49058;47.0354;-0.6819
54027;48.9082;6.0584
60456;49.4441;2.6340
60603;49.5706;3.0378
68159;47.8970;7.2239
71236;46.3488;4.7166
80627;49.7512;2.1621
89407;47.8808;4.1035
07310;45.2575;4.7080
16368;45.5803;0.2625
27537;49.2436;1.2750
35200;47.9292;-1.2368
49182;47.2079;-0.2900
71404;46.7093;4.6745
74308;46.3699;6.6553
02167;49.4107;3.5194
38494;45.7153;5.2700
48075;44.3839;3.5269
53011;47.9490;-0.9240
53258;47.8127;-1.0535
60523;49.3994;2.0089
67183;48.9453;7.0590
72005;48.3895;0.1686
79280;47.0026;-0.4675
82008;44.0665;0.8462
27542;49.2622;0.5896
51436;48.8713;4.4893
54260;48.5820;6.5353
84093;43.7644;5.2500
33038;45.3178;-0.9215
36220;46.6443;1.3813
43074;45.2693;3.3650
53276;48.1713;-0.3710
59211;50.3821;3.0240
62354;50.5511;1.6977
71178;46.3368;4.5283
71222;46.6732;4.3977
72093;48.1855;0.6263
05161;44.9527;6.5653
16337;46.0339;0.7003
27534;49.2357;0.9352
47156;44.4962;0.1739
56050;47.9732;-2.5848
72380;48.2253;0.1020
79020;46.4368;-0.2264
95074;49.0379;2.0606
07228;45.2925;4.7458
16003;45.7401;0.3777
21179;47.3918;5.1164
24020;45.1556;1.0569
24586;45.2430;0.3402
64367;43.4860;-0.7527
76551;49.5106;0.3569
17018;46.0811;-0.9182
27447;48.9728;0.9211
56113;48.0755;-3.2380
61081;48.5848;0.1537
72267;48.1855;0.6263
77032;48.7633;3.3188
85133;46.3637;-0.7291
87190;45.8514;1.5154
01046;46.2467;4.8854
01180;46.3658;6.1147
07156;44.6420;4.2368
27473;49.1799;1.3665
30266;44.2639;4.3358
42260;45.8653;3.9897
54109;48.5293;6.1776
64142;43.3794;-0.4500
68356;47.6168;7.2950
09235;43.0402;1.0445
11215;43.3064;2.3749
17314;45.8271;-0.4669
18055;46.9675;2.1484
24366;44.8968;1.2177
28156;48.4394;1.0466
42265;45.4392;4.6915
53088;47.9578;-1.0948
54281;48.5820;6.5353
59007;50.4161;3.1417
76313;49.3789;1.2157
78681;48.8635;1.7961
07298;44.6930;4.6834
14761;49.1191;-0.1595
16056;45.7158;-0.1843
27014;49.1855;1.1391
33006;45.1614;-0.6351
33332;45.0165;0.0067
42102;45.6128;4.4028
43127;45.3265;4.1018
50143;48.8970;-1.5246
60470;49.5501;2.2286
68179;47.7995;6.9577
80260;50.1191;1.8139
86042;46.9873;0.7032
89096;47.9170;3.5936
89142;48.0863;3.3016
01216;45.7526;5.5545
10018;48.0520;3.9325
31512;43.5604;1.6591
34109;43.5358;3.3103
36244;47.1569;1.5243
37138;47.3914;0.9851
43024;45.1458;4.1487
46138;44.6554;1.5971
64350;43.3249;-1.4295
67330;48.9169;8.0948
67379;48.9439;7.8821
83045;43.4971;6.1512
84124;43.9157;5.0862
86223;46.5635;0.8867
11136;43.1822;1.9666
13099;43.6853;5.7534
22255;48.1328;-2.6009
2B242;42.3063;9.4979
40308;43.6808;-1.0321
51018;49.0294;4.1667
62044;50.4710;1.7675
64023;43.2456;-0.2824
81307;43.5739;2.2990
11034;43.1188;2.0667
12068;44.3140;2.2477
26162;45.2969;4.9849
30080;44.2836;3.9980
33530;45.0625;-0.5573
36003;46.7523;1.9087
49336;47.0354;-0.6819
51413;49.0028;3.9238
79135;46.6764;-0.2202
08341;49.6405;4.6369
16245;45.8834;0.5712
33542;44.9990;-0.3983
38476;45.4922;5.1350
45204;47.7881;1.7861
63261;45.5449;3.2477
77436;48.8250;3.1631
80700;50.1208;1.5652
02195;49.3180;3.5440
05052;44.6693;6.6896
11437;43.2815;2.1944
22311;48.5018;-2.2265
26234;44.7390;5.0687
62851;50.5924;2.7078
65108;43.2813;0.0853
72271;48.1973;0.4291
77477;48.2952;2.5428
80096;50.0913;1.5236
28382;48.1266;1.6821
35359;47.9292;-1.2368
38523;45.2139;5.4122
48146;44.3289;3.3919
64041;43.2930;-0.2936
68099;47.6783;7.2624
72011;48.3093;-0.0220
76634;49.3774;0.9479
21076;47.3192;5.3981
27543;48.7916;1.3597
31349;43.2049;1.0659
45063;47.6434;2.3341
50281;48.8091;-1.4036
57422;48.9870;6.2104
62691;50.6358;2.3677
69103;46.2558;4.6751
76249;49.6612;1.1778
77272;48.5606;3.0374
85260;46.8295;-1.6705
88157;48.0725;6.4196
07254;44.6053;4.4022
24260;44.8500;0.7304
53154;48.3845;-1.0029
60002;49.3441;2.1588
62232;50.4256;2.5474
63269;45.6408;3.3010
68219;47.7235;7.0696
72141;48.3093;-0.0220
74279;46.3699;6.6553
81069;44.0807;1.9336
17192;45.5124;-0.3366
41105;47.8058;1.4353
60321;49.2323;2.0299
64436;43.2519;-1.2885
67438;48.4189;7.6659
77025;48.3962;3.1689
81142;43.5606;2.0205
95554;49.1378;1.7801
12137;44.2886;2.4291
17247;45.7076;-1.0218
22283;48.6935;-3.1588
27563;49.3519;0.5305
60517;49.1970;2.2045
61414;48.4945;0.5865
62340;50.4768;2.3789
77283;49.0701;3.0251
88201;48.1761;6.3456
25020;47.4882;6.8459
25082;47.3948;6.7294
38147;45.4868;5.4823
38284;45.3939;5.2212
43062;45.0731;3.7282
57109;49.4546;6.2400
72186;48.2253;0.1020
11086;42.9151;2.9410
25524;47.4566;6.6704
34174;43.8815;3.6618
38282;45.7153;5.2700
43061;45.0331;3.9492
43096;45.2693;3.3650
54353;49.1534;5.8474
57217;49.0811;6.5483
57760;49.0718;7.1258
64467;43.2679;-0.3985
71574;46.3488;4.7166
78470;48.6430;1.7367
21370;47.2253;5.2015
22114;48.2947;-2.2830
29248;48.5614;-4.3236
55543;48.6841;5.3388
61194;48.6893;-0.1609
63048;45.6647;2.5782
64550;43.2679;-0.3985
67299;48.5299;7.3733
70478;47.6868;6.3022
74234;45.7729;6.2585
77049;48.9379;2.9571
09238;43.1248;1.6040
16076;46.0027;0.4178
29271;48.5805;-4.1274
37224;47.5261;0.8035
43111;44.8427;3.7908
56020;47.8148;-2.3324
76272;49.8335;0.8472
89276;48.0651;3.7731
97130;15.8543;-61.6336
01030;46.0178;4.8148
15056;44.9843;2.3999
16269;45.7401;0.3777
17174;45.9652;-0.8347
29180;48.4526;-4.2228
2B152;42.8845;9.3982
37113;46.9281;0.8485
37169;47.5924;0.8925
40063;43.6808;-1.0321
74058;46.2907;6.7396
74106;46.2998;6.4669
77486;48.6975;3.0822
78209;48.6430;1.7367
82150;43.9206;1.4091
01308;46.1521;5.9098
07247;44.6199;4.5570
27044;49.0048;1.0647
31246;43.1295;0.7342
51196;49.0028;3.9238
59547;50.2124;3.4118
60259;49.2166;2.2800
63387;46.0104;3.3632
67443;48.9646;8.1406
78444;48.9416;1.5544
81132;43.6537;1.9748
88498;48.0187;6.6060
95040;49.0802;1.9139
30282;44.1082;4.5334
60164;49.4183;1.8059
64273;43.2519;-1.2885
64520;43.3830;-0.2320
71033;46.8190;5.0403
71305;46.4475;4.8180
73159;45.5008;6.0585
73301;45.7110;5.9421
74194;45.7925;6.0390
83154;43.4883;6.3441
89235;47.5102;3.8891
89245;48.0863;3.3016
01291;46.2213;4.9820
14720;48.9529;-0.2542
28137;48.5412;1.6913
31128;43.3507;1.4503
31565;43.1295;0.7342
40234;44.1060;-0.3086
53078;47.8199;-0.7037
57533;49.0970;6.3719
57576;49.4173;6.4226
59570;50.9638;2.4340
67540;48.8119;7.7171
87024;45.8082;1.6584
89029;47.9903;3.5106
90049;47.6681;6.9888
13009;43.6242;5.1890
15152;44.9549;2.8123
29017;48.4284;-4.7157
33452;44.5871;-0.4188
35335;47.8649;-1.4402
40182;44.0582;-1.2134
44124;47.5525;-1.1569
46273;44.8464;1.9089
62177;50.4710;1.7675
76670;49.7369;0.3976
84116;44.2444;5.0525
17242;45.5959;-0.5045
25256;47.1934;6.8179
31227;43.5087;1.3953
37188;47.0900;0.5995
59310;50.3077;3.8084
62662;50.8959;2.0814
63248;45.7042;2.8469
64252;43.1919;-0.6421
19252;45.4386;2.4649
22064;48.2162;-3.1568
26173;44.9877;5.0803
57274;49.1849;6.6311
37117;47.4193;0.3123
59480;50.2866;3.5381
80205;50.0033;2.0223
84095;43.7636;5.3977
87105;45.6831;1.5988
87157;45.9668;1.4082
87166;45.7952;1.1143
91195;48.4186;2.4623
25201;46.9030;6.3641
32412;43.5446;0.7384
47095;44.4196;0.3191
63471;46.1866;2.8334
64080;43.3794;-0.4500
68090;47.4827;7.3052
71495;46.4607;4.6276
72220;48.1973;0.4291
77347;48.4594;3.2251
81079;43.8198;2.2263
01362;45.9283;4.9273
05100;44.5625;6.0687
24587;44.8968;1.2177
27214;49.3275;1.4216
33266;45.1008;-0.3571
38290;45.3626;5.0340
51647;48.7343;4.6063
76147;49.7407;1.4648
79319;46.3758;-0.0928
02321;49.8211;3.9145
28036;48.8653;1.4846
32117;43.7008;0.6218
41233;47.4833;1.3249
63016;45.7386;3.6588
64472;43.3830;-0.2320
65252;43.1697;-0.0225
68123;48.0226;7.2886
79090;46.1222;-0.2637
81239;43.4851;2.5226
14326;49.1310;0.2591
27422;49.2436;1.2750
29145;48.0542;-4.4687
29244;48.5805;-4.1274
56110;48.0755;-3.2380
62328;50.5173;2.4329
69132;45.6957;4.4488
73021;45.4524;6.1665
87025;45.6517;1.2138
89136;48.3049;3.2038
01001;46.1331;4.9986
28188;48.4174;1.7878
29155;48.4599;-5.0856
42137;45.5094;4.0434
45036;47.8346;2.6798
62168;50.5712;1.9180
79337;46.2588;-0.5575
01368;46.2213;4.9820
02174;49.5539;3.5934
14304;49.3904;0.2417
17312;45.3705;-0.5998
24130;45.1180;1.2304
27485;49.4325;0.4989
34260;43.6529;2.9962
44104;47.4024;-1.0124
80464;50.1558;1.6160
86273;46.4460;1.0603
07217;45.0569;4.7787
32301;43.6571;0.4307
34265;43.7408;3.9985
43016;45.3778;3.3970
48156;44.5032;3.1311
50420;49.0496;-1.1752
57073;49.1440;6.8230
95678;49.0654;2.2420
17350;45.9472;-0.4881
19125;45.2414;2.0102
42104;46.0940;4.2484
63257;45.7042;2.8469
67005;48.7485;7.5653
68009;48.0999;7.4947
68234;47.9789;7.3919
85066;46.6729;-0.8669
85187;46.7674;-0.8017
88310;48.0079;5.9568
19013;45.1312;1.7100
27349;49.2880;0.6835
42085;45.4411;4.5841
46173;44.3819;1.7702
50575;49.5876;-1.6918
59325;50.2232;3.6852
65002;43.0733;-0.0282
68117;48.0539;7.1061
68171;47.9621;6.9634
88135;48.1368;6.6273
08314;49.4891;4.3377
29238;48.2896;-4.5754
35045;47.7981;-1.9715
40025;43.9331;-0.5266
47239;44.4801;0.5085
60559;49.4380;2.2466
64087;43.4860;-0.7527
73240;45.5008;6.0585
03271;46.0941;3.3728
24134;45.4312;0.9255
64377;43.3990;-1.2922
70575;47.4344;6.0525
95008;49.0828;1.7139
27696;48.9602;1.4448
30313;43.9622;4.2750
43148;45.2102;3.5526
45313;48.0813;1.8838
62446;50.6825;1.6683
68209;48.1424;7.3323
01171;46.2469;5.6523
56092;48.0812;-2.8608
60033;49.1907;2.6251
74170;45.8870;5.9437
78647;48.9394;1.7273
02215;49.5127;3.8334
08040;49.7590;4.7131
24581;44.9759;0.5487
31192;43.4581;1.5834
60324;49.3929;3.0040
79112;46.2588;-0.5575
03045;46.0550;3.4960
18158;47.0878;2.5267
25243;47.1343;6.5362
25468;47.3580;6.2106
62334;50.8070;1.8319
77456;48.5152;3.2405
78164;48.6165;1.8599
14177;49.2820;0.2287
24499;44.8599;0.5968
27254;49.0198;1.3552
29262;48.4992;-4.0931
30076;44.1082;4.5334
38365;45.7906;5.3248
41288;47.6129;1.3207
45336;47.7248;2.3712
69109;46.1512;4.5700
70435;47.8585;6.4868
74257;46.0202;5.9296
76719;49.7570;0.5238
77357;48.6630;3.1409
88206;48.3247;5.8676
95651;49.0828;1.7139
02549;49.8685;3.3018
14758;49.2528;-0.4264
26119;45.0726;4.8825
53101;47.8199;-0.7037
53174;48.3036;-0.6947
54472;48.5426;6.6159
60492;49.4914;2.9770
62627;50.3300;2.9800
64525;43.3794;-0.4500
68323;47.6959;7.3985
77418;48.5152;3.2405
02286;50.0019;3.7942
07291;44.3799;4.5601
16168;45.7971;0.2286
19243;45.3933;1.3763
2B319;42.3063;9.4979
38376;45.3755;5.7804
57325;49.0412;6.9247
57333;48.7256;7.1543
64148;43.1417;-0.2429
73255;45.3260;6.2616
08194;49.7361;4.9588
08284;49.9166;4.6631
11192;43.3333;1.9782
14701;49.3302;0.0982
29125;48.0435;-3.7408
71350;46.3488;4.7166
79176;46.5341;-0.0691
85231;46.4915;-1.5878
07011;44.7657;4.3521
10280;48.4791;3.6912
17133;45.5824;-0.6940
17460;45.6644;-0.6608
18020;47.3016;2.8088
18157;47.0292;2.3225
22028;48.7461;-3.2926
24157;45.1226;0.4155
27547;49.1267;0.4626
33445;45.0105;-0.2196
42257;46.2033;3.7961
45016;47.6698;2.6205
46322;44.4542;1.4651
47077;44.5448;0.9735
50369;49.4933;-1.6133
59046;50.8772;2.4274
59056;50.5928;2.8819
61070;48.7672;-0.5540
71267;46.4475;4.8180
73098;45.6156;5.9977
14090;48.9914;-0.4099
16353;45.6792;0.5080
22345;48.3663;-2.5616
46080;44.5549;1.3289
60225;49.4052;2.4292
61077;48.4294;0.0883
63305;45.7042;2.8469
88266;48.2228;6.6981
01346;46.3400;5.1330
17111;45.4692;-0.6260
21391;47.4355;5.0154
47315;44.3849;0.8443
49188;47.5413;-0.3344
76562;49.8421;1.2420
79150;46.1514;0.0823
80019;49.9484;1.9286
85157;46.5446;-1.2156
88037;48.0217;6.7445
15134;44.7321;2.4780
30308;44.0258;4.4117
33245;44.7832;-0.4719
37210;47.1546;0.2329
40135;44.0932;-0.5728
42179;45.6194;4.0612
67392;48.9008;7.4721
76702;49.6137;0.7501
87096;45.6517;1.2138
88068;48.3160;6.8483
01252;46.1670;4.8460
01332;46.3162;4.9740
03158;46.4826;2.6565
14520;49.1716;0.0767
27524;49.1474;0.9580
27624;49.1855;1.1391
38533;45.1795;5.7980
54352;48.6426;6.0850
69078;45.6632;4.5502
73018;45.5008;6.0585
74244;46.0625;6.3190
76253;49.6137;0.7501
17097;45.7056;-0.8998
22131;48.5214;-3.5257
27587;49.2880;0.6835
27684;49.0499;1.1747
33201;44.7161;-0.3621
42240;45.5094;4.0434
56112;47.8268;-2.4980
77202;48.3256;2.7516
78125;48.6725;1.9625
79335;46.2588;-0.5575
80512;50.1191;1.8139
82051;44.1828;1.1418
87131;45.8712;0.8337
89063;47.9697;3.2305
01113;46.1331;4.9986
02295;49.9025;3.8968
02503;49.8377;3.5104
21191;47.1980;5.0776
22323;48.5709;-2.3343
33303;44.8431;-0.3283
40089;43.6285;-0.5937
43239;45.0667;3.4902
47070;44.5448;0.9735
62148;50.3894;2.9085
70414;47.7310;6.7268
79127;46.1718;-0.4607
80815;50.3005;1.6843
87150;45.6517;1.2138
04068;43.9527;5.7868
25301;47.1343;6.5362
27287;48.9728;0.9211
33374;45.2724;-0.6254
33392;44.6408;-0.2811
38508;45.4430;5.4017
40222;43.5734;-1.1103
54253;49.1534;5.8474
59402;50.8267;2.2562
59437;50.5828;3.0362
64331;43.4696;-0.1198
67450;48.7680;7.8609
71148;46.2126;4.3209
08402;49.6014;4.4510
28062;48.7778;1.5096
49076;47.5413;-0.3344
59307;50.8267;2.2562
65388;42.7845;0.2492
77428;48.5850;2.8965
16086;45.8762;0.7258
29110;48.0935;-3.9971
45292;47.8081;2.8627
49221;47.4060;0.0723
51609;49.0741;3.7149
62292;50.6841;2.0790
68075;47.4827;7.3052
70312;47.6009;6.6927
71468;46.8253;4.4917
77383;48.5606;3.0374
81249;44.1239;2.1871
86236;46.6858;0.8234
89154;47.7556;3.4265
06153;44.0922;7.1271
11361;43.3333;1.9782
15169;45.3190;2.4929
25357;47.0094;6.4560
25417;47.2569;6.2911
2B034;42.6078;9.0461
38146;45.7153;5.2700
47285;44.4066;0.0844
62899;50.8770;1.6650
33342;44.9524;-0.0838
53074;48.3036;-0.6947
60432;49.1165;2.5922
62889;50.7869;1.7574
67264;48.8278;8.0354
69095;45.6957;4.4488
73245;45.6800;5.7725
77293;48.3779;2.9643
82195;44.1184;1.2987
86153;46.3927;0.7264
89005;47.7772;4.1587
07143;45.2925;4.7458
33534;44.7161;-0.3621
40051;43.9331;-0.5266
49170;47.6948;-0.5389
57137;48.9870;6.2104
01307;46.1732;5.5646
16330;45.6930;-0.3423
30216;44.2983;4.0972
34144;43.7331;3.2053
40316;43.6226;-0.8307
47127;44.3564;0.4031
59472;50.1649;3.6552
60024;49.4441;2.6340
76714;49.5106;0.3569
01079;45.9507;5.6875
14643;49.1880;-0.8225
32464;43.4055;0.1982
61394;48.3286;0.5527
71550;46.5458;4.8719
81192;43.6890;2.8233
24214;45.5369;0.6442
30188;44.0513;4.1895
38396;44.9382;5.8349
46088;44.4587;1.2657
60115;49.4932;2.4185
60373;49.4815;2.8546
62750;50.6358;2.3677
67275;48.7504;7.4725
71380;46.6261;5.3508
71394;46.4917;4.4322
74186;45.8557;6.0809
74294;46.1230;6.6005
76324;49.9195;1.1425
77002;48.7888;3.0954
11253;43.2815;2.1944
24274;44.7790;0.3900
27691;49.1799;1.3665
29134;48.0794;-4.1664
65138;42.8520;-0.1269
71135;46.4475;4.8180
71194;46.8900;4.7691
85305;46.6285;-0.7127
05010;44.5715;5.7130
07177;45.0569;4.7787
14077;49.2820;0.2287
17032;46.0811;-0.9182
28335;48.4394;1.0466
29139;48.2800;-4.1076
35092;48.4260;-1.7434
40186;43.5793;-0.9162
62445;50.4965;2.5967
69265;45.9972;4.6146
72315;48.1741;-0.1309
80597;50.0810;1.5797
81196;43.5860;2.3789
02157;49.5539;3.5934
06043;43.8299;7.3099
26258;44.6245;4.9462
27339;49.1855;1.1391
38062;45.4376;5.9891
39001;47.0404;5.4006
42254;45.8612;4.1871
49061;47.5742;-1.0331
60334;49.2850;2.2441
61029;48.5537;0.4662
65366;43.0733;-0.0282
71482;46.7997;4.3454
81306;44.0038;2.2774
24252;44.8968;1.2177
25073;47.3324;6.0368
26320;44.9670;5.2827
45161;48.0888;2.8658
61440;48.7505;0.6601
62271;50.6841;2.0790
62763;50.3777;2.3104
67421;48.3875;7.1481
67489;48.6856;7.3662
72337;48.3093;-0.0220
76473;49.4548;0.7260
76637;49.7570;0.5238
76678;49.6189;1.5439
80634;49.9398;2.4313
01140;46.2413;5.1155
02564;49.3519;3.3202
08122;50.1134;4.8201
10245;48.2596;4.2496
14085;49.2820;0.2287
14309;49.0559;-0.3216
16055;45.5803;0.2625
16209;45.7401;0.3777
23149;46.1904;2.1007
31426;43.1080;0.5860
38267;45.3939;5.2212
51079;49.0294;4.1667
51432;48.7312;3.9593
59436;50.8083;2.4648
59536;50.8083;2.4648
63109;45.5536;3.0871
71410;46.7127;5.0019
77370;48.2323;2.7147
07302;44.6930;4.6834
12016;44.4348;2.3175
15141;45.1501;3.0136
19007;44.9960;1.8080
19164;45.6739;2.1411
22012;48.6229;-2.3784
35056;48.3292;-1.8850
40094;44.1864;-0.9434
42157;46.1173;3.9846
50200;48.6788;-0.8070
54428;49.4160;5.7406
57146;48.9870;6.2104
68385;48.0591;7.2167
89436;48.0403;3.6306
90035;47.5946;6.8817
17280;45.8270;-0.8280
19118;45.4693;1.7477
25224;47.4566;6.6704
27164;49.0700;0.8168
33076;44.5871;-0.4188
47061;44.4039;0.2016
55500;49.3404;5.6285
57693;49.1174;6.2035
72249;48.0234;0.0301
02374;49.9653;3.2544
31403;43.7562;1.2342
47094;44.4196;0.3191
50498;49.5258;-1.4865
63380;45.6025;2.9728
67164;48.4477;7.5083
68254;47.7818;7.5013
79008;46.7743;-0.3507
02458;48.9129;3.4404
16406;45.6792;0.5080
27332;49.1855;1.1391
41110;47.2793;1.8548
51585;49.0741;3.7149
53042;48.4100;-0.8319
60005;49.1331;2.9579
62751;50.8301;1.7103
69030;45.7651;4.5374
73281;45.5083;5.8459
77071;48.1889;2.7789
01095;46.2067;5.3861
21582;46.9173;4.6939
24016;45.5369;0.6442
24179;45.1194;1.2979
24498;45.5151;0.8024
28146;48.6497;1.5083
35316;47.7453;-1.7226
64054;43.1417;-0.2429
80029;50.1289;1.6188
09293;42.9515;1.5808
11201;43.0946;2.3432
14015;49.2528;-0.4264
30303;44.2404;4.2200
43110;45.2693;3.3650
62213;50.3579;2.6783
68051;47.9955;7.0518
73218;45.8305;5.8341
74101;46.0955;5.9552
77403;48.5897;3.2433
86029;46.1593;0.2769
08078;49.9158;4.5115
14352;48.8545;-1.0274
16422;45.5803;0.2625
18190;47.1276;2.0736
2A090;42.1659;8.8237
35309;48.4201;-1.5646
41135;47.2793;1.8548
62820;50.3597;2.4626
68017;47.6466;7.1067
68223;47.9955;7.0518
76486;49.3088;0.9557
79140;46.0797;-0.0776
85058;46.4598;-1.1747
85148;46.4730;-0.8043
03029;46.2217;3.4472
07237;44.8234;4.6514
25296;46.9877;6.5404
36010;46.8406;1.1679
57256;49.0926;6.0226
59591;50.4614;3.6160
76198;49.6677;0.9084
89286;47.7556;3.4265
02500;49.9674;3.4414
25466;47.1860;5.8234
29099;48.5288;-4.6433
29275;48.4665;-3.6845
31231;43.3507;1.4503
36162;47.1964;1.6976
50643;49.5876;-1.6918
59438;50.1153;3.1612
64538;43.1182;-1.1799
65320;43.0347;0.1428
66020;42.5769;2.0852
67435;48.9453;7.0590
69037;46.0727;4.4762
76278;49.8828;1.5974
77161;48.3779;2.9643
86246;46.5635;0.8867
01175;46.4317;4.9642
16016;46.0339;0.7003
21028;47.1835;5.3733
21405;46.9857;4.7542
30023;43.8069;4.1014
30130;44.3724;3.9922
57074;49.0415;7.2755
59177;50.1317;3.9232
62255;50.6792;1.8616
62812;50.5971;2.0997
67363;48.5903;7.5613
69172;46.0599;4.6129
72158;48.0513;0.6297
77266;48.4532;2.8280
77516;48.3779;2.9643
80092;49.9961;2.3435
80779;50.1191;1.8139
08008;49.4891;4.3377
16110;46.0205;0.0623
21087;47.1310;4.6746
27099;49.0499;1.1747
40211;43.5734;-1.1103
56071;47.8390;-2.6477
64409;43.1919;-0.6421
72325;47.8404;0.5027
08354;49.6051;4.9263
10123;48.4013;4.5341
15045;44.8098;2.9880
22377;48.6280;-2.8836
24087;44.8621;1.0657
27456;49.1855;1.1391
60063;49.3553;2.0057
73142;45.5288;6.7268
84096;44.2444;5.0525
04006;44.2616;6.6266
14310;49.0219;-0.2319
22145;48.4389;-2.3428
25575;47.2829;6.1216
29123;48.2520;-3.9568
2B303;42.3063;9.4979
37161;47.4513;1.0208
39510;46.3646;5.9449
47028;44.4962;0.1739
56044;47.7587;-2.1829
61376;48.6891;-0.6259
76682;49.3161;1.0665
24321;45.1194;1.2979
35151;47.7981;-1.9715
36180;46.7523;1.9087
42268;45.9031;4.1301
46105;44.4542;1.4651
74178;46.0202;5.9296
28033;48.4394;1.0466
35075;48.3345;-1.5140
37030;47.5924;0.8925
38512;45.5640;5.2955
41259;47.7959;1.0852
57129;49.1986;6.3008
59065;50.3077;3.8084
67020;48.4804;7.2102
68251;47.9749;7.2138
71001;46.5784;5.0043
77082;48.5850;2.8965
82178;43.8533;1.1685
87071;45.5304;1.2163
02106;49.3989;3.7382
22369;48.2947;-2.2830
24461;44.9374;0.1002
33093;44.7161;-0.3621
37051;47.0141;0.3871
38195;45.1571;5.3036
39530;46.3647;5.5594
40043;44.0582;-1.2134
41131;47.7959;1.0852
44031;47.6419;-1.2247
50222;49.5227;-1.7886
53181;48.3845;-1.0029
55369;48.7770;5.1703
60169;49.2430;1.8875
74155;46.2514;6.5461
14290;49.0559;-0.3216
25040;47.5183;6.9100
40237;43.8185;-0.9590
56104;47.9398;-3.3118
59381;50.3348;3.6096
59634;50.7161;2.5350
67557;48.3962;7.4116
68345;48.0999;7.4947
76435;49.9896;1.4244
78506;48.5044;1.8580
85167;46.4730;-0.8043
91294;48.3609;2.1249
27132;49.0048;1.0647
2B311;42.3298;9.5029
47191;44.4962;0.1739
67358;48.9008;7.4721
68111;48.0226;7.2886
72059;47.8851;-0.1248
77214;48.9494;2.7161
88289;48.0701;5.8035
08381;49.4740;4.1207
14299;49.3904;0.2417
24210;45.2509;1.1449
26077;45.1245;4.9818
35350;48.0164;-1.2966
39573;47.0817;5.4765
48018;44.5167;3.5174
56236;47.9732;-2.5848
66207;42.6000;2.7620
79273;46.2556;-0.3657
81274;43.8945;2.1798
85304;46.3816;-1.0656
06151;44.0251;7.3084
11027;43.2183;2.4917
16216;45.7158;-0.1843
27158;49.0499;1.1747
29090;48.0680;-4.3319
31229;43.3074;1.0431
31338;43.6739;1.1697
33062;45.0105;-0.2196
38319;45.0898;5.3986
43119;45.1545;3.9463
59604;50.0846;3.4650
60337;49.4441;2.6340
60479;49.2265;2.8507
62229;50.6841;2.0790
64523;43.3830;-0.2320
67366;48.7358;7.3547
68110;48.0999;7.4947
77173;49.0542;2.9132
78329;49.0237;1.7934
80765;50.0687;1.6499
84113;43.7643;5.5394
88500;47.9567;6.8725
01058;45.7328;5.6572
03109;46.1767;3.3256
05092;44.5625;6.0687
09105;43.1379;1.3127
23015;46.3628;1.5393
35183;48.0412;-1.1357
40077;43.5734;-1.1103
49217;47.6290;-0.7330
57740;49.4173;6.4226
59192;50.3225;3.2553
67430;48.3397;7.2831
71003;46.9192;5.0173
72256;48.1741;-0.1309
74179;45.9569;6.0445
21371;47.1835;5.3733
24451;45.5369;0.6442
29071;47.8874;-3.5077
33175;44.7209;-0.2227
37055;47.5288;0.3098
51389;49.1184;4.3414
60173;49.2665;2.3686
67121;48.1885;7.5677
68101;47.7183;7.2205
73146;45.6779;6.0887
76644;49.9896;1.4244
16383;45.7971;0.2286
28321;48.8653;1.4846
31120;43.6739;1.1697
62008;50.6841;2.0790
68265;47.6428;7.4261
78364;48.8635;1.7961
79230;46.2814;0.0312
86075;46.7882;0.1512
88292;48.3096;6.0977
01187;45.9507;5.6875
02153;49.5132;3.4497
09060;43.1248;1.6040
19273;45.0557;1.6594
28254;48.4570;1.2308
30256;44.1738;4.6090
31457;43.1506;0.9020
35321;47.8914;-1.5882
50480;49.5227;-1.7886
63207;45.6535;3.7068
71177;46.4986;5.3085
72248;47.8404;0.5027
74099;45.8403;6.6121
86211;46.3056;0.2456
14735;48.9808;-0.0400
24316;45.1753;0.1894
69062;45.6217;4.4891
76547;49.5862;1.1495
36233;47.1569;1.5243
52008;48.2459;5.3811
57408;49.1484;7.0121
63120;45.6564;3.1814
73114;45.8256;6.5140
76660;49.5106;0.3569
07140;45.1098;4.7830
21373;47.2782;4.7991
22227;48.5214;-3.5257
28129;48.4174;1.7878
30235;43.9587;4.5435
30245;43.8343;4.2074
30286;44.0258;4.4117
40200;44.3533;-0.7860
43227;45.3027;4.2906
47066;44.2354;0.4231
50342;49.6491;-1.2863
67140;48.8278;8.0354
77388;48.9692;3.1248
82028;43.8509;1.2924
14038;49.2806;-0.5333
14504;49.1904;0.3493
17203;46.0811;-0.9182
26074;44.9366;5.4223
39153;46.7557;5.9028
50216;49.2231;-1.1741
53083;48.3269;-0.2436
53226;48.2254;-1.0006
59280;50.2865;3.1114
61140;48.7505;0.6601
72338;48.1390;0.1549
77369;48.9379;2.9571
01375;46.2413;5.1155
17275;45.7619;-0.7171
24325;44.8750;1.3527
51352;48.7343;4.6063
02134;49.8908;4.1075
33126;45.1523;-0.4789
34322;43.7951;3.8692
38505;45.3939;5.2212
41002;47.3654;1.2039
41040;47.6799;1.2615
46145;44.8876;1.5053
58065;47.0705;3.6596
67056;48.1885;7.5677
85244;46.4730;-0.8043
02058;49.3989;3.7382
09214;42.9619;1.1680
17036;45.8465;-0.9577
17255;45.7056;-0.8998
17436;45.8646;-0.6574
23045;46.2179;2.3902
31466;43.5121;1.1587
32210;43.6005;1.0782
57396;49.1183;6.0836
62714;50.3121;2.7968
07031;44.3435;4.2066
27091;49.3596;0.8321
31285;43.6512;1.6466
33144;44.4153;-0.2141
41145;47.4833;1.3249
73036;45.6779;6.0887
78317;49.0237;1.7934
86116;46.4312;0.1024
87079;46.0084;1.4724
16339;45.7890;-0.0524
30167;44.2685;4.1531
36021;46.9136;1.9462
36155;47.0115;1.4103
37085;47.2139;0.9305
50453;48.8293;-1.2184
51504;48.9826;4.3607
56211;47.8148;-2.3324
57701;49.0926;6.0226
77060;48.2952;2.5428
87181;46.0622;1.4688
11401;42.8797;2.6652
41217;47.3654;1.2039
50081;48.8970;-1.5246
59159;51.0134;2.2803
62356;50.4256;2.5474
74069;46.0955;5.9552
76234;49.5940;0.9502
77398;48.8662;3.2761
80379;49.8342;2.3995
02420;49.8685;3.3018
02643;49.4211;3.1801
05103;44.2953;5.8168
29132;48.6115;-3.9061
32268;43.5910;0.9812
35225;48.4351;-1.8877
38141;45.5640;5.2955
67280;48.3397;7.2831
70121;47.6009;6.6927
73320;45.2555;6.3351
26157;44.6175;4.8293
29187;48.5805;-4.1274
30122;43.8846;4.1895
57267;48.9891;6.9817
57629;48.7426;7.0360
60392;49.4815;2.8546
62654;50.9298;1.7784
71010;46.9659;4.3169
71428;46.2126;4.3209
76555;49.5862;1.1495
79284;46.4780;-0.4096
80579;49.7518;3.0187
89467;48.3049;3.2038
09121;42.9515;1.5808
17171;45.8270;-0.8280
25586;47.4589;6.8806
33504;44.5338;-0.2659
39582;46.7426;5.6286
59593;50.2279;3.3147
62161;50.8633;1.8559
64339;43.1417;-0.2429
76697;49.7971;1.1220
09079;43.1552;1.4156
15261;45.2470;2.3376
26317;44.3687;5.1923
30172;43.9523;3.8724
41078;47.8538;0.8666
50603;49.0681;-1.4630
57348;49.1134;6.9840
60082;49.6351;2.3029
62488;50.8469;1.9756
76548;49.4774;1.3133
83128;43.5715;6.2494
04033;44.4048;6.4313
28198;48.0751;1.3674
31439;43.5604;1.6591
33002;44.4949;-0.1120
37174;47.0900;0.5995
38440;45.3124;5.2834
45347;48.1873;2.2537
51195;48.7343;4.6063
54038;48.4831;6.6644
57607;49.1986;6.3008
63165;45.8124;2.4721
88258;48.0701;5.8035
02580;49.2129;3.3501
15094;44.9868;2.1919
18265;47.0397;2.9746
24055;45.3490;0.6146
28292;48.7096;1.3675
31211;43.8088;1.3993
36149;46.8582;1.4060
41243;47.7959;1.0852
49036;47.7119;-1.0008
50167;48.7284;-1.4599
54276;48.8469;6.2436
58044;47.4771;2.9370
63420;45.8178;3.3999
72255;48.1741;-0.1309
76456;49.6428;0.8342
76592;49.5137;0.5277
82144;44.1884;1.3388
01152;46.1948;5.7148
11122;43.2164;2.6352
14630;49.2816;-0.7154
16350;45.3008;0.1977
29264;48.4992;-4.0931
38445;45.0662;5.8468
40059;43.5734;-1.1103
45306;48.0888;2.8658
67228;48.6570;7.6046
69198;46.0599;4.6129
73196;45.6747;6.3695
83095;43.5813;6.0334
86050;46.6225;0.1223
21320;47.2253;5.2015
27414;48.9214;0.4815
54067;49.4160;5.7406
59366;50.7167;2.4082
62007;50.3579;2.6783
76398;49.5497;0.6877
76507;49.9896;1.4244
80127;49.9917;1.5957
84145;43.9044;5.4340
89118;47.6888;3.5467
89127;48.1970;3.2892
18273;46.8351;2.3602
26341;45.0726;4.8825
30002;43.9770;4.1101
30104;43.9770;4.1101
67382;48.6157;7.5786
76239;49.5106;0.3569
87033;46.0208;1.2045
16100;45.8762;0.7258
22333;48.1983;-2.3941
42136;45.7453;4.0081
50356;49.1779;-1.0095
59137;50.0869;3.5816
66055;42.6444;2.5994
87039;45.5947;1.4503
89268;47.9170;3.5936
01449;46.0114;5.1930
06158;43.9477;7.0793
30088;43.8069;4.1014
68362;47.5444;7.4724
12121;44.4011;2.1585
14719;49.0219;-0.2319
18083;46.5559;2.3320
89144;48.1607;3.0808
24308;45.2957;0.7803
27045;49.3150;1.7447
33279;44.5338;-0.2659
34149;43.5358;3.3103
36208;46.4858;2.0825
42308;45.4411;4.5841
57213;49.3089;6.5075
59069;50.2475;3.5298
73141;45.5008;6.0585
77462;49.0376;2.6801
80020;49.9961;2.3435
88320;48.2770;6.9444
95660;49.0549;2.3337
01038;46.2854;5.3261
02041;49.5817;3.1917
05050;44.4605;6.2196
07071;44.8185;4.0192
12205;44.3344;2.0080
21423;47.0093;4.8835
25160;47.0644;6.6102
25213;47.1934;6.8179
38498;45.5640;5.2955
39485;46.4077;5.4533
42118;45.9509;4.2188
45296;48.0142;1.6697
51009;48.5867;3.7574
57732;49.1232;7.3585
64135;43.4860;-0.7527
69004;45.8717;4.7018
77030;48.8662;3.2761
86039;46.2232;0.1762
03257;46.2073;3.6605
19261;45.6739;2.1411
28403;48.3997;1.5217
30126;43.9622;4.2750
35180;48.3292;-1.8850
40236;43.7282;-0.8473
77054;48.3010;2.9785
89242;47.7905;3.7907
01318;45.9283;4.9273
09104;43.0413;1.6293
27347;49.0499;1.1747
34290;43.7085;3.8671
63448;45.4754;3.4445
67308;48.9169;8.0948
68283;48.2830;7.2562
73265;45.7731;5.9348
01041;45.9756;5.3431
08111;49.4891;4.3377
12011;44.1739;2.5475
41181;47.2569;1.3408
41223;47.6159;1.1303
44065;47.5995;-1.3842
50102;48.7484;-1.5593
57355;49.0305;7.1696
62367;50.3777;2.3104
68313;47.7235;7.0696
69229;46.0727;4.4762
72367;48.0067;-0.1219
79120;46.7035;-0.0656
14318;49.3187;-0.4659
15001;45.2521;2.9288
17016;45.5124;-0.3366
19182;45.2879;1.3971
25328;47.1886;5.9843
38222;45.4612;5.6299
44080;47.3430;-1.9354
53218;48.1713;-0.3710
60302;49.4380;2.2466
62769;50.9032;1.8227
66107;42.8153;2.6128
71413;46.8253;4.4917
89054;48.1607;3.0808
13116;43.8325;4.9439
17439;46.2523;-0.8119
34318;43.7951;3.8692
39378;46.4292;5.3725
54572;49.5332;5.6568
57546;49.1663;6.1368
60147;49.4815;2.8546
60408;49.4684;2.7499
67534;48.7485;7.5653
68119;47.6466;7.1067
76738;49.5595;1.3516
12167;44.2133;2.0219
16312;45.7890;-0.0524
17462;45.7574;-0.6043
18115;47.3631;2.4129
27277;48.9046;1.2730
33477;45.1614;-0.6351
43181;45.0369;4.0674
59109;50.4209;3.3754
59640;50.2907;3.6847
07161;44.7183;4.1770
11371;43.2886;1.8014
17043;46.0720;-0.5378
48096;44.2076;3.4086
50437;49.0159;-1.3169
55120;48.7770;5.1703
60401;49.2430;1.8875
62245;50.6841;2.0790
62650;50.2944;2.9115
71402;46.6466;4.8496
04076;43.9774;6.7698
07159;44.5772;4.4897
23021;46.0848;1.6423
46220;44.8876;1.5053
68262;47.8912;6.9773
68377;47.6168;7.2950
84126;44.2444;5.0525
24137;45.2732;0.8916
25025;47.0026;6.3101
26092;45.1245;4.9818
27413;49.2880;0.6835
27423;48.7822;1.3134
30070;44.2446;4.6125
38244;45.4359;4.9980
51476;48.9905;4.5616
53265;48.0665;-0.3323
62369;50.3570;2.8302
62649;50.1492;2.4713
62896;50.6792;1.8616
67277;48.1885;7.5677
68381;47.8970;7.2239
72062;48.1855;0.6263
95489;49.0079;2.3465
07017;44.4500;4.0742
24096;45.4036;0.7221
40110;43.6362;-0.3982
45316;47.9489;2.2986
51044;49.1885;4.1978
57554;48.9870;6.2104
73283;45.6176;6.3020
89076;48.0403;3.6306
02498;49.5127;3.8334
31073;43.8426;1.5086
54059;48.8815;6.2268
59087;50.6677;2.4725
59106;50.5604;3.2331
59145;50.5444;2.9810
68121;47.5444;7.4724
76433;49.5940;0.9502
91662;48.4939;2.1816
14281;49.3171;-0.9153
17017;45.9788;-0.6802
17295;45.4260;-0.4052
18065;46.7848;2.1807
22390;48.7149;-3.0467
28102;48.4965;1.4545
28177;48.3997;1.5217
29087;48.0680;-4.3319
59465;50.0869;3.5816
60411;49.2430;1.8875
61222;48.7672;-0.5540
67250;48.7373;7.7018
69017;45.9428;4.5565
70155;47.7890;6.3571
82189;44.1884;1.3388
85285;46.6269;-1.3323
33521;45.4294;-1.0437
39130;46.5873;5.9433
54100;48.7450;6.3640
55125;48.8463;4.9967
65048;43.3119;0.0820
70257;47.5460;5.8613
74100;46.0202;5.9296
74156;46.2697;6.3866
78104;48.9394;1.7273
80431;49.9961;2.3435
80652;49.7820;2.6238
81143;43.4692;2.1562
90081;47.5160;7.1164
02770;49.3519;3.3202
03159;46.2667;2.7905
06162;44.0899;7.5788
14625;49.1310;0.2591
15184;44.7318;2.2254
21239;47.1013;5.2597
43126;45.1545;3.9463
56136;47.9150;-2.1628
56218;47.6819;-2.2995
69178;45.6957;4.4488
71319;46.6882;5.1007
76318;49.5137;0.5277
77034;48.5424;2.7715
77248;48.9197;2.8032
79016;46.8218;-0.1365
90034;47.6450;6.9210
01364;46.4430;5.1230
03320;46.6099;3.0191
09285;42.7993;1.2327
17403;45.4260;-0.4052
24197;44.9031;0.3446
50531;48.6305;-1.3132
67081;48.6179;7.4214
69245;45.9428;4.5565
81093;43.9344;2.0310
22097;48.4277;-2.2014
22344;48.2721;-3.4605
45060;47.8081;2.8627
52244;48.5762;4.8553
72266;48.3093;-0.0220
80644;49.9195;2.7339
01008;45.9756;5.3431
03145;46.3319;2.5548
12257;44.5379;2.0810
14039;48.9914;-0.4099
17211;46.0720;-0.5378
22216;48.5217;-3.4078
23168;46.0034;1.8712
60610;49.5706;3.0378
65451;43.0347;0.1428
71063;46.8468;4.2035
72278;47.9751;-0.2530
77231;49.0212;3.0501
79304;46.2588;-0.5575
80416;49.9553;2.0974
91273;48.3727;2.3581
09130;42.9515;1.5808
17112;45.7056;-0.8998
17278;45.7056;-0.8998
27511;49.1474;0.9580
33182;45.0625;-0.5573
38358;45.4922;5.1350
42064;45.4392;4.6915
50328;49.2025;-1.3920
70489;47.8264;6.7166
71439;46.4282;4.1016
77506;48.3335;2.8285
79056;47.0616;-0.2822
79147;46.6373;-0.5530
80031;49.7368;2.6493
85132;46.3637;-0.7291
27665;49.4325;0.4989
32227;43.8064;0.0370
36107;47.1569;1.5243
40315;43.7691;-1.0741
50468;49.2231;-1.1741
51141;48.8713;4.4893
53144;48.2989;-0.5119
56043;48.0681;-2.3139
63215;45.9061;3.2350
64259;43.2946;-1.1827
66165;42.5986;2.5162
70477;47.6009;6.6927
71583;46.2495;4.7841
74265;45.8719;6.3330
12255;44.1739;2.5475
14614;49.2420;-0.9556
38077;45.3657;4.8683
50401;49.5227;-1.7886
52469;48.0957;5.1365
57667;49.1842;6.4959
59039;50.1534;3.1968
60560;49.2426;2.6875
67083;48.9564;7.6442
72045;48.0234;0.0301
73109;45.5044;6.3048
74074;46.0955;5.9552
78597;48.9658;1.6466
80204;50.0173;2.8821
82019;44.1307;1.0797
01379;45.9756;5.3431
14487;49.1310;0.2591
27377;49.4119;1.5125
28005;48.2004;1.4336
28124;48.7549;1.1618
30106;43.9523;3.8724
30207;43.9587;4.5435
33161;45.1614;-0.6351
36064;46.8562;1.7526
55435;48.7770;5.1703
59577;50.7161;2.5350
68193;48.0539;7.1061
72219;48.1041;-0.0315
95445;49.1079;2.2847
12281;44.3344;2.0080
17167;45.1883;-0.1834
19085;45.3545;1.8910
26140;45.1158;5.1316
42073;45.7937;4.3291
45230;47.8858;2.5139
51434;49.0294;4.1667
57547;48.9870;6.2104
73110;45.6338;6.4514
80678;49.6644;2.5930
02422;49.8881;3.6413
08357;49.6051;4.9263
14572;48.8604;-0.5389
19049;45.0905;1.4597
22202;48.2721;-3.4605
25494;46.7616;6.3586
34302;43.3496;2.6970
38115;44.9184;5.5781
41125;47.5197;1.8529
57212;48.9870;6.2104
61429;48.6389;0.7244
77123;48.9796;2.6189
78227;49.0110;1.9674
79064;46.2096;-0.1195
08199;49.8150;4.8071
11351;43.0809;2.5915
12012;44.5379;2.0810
29250;48.2542;-3.6071
29256;48.1687;-4.2332
30285;44.0513;4.1895
37166;47.5261;0.8035
41007;47.6757;0.9717
55158;49.2813;5.7133
62183;50.3762;1.8536
64413;43.2456;-0.2824
70197;47.4967;6.2428
80628;49.7772;2.5059
89018;48.0863;3.3016
02049;49.6403;3.2963
17431;45.8270;-0.8280
26065;44.7390;5.0687
34110;43.7408;3.9985
65101;43.1910;0.2471
69102;45.9115;4.4132
71330;46.6085;4.0143
89307;47.8736;3.6828
02520;49.3180;3.5440
28369;48.7096;1.3675
29144;48.4526;-4.2228
31406;43.2049;1.0659
72113;48.0234;0.0301
72130;48.0234;0.0301
80279;49.7518;3.0187
04047;44.0969;6.1444
11233;43.2794;2.8839
22201;48.6229;-2.3784
47102;44.1055;0.3898
53163;48.1479;-0.5292
57232;48.9138;6.8634
60632;49.6134;2.8596
62784;50.2103;2.5395
65129;43.2892;0.5135
79032;46.4824;-0.5483
09182;42.8797;1.3469
11023;43.2183;2.4917
14403;49.1310;0.2591
27518;49.4325;0.4989
2A215;41.5046;9.0487
33141;44.8431;-0.3283
35164;48.4201;-1.5646
40277;43.6808;-1.0321
41176;47.4120;2.0613
46021;44.6197;1.9991
71297;46.8468;4.2035
77076;48.5152;3.2405
80446;49.9470;1.7540
01184;46.2067;5.3861
06143;43.9477;7.0793
16196;45.8752;0.1966
18159;47.3185;2.2094
36158;46.5948;1.5730
62874;50.2552;2.6268
68302;47.7329;7.1515
76303;49.5106;0.3569
76652;49.8421;1.2420
81235;43.5116;2.2392
82127;44.1307;1.0797
01068;46.1108;5.4552
11048;43.1662;2.7889
17293;46.1164;-0.7269
18201;46.9642;2.2445
22338;48.5849;-3.1473
38240;45.3626;5.0340
42185;45.5673;4.2691
51161;49.0294;4.1667
53122;48.2445;-0.3322
64559;43.2027;-0.8933
67546;48.7614;7.6447
73269;45.6800;5.7725
76532;49.6749;1.2880
77376;48.9494;2.7161
78077;48.6430;1.7367
85276;46.7036;-1.0326
86210;47.0822;0.0264
88163;48.3747;6.2660
89160;48.1264;3.3114
12263;44.3344;2.0080
28195;48.5762;1.5842
30287;44.1738;4.6090
33170;44.5793;-0.0315
33388;45.0625;-0.5573
41297;47.6084;2.0132
56195;47.5390;-2.2754
68191;47.6783;7.2624
76183;49.7369;0.3976
76412;49.4774;1.3133
77425;48.4244;2.5726
02596;48.9876;3.2783
14714;49.1880;-0.8225
17207;46.2211;-1.4451
37222;47.0649;1.0117
38120;45.2307;5.9478
40268;43.5480;-1.3174
45015;48.2104;2.0603
47174;44.1055;0.3898
48090;44.8984;3.3558
63278;45.9060;3.1230
67016;48.5435;7.5328
76656;49.6904;1.0289
90057;47.6845;6.8406
04217;44.1606;6.1311
22122;48.1983;-2.3941
24212;44.7422;0.6032
25015;47.0295;6.0801
25288;47.1343;6.5362
27329;49.2404;1.4152
27419;48.9046;1.2730
28071;48.4394;1.0466
41209;47.7959;1.0852
67476;48.7864;7.9918
68044;48.1617;7.1284
72357;47.6593;0.1519
17474;46.0720;-0.5378
21639;47.1835;5.3733
28052;48.5762;1.5842
42038;45.6194;4.0612
50612;48.6860;-1.3332
56180;47.9150;-2.1628
65083;43.1625;0.1054
68325;47.5440;7.3391
72319;48.1390;0.1549
80820;50.0227;2.6606
85306;46.4924;-0.6700
87095;45.5947;1.4503
02180;49.5539;3.5934
16152;45.6120;-0.2698
16210;45.7497;0.0530
22386;48.4126;-2.9253
25350;47.4566;6.6704
28364;48.2004;1.4336
29085;47.8536;-4.1611
38099;45.1571;5.3036
41218;47.2793;1.8548
50332;49.4114;-1.7564
57316;49.0985;6.8657
62477;50.3542;2.5746
67459;48.6856;7.3662
68360;47.9980;7.5293
68366;48.0999;7.4947
71296;46.7093;4.6745
77410;48.5739;2.6988
78320;49.0329;1.5419
89378;47.5102;3.8891
05168;44.4746;6.0712
16198;45.4895;0.2971
19134;45.6718;2.4307
27072;49.0961;1.5672
27104;49.3498;1.3307
28048;48.3227;1.5067
33157;44.8154;-0.2027
58055;46.8005;3.4767
59379;50.2843;3.2537
59505;50.3348;3.6096
60125;49.3856;2.6928
60676;49.5706;3.0378
69217;46.0727;4.4762
72296;48.0902;0.7636
77201;48.5606;3.0374
05039;44.8037;6.1443
06021;43.8756;7.1427
07304;44.3891;4.3984
16382;45.5803;0.2625
17154;45.8270;-0.8280
21534;47.0093;4.8835
33320;44.9524;-0.0838
37158;47.4513;1.0208
40256;43.5734;-1.1103
46100;44.6197;1.9991
52064;48.1917;5.6051
57596;49.1440;6.8230
58109;47.4484;3.2697
62647;50.3763;2.1293
63102;45.9654;3.5179
80163;50.1191;1.8139
01421;45.9329;5.4692
09339;43.1248;1.6040
21071;47.4135;5.3038
28164;48.2537;1.8842
29249;48.1598;-3.8234
42320;45.5245;4.5131
52414;48.5435;5.1165
54465;48.4627;6.3431
56048;48.0574;-3.3592
63296;45.8178;3.3999
77081;48.6400;2.7977
03217;46.3585;2.7533
10035;48.1568;4.7947
22153;48.3663;-2.5616
22236;48.6429;-3.0124
38080;45.5535;5.5703
39471;46.7588;5.4394
54586;48.5873;6.0135
58124;47.0887;3.1067
60032;49.3929;3.0040
62456;50.4611;2.6009
64478;43.2679;-0.3985
76072;49.6904;1.0289
77045;48.1730;2.6493
77059;48.8362;2.7323
88170;47.9276;6.6773
2A098;41.7691;8.7525
34314;43.7951;3.8692
37038;47.3410;0.3808
38091;45.5640;5.2955
39508;46.8352;5.5279
57150;49.1842;6.4959
59517;50.0777;3.2566
63413;45.6564;3.1814
68132;47.6428;7.4261
72303;47.9535;0.5516
80234;49.9016;2.5356
88082;48.4501;6.9709
02083;49.1936;3.5598
27243;49.3652;0.3712
2B283;41.9691;9.3445
31344;43.1295;0.7342
40084;43.6808;-1.0321
48070;44.7870;3.6351
57748;49.0718;7.1258
63258;45.7022;3.6815
63388;45.9806;2.6955
74273;46.0540;6.8124
24331;44.7790;0.3900
2B162;42.4948;9.1656
36112;46.7523;1.9087
47142;44.6188;0.4833
57549;49.0163;6.5920
60582;49.4914;2.9770
68116;47.9667;7.2759
79058;46.2556;-0.3657
79077;46.4824;-0.5483
86198;46.5622;0.5200
87015;45.7952;1.1143
89321;47.7034;4.2240
01029;46.3890;5.3034
12217;44.4589;1.9830
30271;44.2404;4.2200
33035;45.0625;-0.5573
49070;47.1052;-0.7504
57046;49.0414;7.5069
60160;49.5564;2.7315
62191;50.8070;1.8319
63149;45.9061;3.2350
67135;48.8437;7.6070
73132;45.7642;6.6155
73176;45.6553;6.7844
74051;46.0441;6.1064
79059;46.6373;-0.5530
88346;48.3912;7.0206
95365;49.0746;2.4276
25188;47.5315;6.8535
27179;49.1002;0.5976
30164;44.2639;4.3358
37028;46.8378;0.9322
38098;45.4868;5.4823
46228;44.9082;1.8494
47186;44.2354;0.4231
59534;50.1317;3.9232
62046;50.3630;2.0044
74086;46.0202;5.9296
74202;45.9569;6.0445
85078;46.3637;-0.7291
87078;45.9454;1.0310
89075;47.9900;3.4003
01204;46.1948;5.7148
01284;46.4317;4.9642
01429;46.2212;5.0577
26360;44.4372;4.8611
35111;48.4830;-1.1863
37212;47.0900;0.5995
42088;45.7464;4.2205
60221;49.6351;2.3029
70410;47.3218;5.7884
80826;50.0981;1.4747
11251;43.0809;2.5915
17480;46.0811;-0.9182
24030;45.1194;1.2979
24042;45.3490;0.6146
38311;45.3939;5.2212
42328;45.6194;4.0612
47312;44.4073;0.9808
52177;48.3296;5.2577
61133;48.6345;0.3346
63239;45.7171;3.3695
68316;48.0591;7.2167
76152;49.5862;1.1495
77485;48.3613;2.5012
10419;48.1391;4.2390
16224;45.4826;-0.1625
25482;47.2664;5.8304
31366;43.4581;1.5834
50429;48.9984;-1.5354
54122;48.7138;5.8731
54302;49.2643;5.8940
60060;49.1970;2.2045
62568;50.2562;2.7778
77244;48.2952;2.5428
86284;46.4622;0.4304
18231;46.7613;2.6677
22026;48.4429;-2.0538
22368;48.5319;-2.0399
24526;45.4018;1.1801
27463;49.1002;0.5976
28383;48.3227;1.5067
41144;47.5039;1.1673
50305;49.6236;-1.5629
53135;47.8447;-0.9308
54112;49.0258;5.9467
54250;48.6421;6.3587
60047;49.1907;2.6251
68018;47.6466;7.1067
71564;46.4335;4.2963
76227;49.6677;0.9084
76266;49.9896;1.4244
76706;49.7369;0.3976
79295;46.2096;-0.1195
86264;46.3481;0.3845
03026;46.5176;3.1740
14760;49.0707;-0.6488
15074;44.8792;2.4907
18211;47.2025;2.3768
23061;46.1028;2.2260
35028;47.9720;-1.4946
50629;49.2382;-1.5359
87051;45.6831;1.5988
14747;49.1300;-0.4322
15006;45.1902;2.5323
21297;47.1699;4.9900
2A276;41.7771;8.9514
30129;44.0718;3.9753
37279;47.5288;0.3098
63045;45.8178;3.3999
64021;43.2728;-0.1852
83041;43.5889;6.5499
01094;46.4317;4.9642
01212;46.4430;5.1230
02610;49.3519;3.3202
03221;46.6639;2.7066
27655;49.3519;0.5305
60682;49.2426;2.6875
71200;46.2115;4.0442
81305;43.7512;2.4576
91412;48.4761;2.3434
01081;46.2797;5.9120
04172;43.7795;6.0824
16109;45.7158;-0.1843
19004;45.1426;1.8597
33124;45.0646;-0.1064
45210;47.8081;2.8627
50364;49.1348;-1.4186
51390;49.0028;3.9238
59219;50.2474;3.2715
65031;42.8316;0.3859
71052;46.5458;4.8719
71209;46.6261;5.3508
72196;48.1733;0.2504
79251;46.2096;-0.1195
80124;50.0913;1.5236
80463;49.9016;2.5356
85102;46.8295;-1.6705
02303;49.8685;3.3018
35198;48.0164;-1.2966
38492;44.9184;5.5781
57531;49.3625;6.2749
60680;49.2959;2.7177
73024;45.5172;6.4637
77501;48.3335;2.8285
24455;45.2430;0.3402
31416;43.3057;1.2139
38295;45.8231;5.3749
59264;50.3120;3.9895
61287;48.7672;-0.5540
66045;42.6388;2.3541
68241;47.9789;7.3919
69097;45.5037;4.7346
86058;46.6847;0.6055
02073;49.4580;3.9681
17266;45.9788;-0.6802
46176;44.6447;1.8144
56199;48.1237;-3.6120
65313;43.1625;0.1054
68207;47.5989;7.4797
17128;45.7574;-0.6043
22174;48.5709;-2.3343
23089;46.3823;2.0019
23154;46.1904;2.1007
27700;49.2357;0.9352
39252;47.0817;5.4765
40056;44.0932;-0.5728
41109;47.6159;1.1303
42091;45.4185;4.0729
46149;44.4542;1.4651
47228;44.3000;0.7427
52099;48.5893;5.0309
58085;47.4361;3.3967
60668;49.5063;2.0075
63196;45.9654;3.5179
67293;48.7485;7.5653
78050;48.7796;1.7946
11024;43.1614;3.0077
14753;48.9529;-0.2542
16329;45.9169;0.4609
32001;43.6945;0.1109
38338;45.2703;5.5088
52490;48.4375;5.1425
62678;50.6792;1.8616
67455;48.9439;7.8821
69020;45.8717;4.7018
73082;45.5008;6.0585
80686;49.9961;2.3435
86271;46.7882;0.1512
01441;46.1000;5.5423
08096;49.6517;4.7787
09015;42.8458;1.5712
11261;43.2164;2.6352
15168;44.9756;3.2592
19033;45.6009;1.9310
21505;47.3862;4.3436
25011;47.5183;6.9100
28047;48.2900;1.6836
30159;44.2386;4.1285
32282;43.5936;0.6034
38010;45.7153;5.2700
40111;43.9331;-0.5266
47081;44.3837;0.5856
50604;49.5227;-1.7886
52083;47.7591;5.5836
53133;48.4797;-0.2225
57512;49.1295;6.2950
57654;49.0970;6.3719
62642;50.4531;2.4750
63138;45.8544;3.5325
63219;45.8468;2.8445
74190;46.1230;6.6005
82148;44.2251;1.6242
89155;47.7652;3.6173
89264;48.1607;3.0808
95459;49.1378;1.7801
05136;44.6693;6.6896
09244;43.0872;1.8537
23035;46.2179;2.3902
23235;46.2460;1.4962
28172;48.5412;1.6913
47214;44.2891;0.2601
54505;48.6085;6.0497
60364;49.4932;2.4185
63301;45.9654;3.5179
63469;45.7736;3.5814
67030;48.6179;7.4214
81311;43.7194;2.1291
01453;45.9507;5.6875
02264;49.6857;4.0229
15027;44.6960;2.3632
16408;45.4895;0.2971
19015;45.2237;1.3144
24330;45.0388;0.9944
29183;48.5311;-3.6119
35061;48.1380;-1.1897
40128;43.6285;-0.5937
54214;48.5525;6.1336
61150;48.7196;0.4148
68153;48.1893;7.4282
68167;47.7995;6.9577
76361;49.6375;0.2366
77308;49.0376;2.6801
80082;49.9553;2.0974
86190;46.3927;0.7264
86237;46.1593;0.2769
90102;47.7547;6.8332
15202;45.1183;2.4751
17015;45.5624;-0.8253
17486;46.0080;-1.3511
19068;45.1545;1.6031
22181;48.2162;-3.1568
38372;45.4612;5.6299
41140;47.3812;1.7661
42301;45.5094;4.0434
53116;48.3703;-0.4670
59161;50.0777;3.2566
63319;45.5294;3.9087
63372;45.9054;3.3618
66067;42.4384;2.0681
70184;47.6009;6.6927
71027;46.6261;5.3508
76199;49.7548;1.6736
81230;44.0429;2.1487
88118;48.4265;5.6727
88216;48.2228;6.6981
89390;48.3049;3.2038
08330;49.4891;4.3377
21247;47.4940;4.1911
24268;44.8621;1.0657
40178;43.9331;-0.5266
57707;49.0926;6.0226
62138;50.3763;2.1293
63285;45.8468;2.8445
80284;49.7518;3.0187
81043;43.7691;2.0056
16143;45.5803;0.2625
26177;45.1245;4.9818
34047;43.5651;3.5508
36042;46.6443;1.3813
41128;47.6799;1.2615
53037;47.8358;-0.4863
56093;48.0842;-2.9825
57201;49.0305;7.1696
74079;45.8719;6.3330
74297;45.8870;5.9437
77104;48.7336;2.8554
82057;43.8509;1.2924
01044;46.1339;5.8126
03220;46.1154;3.1998
27333;49.3343;1.6621
39022;46.9509;5.4123
47234;44.1899;0.8174
66027;42.5769;2.0852
70224;47.3218;5.7884
72316;48.3843;0.2877
86148;46.3481;0.3845
11344;43.0946;2.3432
16276;45.3787;-0.2012
37177;47.1616;1.2108
59354;50.3632;3.1780
67558;48.9564;7.6442
69252;45.5037;4.7346
74050;46.2253;6.4225
81098;43.6265;2.1131
01167;46.1670;4.8460
17052;45.3705;-0.5998
23112;46.4079;1.8120
40006;44.0293;-0.8867
49131;47.1403;-0.1327
56065;47.9420;-2.3584
77515;48.9494;2.7161
01015;45.7328;5.6572
27023;49.0048;1.0647
52535;48.0957;5.1365
57762;49.0811;6.5483
59312;50.0472;3.2050
61297;48.6466;0.5032
72232;47.8158;-0.2997
72268;47.8487;0.2926
81117;43.7691;2.0056
85033;46.4730;-0.8043
01259;46.2413;5.1155
08353;50.1134;4.8201
12209;44.7074;2.6883
12262;44.1851;2.3373
24143;44.8500;0.7304
25198;47.5357;6.6689
25442;46.8057;6.2814
26061;45.1245;4.9818
30279;44.1082;4.5334
37134;47.2468;0.7808
46009;44.6447;1.8144
61165;48.4830;-0.0377
61228;48.4830;-0.0377
62269;50.4531;2.4750
62623;50.8959;2.0814
64306;43.3739;-0.6566
64502;43.4828;-1.1686
67498;48.8437;7.6070
74073;46.3699;6.6553
80247;49.9103;2.8064
95287;49.1548;2.0860
07185;45.1563;4.6375
10089;48.4880;3.8003
10141;48.0605;4.6033
17113;45.1692;-0.0733
17143;45.7574;-0.6043
17404;45.5824;-0.6940
18280;47.2025;2.3768
24224;44.8599;0.5968
34229;43.4664;2.7410
50411;48.6860;-1.3332
71032;46.3488;4.7166
74165;45.8870;5.9437
76007;49.5480;1.0880
76597;49.7257;0.7918
84134;44.1751;4.8962
89094;48.0863;3.3016
89152;47.9903;3.5106
91204;48.5608;2.4196
02014;49.6403;3.2963
09199;43.2096;1.5955
10156;48.2495;3.8367
16220;45.7158;-0.1843
17455;45.8270;-0.8280
23067;45.7268;2.2962
30100;44.0513;4.1895
37025;47.3428;0.5581
37068;47.6209;0.5682
42079;46.0940;4.2484
50231;48.9984;-1.5354
57561;49.0415;7.2755
80137;49.9236;2.2042
02710;49.7806;3.2177
03080;46.1767;3.3256
10223;48.3522;3.6264
22083;48.1983;-2.3941
27432;49.1940;0.8153
57315;48.7214;7.2286
69039;45.9428;4.5565
73063;45.5967;6.4570
76131;49.3727;0.9482
77401;48.9692;3.1248
77520;48.2952;2.5428
05128;44.5289;6.5355
07241;44.5772;4.4897
19117;45.0905;1.4597
23257;45.9136;2.0291
33476;45.2625;-0.8093
36060;46.4666;1.8337
39574;46.7588;5.4394
50345;49.0681;-1.4630
59403;50.4209;3.3754
80166;50.0646;2.2246
02309;49.5688;3.7297
22341;48.3787;-2.4245
27069;48.8419;0.7041
27340;49.3596;0.8321
42201;45.3733;4.6747
46263;44.3585;1.2153
54350;48.5820;6.5353
55079;48.7770;5.1703
59115;50.2865;3.1114
60317;49.3234;2.3236
70581;47.6775;6.5035
71277;46.7093;4.6745
73097;45.5366;5.9992
76203;49.6137;0.7501
76342;49.6510;0.6000
80162;49.8050;2.6838
01124;46.4430;5.1230
06042;44.0922;7.1271
14346;49.1830;-0.6348
29267;48.1598;-3.8234
37108;47.0649;1.0117
59337;50.8267;2.2562
63049;45.7741;3.2953
63364;45.8178;3.3999
70085;47.4344;6.0525
76068;49.6526;0.3995
87199;45.7932;0.8095
89197;47.5358;4.0960
01188;46.1670;4.8460
02111;49.5132;3.4497
08449;49.7134;4.4617
19180;45.5420;2.3448
30237;44.2404;4.2200
31535;43.0210;0.6439
35155;47.7981;-1.9715
44148;47.7785;-1.4504
57466;49.1093;6.9413
62680;50.3300;2.9800
73317;45.6914;6.5933
76163;49.4774;1.3133
77329;48.2431;2.8843
81076;43.5672;1.8913
87036;45.6621;1.0109
90045;47.5262;7.0264
01169;46.0870;4.7961
09329;42.9515;1.5808
10399;48.1391;4.2390
21265;47.2087;4.9017
21559;47.2782;4.7991
21586;47.1980;5.0776
22071;48.3196;-2.1406
26225;45.1158;5.1316
27233;49.3652;0.3712
2B077;42.4502;9.4730
30053;43.9622;4.2750
47216;44.5399;0.3053
60658;49.2420;2.9827
70149;47.6009;6.6927
73117;45.2495;6.7722
76472;49.8421;1.2420
78484;48.9658;1.6466
08276;49.5991;5.2788
09280;42.8458;1.5712
11273;43.1662;2.7889
17244;45.5824;-0.6940
30114;43.8069;4.1014
39462;47.1361;5.6580
40091;43.6902;-0.2841
42012;45.6194;4.0612
54128;48.7138;5.8731
57445;48.9870;6.2104
57750;49.1057;7.1177
62036;50.4735;2.2572
77474;48.9197;2.8032
89324;47.7194;2.9575
08211;49.6051;4.9263
17038;45.2421;-0.2906
17348;45.8465;-0.9577
24220;45.0320;0.7357
37089;47.1546;0.2329
37201;47.1546;0.2329
40095;43.5793;-0.9162
46003;44.7803;1.6965
56253;47.8148;-2.3324
59370;50.3120;3.9895
59446;50.3553;3.4436
64010;43.3051;-1.0548
70219;47.5606;6.4497
80187;49.9553;2.0974
07115;44.4494;4.3253
17269;45.2421;-0.2906
26145;44.4312;4.7178
34268;43.7451;3.3468
37098;47.0900;0.5995
42133;45.6128;4.4028
64119;43.1417;-0.2429
65183;43.2122;0.3897
66162;42.5986;2.5162
73258;45.2191;6.5241
76087;49.7257;0.7918
86001;46.2181;0.7822
89059;47.9903;3.5106
11220;43.2183;2.4917
17099;45.2421;-0.2906
27127;49.1855;1.1391
32279;43.7008;0.6218
43194;45.0369;4.0674
45137;48.1873;2.2537
56045;47.6891;-2.4649
63071;45.7042;2.8469
71382;46.5259;3.9437
72212;48.3093;-0.0220
14542;49.2135;-0.5214
19289;45.2237;1.3144
28187;48.8653;1.4846
35030;47.8914;-1.5882
36146;46.4730;1.6590
38294;45.7153;5.2700
42037;45.6194;4.0612
45039;47.8358;2.3891
45153;47.8743;2.2631
45238;47.6666;2.7989
56062;47.6926;-3.2405
67257;48.9439;7.8821
19191;45.0905;1.4597
32286;43.7787;0.6218
55253;49.1165;5.1112
57165;49.2476;6.6319
59396;50.3077;3.8084
59597;50.1997;3.1983
63108;45.9060;3.1230
68248;47.4827;7.3052
71009;47.0674;4.1166
76036;49.7961;0.9697
80364;50.0981;1.4747
04157;43.8850;6.1566
10164;48.4791;3.6912
17025;45.8271;-0.4669
17235;45.8271;-0.4669
22304;48.5201;-2.9747
45066;47.8858;2.5139
52294;48.5070;4.9537
64137;43.1417;-0.2429
65032;42.9460;-0.1636
04046;44.0399;6.1020
12164;44.8341;2.6766
30224;43.9622;4.2750
33194;44.8154;-0.2027
40235;43.7282;-0.8473
40311;43.9187;-1.1308
51101;49.3507;4.1591
55123;48.7770;5.1703
57199;49.4394;6.1200
61078;48.7672;-0.5540
64124;43.2519;-1.2885
68324;47.6959;7.3985
71261;46.5784;5.0043
72157;48.1041;-0.0315
78499;48.5710;1.9638
80578;50.0653;1.7446
03189;46.3585;2.7533
14591;49.3401;-0.7718
14700;49.2816;-0.7154
29251;48.6746;-3.7940
30177;44.0513;4.1895
32029;43.6571;0.4307
35042;48.0412;-1.1357
42216;45.6128;4.4028
55467;48.9104;5.5708
57623;48.5927;7.1037
67240;48.6255;7.4995
71239;46.6999;3.9452
76708;49.7369;0.3976
87176;45.6517;1.2138
10114;48.4791;3.6912
43140;45.0331;3.9492
46118;44.9554;1.5693
50259;48.6305;-1.3132
50588;49.5258;-1.4865
51530;49.1184;4.3414
62728;50.2131;3.0738
72167;47.8158;-0.2997
07069;45.0786;4.6382
14679;49.2816;-0.7154
16186;45.6120;-0.2698
18150;47.2361;2.0235
31250;43.4033;1.0988
42049;46.1823;3.8718
42096;45.6128;4.4028
47241;44.6268;0.7384
59453;50.8083;2.4648
64042;43.4860;-0.7527
64343;43.2728;-0.1852
71248;46.5458;4.8719
72020;48.1855;0.6263
78564;48.5044;1.8580
79231;46.3657;-0.2919
81026;43.9056;2.3529
81195;43.5760;2.1908
86096;46.8283;0.3305
91081;48.4852;2.0920
03252;46.1767;3.3256
10442;48.3963;4.1370
21249;47.1013;5.2597
24564;45.2430;0.3402
25592;46.8057;6.2814
29290;48.5578;-4.5414
30052;43.9709;3.5790
31144;42.8954;0.7228
32036;43.6042;0.0669
38426;45.4376;5.9891
54537;49.4779;5.6904
59075;50.1251;3.4322
59108;50.1807;3.5125
59138;50.1562;3.3584
68268;47.6466;7.1067
70260;47.6775;6.5035
73206;45.3500;6.7207
76658;49.5106;0.3569
76717;49.4255;1.0038
78261;49.0176;1.8892
78437;49.0329;1.5419
84112;43.8803;5.5272
14582;49.1310;0.2591
17318;46.2212;-1.5237
26115;44.7390;5.0687
32433;43.4320;0.7374
37057;47.0872;0.7995
47041;44.2354;0.4231
52292;47.7675;5.2477
73219;45.5319;5.7837
76348;49.6137;0.7501
80177;49.9092;2.9380
85174;46.5155;-0.9178
85175;46.5446;-1.2156
90094;47.5946;6.8817
02701;48.9876;3.2783
02756;49.7819;3.2951
17084;45.4692;-0.6260
18067;47.5589;2.3580
18270;46.8351;2.3602
22075;48.1856;-2.7622
23141;46.3044;1.6821
24135;45.1801;0.7669
25634;46.9030;6.3641
28275;48.6497;1.5083
29211;48.3712;-3.7883
33186;44.8028;0.0747
39182;47.0817;5.4765
41039;47.7125;1.4546
51333;49.1724;4.0456
59242;50.1133;3.7395
60332;49.3369;2.4817
67109;48.7485;7.5653
67188;48.5299;7.3733
70256;47.7708;6.6059
16018;45.6120;-0.2698
23032;46.3478;2.2251
24207;44.7743;1.2133
24515;45.3309;1.0822
27477;49.1510;1.5300
28213;48.6497;1.5083
38324;45.3626;5.0340
49341;47.2534;-0.0966
50505;48.6860;-1.3332
59548;50.3077;3.8084
67063;48.3397;7.2831
67303;48.9316;7.7556
73081;45.6548;6.1758
73232;45.5780;6.9243
77490;49.0212;3.0501
80619;50.0646;2.2246
02746;49.6765;3.3923
18247;47.0878;2.5267
26172;45.2969;4.9849
29122;48.1598;-3.8234
50509;49.3873;-1.2723
50556;49.0496;-1.1752
51202;49.0992;3.8671
51231;48.9905;4.5616
57344;48.7426;7.0360
62788;50.6841;2.0790
69111;45.9428;4.5565
85141;46.7674;-0.8017
02524;49.0643;3.3913
02807;49.5817;3.1917
21192;47.2787;4.9645
23105;46.0849;2.0174
40250;43.9331;-0.5266
45321;47.8858;2.5139
48051;44.2409;3.9025
59623;50.0361;3.1523
60235;49.3415;1.8240
61407;48.8220;-0.4726
62053;50.5971;2.0997
63426;45.5550;2.5854
69187;45.7453;4.4463
71557;46.4282;4.1016
74122;46.0305;6.4123
79253;46.4368;-0.2264
02339;49.0973;3.1992
02618;49.9674;3.4414
04135;43.8382;6.2282
14193;49.1310;0.2591
15156;44.8792;2.4907
31377;43.4015;1.7281
33251;44.5167;-0.6351
34313;43.5651;3.5508
50023;49.2869;-1.2654
54504;49.3750;5.8750
57416;48.9870;6.2104
62199;50.3542;2.5746
64183;43.3794;-0.4500
65287;42.9422;0.5471
67306;48.4804;7.2102
76046;49.4774;1.3133
76286;49.8397;1.4111
02598;49.3519;3.3202
09331;43.2096;1.5955
22380;48.4429;-2.0538
25103;47.1649;5.8964
26213;45.2969;4.9849
27565;48.8561;0.8776
34065;43.4734;3.0259
42313;45.7453;4.0081
47088;44.5399;0.3053
53049;48.1997;-0.6433
54181;49.4267;5.9104
60372;49.6179;2.0953
62289;50.4710;1.7675
76330;49.8183;0.9100
77321;48.4108;3.2992
14721;49.1002;-0.5083
17322;46.2523;-0.8119
19250;45.5279;1.5584
57437;49.4173;6.4226
67018;48.6179;7.4214
67085;48.6179;7.4214
67266;48.4189;7.6659
71102;46.7539;4.8293
74054;45.7925;6.0390
76587;49.7369;0.3976
77147;48.5606;3.0374
07052;44.9447;4.7265
18258;47.3016;2.8088
27561;49.3652;0.3712
44218;47.7086;-1.3600
47131;44.5339;0.0738
57271;49.1216;6.7818
60318;49.3434;2.6681
79029;46.5544;-0.1757
01367;46.4430;5.1230
03163;46.0550;3.4960
09273;42.9515;1.5808
17354;45.5959;-0.5045
21067;47.2253;5.2015
32016;43.6005;1.0782
41060;48.0018;0.8990
42202;45.7464;4.2205
50219;49.0681;-1.4630
62582;50.2944;2.9115
77290;48.9602;3.2195
80444;50.1191;1.8139
80621;49.8237;2.8249
04200;44.1439;6.0269
19080;45.6718;2.4307
19129;45.5279;1.5584
21656;47.2253;5.2015
30233;43.8846;4.1895
34160;43.5538;2.9220
39547;46.3284;5.7443
58246;46.8973;3.8600
68109;48.0539;7.1061
71205;46.7475;5.2539
76017;49.6375;0.2366
82093;43.8709;0.9947
07097;45.0569;4.7787
10367;48.4800;3.5157
12127;44.0745;2.5189
12299;44.0865;2.7014
17279;45.4692;-0.6260
21080;47.3349;4.6950
29054;48.3712;-3.7883
29214;47.9104;-4.3000
35022;48.3292;-1.8850
36237;47.1569;1.5243
41009;47.6799;1.2615
41123;47.8058;1.4353
42138;45.6128;4.4028
42205;45.6531;3.9340
45309;47.7167;1.9753
50092;49.0681;-1.4630
60510;49.3553;2.0057
09043;42.9967;1.8678
25473;47.1886;5.9843
57122;49.0985;6.8657
62028;50.5605;2.4526
62399;50.2552;2.6268
72197;48.1041;-0.0315
73023;45.2495;6.7722
87141;45.7952;0.9722
88391;48.0217;6.7445
01430;46.0747;5.3139
22053;48.2947;-2.2830
27457;48.7417;0.9087
31038;43.7314;1.5789
35017;48.3292;-1.8850
42319;45.7464;4.2205
47140;44.3073;0.5421
51198;49.2287;3.7632
56204;47.9164;-2.8140
62672;50.1489;2.7044
62699;50.7978;2.0540
67090;48.3535;7.5943
73070;45.6016;5.6829
82063;44.0300;1.1182
88088;48.0072;6.2536
02212;49.6403;3.2963
02514;49.4211;3.1801
17482;46.1164;-0.7269
24585;44.6558;1.0771
27338;49.4199;1.3696
2A142;41.6636;9.1582
34152;43.7838;3.6963
35141;48.2058;-1.3219
41017;47.8835;1.4868
43042;44.9244;3.7677
47147;44.6787;0.2325
53009;47.9627;-0.5836
57263;49.0412;6.9247
79156;46.8218;-0.1365
87018;46.1044;1.0435
89427;47.6888;3.5467
01408;46.2067;5.3861
08331;49.6866;4.8806
10061;48.3497;4.3203
21568;47.6439;4.3442
22031;48.4068;-3.4339
27043;48.8561;0.8776
31089;43.6739;1.1697
40131;44.0397;-0.1242
52205;48.0322;5.3092
53045;48.1336;-0.9809
56242;48.0755;-3.2380
57341;49.4173;6.4226
57409;49.0096;6.7694
62598;50.7978;2.0540
64227;43.3830;-0.2320
78006;48.7270;1.6475
86164;46.6847;0.6055
02389;49.0863;3.5709
03018;46.3298;3.2717
24177;44.7422;0.6032
30162;44.0718;3.9753
31147;43.1080;0.5860
37173;47.1616;1.2108
41008;47.7125;1.4546
60412;49.2430;1.8875
60592;49.4183;1.8059
61092;48.7505;0.6601
61412;48.5356;0.3516
63247;45.5628;2.8948
64014;43.3249;-1.4295
84103;43.9044;5.4340
85193;46.5446;-1.2156
86141;46.3481;0.3845
87060;45.6621;1.0109
89384;47.9188;3.3421
22163;48.2721;-3.4605
24081;44.8750;1.3527
30086;43.9622;4.2750
33369;44.8116;0.2092
35084;47.9061;-2.0001
38232;45.4922;5.1350
41073;47.9130;1.2078
41130;47.7125;1.4546
52017;47.9325;5.0414
61314;48.7402;-0.0318
62130;50.1496;2.6216
64072;43.2158;-0.4415
65372;43.3759;0.0367
67179;48.7358;7.3547
69008;45.8658;4.5022
72225;48.3895;0.1686
73162;45.6176;6.3020
78031;48.9394;1.7273
01402;46.4317;4.9642
22375;48.6429;-3.0124
23206;46.1634;1.8617
26056;44.5751;5.1690
27118;49.0499;1.1747
30055;44.1345;4.3281
36032;46.5948;1.5730
57168;48.7890;7.2224
59199;50.3188;3.1236
59620;50.2968;3.1949
60260;49.3038;2.9294
60447;49.2987;2.7947
62566;50.6792;1.8616
63283;45.8787;2.6221
85115;46.7036;-1.0326
01228;46.1000;5.5423
17257;45.9763;-0.1892
25267;47.1990;6.0774
25633;47.0613;6.2126
26086;44.6918;5.5471
42288;45.7453;4.0081
46215;44.8071;1.4811
62202;50.5712;1.9180
70012;47.7821;6.0966
77300;48.9379;2.9571
91100;48.4326;2.2788
01114;46.1339;5.8126
01255;45.8059;5.4773
21336;47.8578;4.3858
27095;49.1944;0.7092
32127;43.8659;-0.1439
38434;45.5535;5.5703
39078;47.0817;5.4765
55198;49.0949;5.6529
71345;46.4475;4.8180
01334;46.2467;4.8854
15118;44.9843;2.3999
18263;47.2361;2.0235
24205;45.1300;0.5415
25375;47.1990;6.0774
33287;44.5793;-0.0315
34285;43.5651;3.5508
39164;46.6552;5.5739
39275;46.3646;5.9449
42089;45.6194;4.0612
53180;47.8447;-0.9308
60638;49.3234;2.3236
61292;48.7507;-0.7219
61404;48.4945;0.5865
64275;43.1182;-1.1799
70132;47.4450;5.5835
71054;46.9192;5.0173
77020;48.6630;3.1409
79117;46.4824;-0.5483
89080;48.3093;3.3926
89456;48.3049;3.2038
28176;48.2004;1.4336
38520;45.4868;5.4823
42327;45.4392;4.6915
57191;49.3625;6.2749
63135;45.9060;3.1230
68284;47.4827;7.3052
71169;46.3488;4.7166
71328;46.6466;4.8496
76586;49.5106;0.3569
89204;47.6036;3.9444
89223;47.7772;4.1587
89304;47.8527;3.3103
01080;45.9724;5.5771
06003;43.7771;6.7642
15021;44.7318;2.2254
27125;49.1944;0.7092
29094;48.5614;-4.3236
42041;45.7464;4.2205
44092;47.6456;-1.8181
50289;49.2025;-1.3920
52088;48.4590;4.7836
62734;50.3300;2.9800
62844;50.5971;2.0997
67497;48.8437;7.6070
71590;46.4282;4.1016
76593;49.5851;0.5010
78036;48.8635;1.7961
78668;49.0329;1.5419
82114;43.8509;1.2924
01261;45.9283;4.9273
05119;44.6693;6.6896
18170;47.4727;2.3938
21110;47.2087;4.9017
22296;48.3663;-2.5616
24509;45.1226;0.4155
25612;47.3324;6.0368
27064;49.3652;0.3712
27668;49.0198;1.3552
28225;48.3277;1.2582
34029;43.5651;3.5508
38303;45.3270;6.0092
56051;47.8390;-2.6477
64168;43.4772;-0.9610
65369;43.2779;0.1955
67370;48.9015;7.3290
72052;47.7457;0.5700
72101;48.1973;0.4291
76685;49.7570;0.5238
81059;43.8945;2.1798
84090;43.7676;5.5650
12154;43.9346;2.8483
22308;48.3802;-1.9979
23169;46.1634;1.8617
28183;48.4174;1.7878
33145;44.7741;-0.3449
33228;45.0625;-0.5573
33457;44.5338;-0.2659
38057;45.1373;5.7756
51544;49.1559;4.5429
54513;48.4523;6.1239
56257;48.0867;-2.4601
59121;50.1987;3.2871
62681;50.6358;2.3677
67271;48.9439;7.8821
76067;49.4839;1.6393
76136;49.7961;0.9697
80310;50.1070;2.2623
82119;44.2280;1.4836
88253;48.1845;6.4853
89113;48.1970;3.2892
06020;44.0251;7.3084
14332;48.8884;-0.2144
16082;45.4895;0.2971
16234;45.6817;0.0128
27372;49.3313;1.5942
31050;43.1506;0.9020
34184;43.5358;3.3103
58164;47.1860;3.0747
71257;46.8389;4.8761
76566;49.5940;0.9502
84008;44.1247;5.1071
14106;49.2321;-0.2158
16145;45.7158;-0.1843
41086;47.5556;1.5404
50049;49.4011;-1.5526
52140;48.2049;4.9479
55073;49.1850;5.3383
63021;45.6255;3.1981
67292;48.8788;7.6787
76096;49.6904;1.0289
76571;49.5595;1.3516
77423;48.7633;3.3188
80752;49.8342;2.3995
81215;43.7577;1.8989
82066;43.9774;1.5295
91538;48.7097;2.1277
02571;49.8685;3.3018
24432;44.8750;1.3527
26110;45.0726;4.8825
36139;46.8582;1.4060
46070;44.3312;1.5737
51624;49.2287;3.7632
59184;50.7167;2.4082
59441;50.3077;3.8084
62892;50.3570;2.8302
67107;48.7485;7.5653
71134;46.3368;4.5283
76099;49.6137;0.7501
76568;49.6137;0.7501
02539;49.9653;3.2544
08248;49.6405;4.6369
11105;43.0486;2.1802
14678;48.9529;-0.2542
22133;48.1983;-2.3941
27152;49.2105;1.5928
36120;46.6050;1.8379
45164;47.7248;2.3712
46066;44.6155;1.1969
57704;49.3105;6.3588
59162;50.9638;2.4340
61258;48.5356;0.3516
62154;50.2805;2.2855
62382;50.3762;1.8536
64029;43.0758;-0.7251
76690;49.7961;0.9697
77273;49.0376;2.6801
78407;48.6430;1.7367
79308;46.3259;-0.4719
02031;49.8908;4.1075
11138;43.3333;1.9782
22074;48.3058;-3.0086
39498;47.1361;5.6580
47253;44.4039;0.2016
61445;48.7507;-0.7219
69169;45.9922;4.3609
73161;45.4507;6.7270
76117;49.6977;0.2545
86288;46.6858;0.8234
95584;49.1531;1.9923
03267;46.3298;3.2717
09107;42.9967;1.8678
18100;47.1585;1.8792
26249;44.5517;4.9465
2A181;41.9373;8.9188
34222;43.5651;3.5508
35214;48.2437;-1.1789
47302;44.0578;0.1991
54590;49.4669;5.5580
57652;48.9870;6.2104
59440;50.2923;3.3868
70093;47.7890;6.3571
86289;46.2499;0.6620
10260;48.2056;4.1125
12294;44.2547;2.9419
14593;49.2820;0.2287
15191;45.0470;2.4009
18218;46.9638;2.4408
22157;48.2721;-3.4605
27486;49.1474;0.9580
50488;49.2231;-1.1741
51381;48.9023;3.7817
59209;50.0669;3.3326
63139;45.4035;3.7092
67033;48.7373;7.7018
72245;48.1855;0.6263
73053;45.5328;6.2081
76693;49.6977;0.2545
77345;48.9148;3.2299
04065;44.0613;5.7944
17056;45.5959;-0.5045
21482;47.3192;5.3981
31240;43.4581;1.5834
38050;45.7027;5.4536
38370;45.1022;5.2232
42266;45.4185;4.0729
47316;44.4196;0.3191
49130;47.5718;-0.5789
59515;50.3316;3.4046
62569;50.5971;2.0997
67492;48.6179;7.4214
67516;48.7614;7.6447
71401;46.5408;5.1378
77195;48.6400;2.7977
80775;50.0687;1.6499
01295;46.1670;4.8460
02209;48.9761;3.5408
02268;48.9876;3.2783
02821;49.6040;3.5190
10230;48.3767;3.9888
16225;45.7776;0.5803
17132;46.2523;-0.8119
23131;45.9083;2.4941
28084;48.5762;1.5842
28132;48.0751;1.3674
29152;48.2542;-3.6071
33050;44.5338;-0.2659
38102;45.5640;5.2955
40167;44.2728;-0.5446
45019;47.8999;1.6507
45160;48.2104;2.0603
45311;47.8743;2.2631
60298;49.4574;1.8983
60600;49.2959;2.7177
64093;43.2027;-0.8933
67410;48.4929;7.4130
68122;47.8970;7.2239
76105;49.5862;1.1495
90091;47.7312;6.9656
91319;48.6224;2.1413
02124;49.7791;3.4434
03120;46.6114;3.5787
16171;45.6120;-0.2698
17175;45.5124;-0.3366
24454;44.9374;0.1002
30340;43.9587;4.5435
31286;43.2049;1.0659
36091;46.6174;2.0384
40103;43.9331;-0.5266
46086;44.9554;1.5693
67238;48.8437;7.6070
68273;47.5440;7.3391
69253;45.5037;4.7346
72185;47.7080;-0.1036
74306;46.0441;6.1064
88357;48.3096;6.0977
07051;45.2925;4.7458
14305;49.2914;-0.0439
21048;47.1980;5.0776
23064;46.2997;2.0617
24104;45.1226;0.4155
27167;49.2880;0.6835
27282;49.0499;1.1747
2B224;42.8295;9.4407
31077;43.8426;1.5086
33528;44.9228;-1.0847
41214;47.9130;1.2078
45348;48.1873;2.2537
50452;48.5520;-1.1238
51482;48.8713;4.4893
58087;46.8005;3.4767
60428;49.4574;1.8983
68065;47.6466;7.1067
76754;49.7291;0.3032
77185;48.4690;2.5564
78113;49.0237;1.7934
78655;48.6430;1.7367
88109;48.0217;6.7445
01227;45.7328;5.6572
05096;44.6839;6.3486
09277;43.2658;1.3652
17083;45.8465;-0.9577
19113;45.3827;2.2590
21261;47.2253;5.2015
27227;49.3763;0.7043
35174;48.4830;-1.1863
35276;48.2777;-1.8126
37097;47.2139;0.9305
39219;47.1361;5.6580
46216;44.7442;1.4111
55364;49.5012;5.1835
57093;49.1057;7.1177
67253;48.6255;7.4995
68098;47.5481;7.1735
69005;45.9282;4.7023
76470;49.6510;0.6000
89079;47.9900;3.4003
01239;45.7328;5.6572
27417;49.3313;1.5942
29228;48.0455;-4.6319
2B166;42.5324;9.4210
36219;46.5948;1.5730
46117;44.9082;1.8494
58267;47.1123;3.4820
67060;48.3962;7.4116
76615;49.5771;0.2280
77237;48.8362;2.7323
77381;48.5850;2.8965
78281;48.9394;1.7273
81106;43.8337;1.6970
02218;49.5688;3.7297
03112;46.2575;3.1398
09257;43.0979;1.1426
11124;42.9849;2.7968
14083;49.1716;0.0767
18257;47.4579;2.8296
18269;47.4318;2.6580
25219;47.1495;6.3482
26207;45.1158;5.1316
37092;47.5261;0.8035
41129;47.5556;1.5404
62567;50.7978;2.0540
65130;43.5049;0.0069
67510;48.7373;7.7018
76491;49.6677;0.9084
77465;48.3010;2.9785
88460;48.4265;5.6727
05012;44.5289;6.5355
07024;44.3435;4.2066
12287;44.3344;2.0080
18134;47.1276;2.0736
22060;48.3346;-2.7122
24471;44.8968;1.2177
25523;47.5018;6.6947
27540;49.0961;1.5672
27685;48.9289;0.6860
28206;48.6934;1.0846
32312;43.5936;0.6034
42132;45.3733;4.6747
47155;44.3073;0.5421
50159;49.0496;-1.1752
50298;49.2869;-1.2654
54456;48.6421;6.3587
60506;49.5706;3.0378
63423;45.5677;3.4177
71582;46.4607;4.6276
73107;45.4460;5.8830
86252;46.9988;0.1395
88134;48.1845;6.4853
88519;48.3160;6.8483
08366;49.6447;4.2076
16023;45.9116;0.2698
17400;45.5959;-0.5045
28319;48.2537;1.8842
40213;43.6513;-1.2931
51234;48.5867;3.7574
52479;48.4590;4.7836
56196;47.6819;-2.2995
57614;48.7890;7.2224
60441;49.4441;2.6340
60534;49.4286;2.9451
62536;50.3597;2.4626
68337;47.6466;7.1067
77227;48.4694;3.3403
77234;48.9197;2.8032
86126;46.5477;0.6875
89373;48.1970;3.2892
25345;47.4566;6.6704
28014;48.7096;1.3675
34070;43.4354;2.8976
42300;46.0940;4.2484
50641;49.1779;-1.0095
54414;48.7138;5.8731
57651;49.0415;7.2755
59142;50.2405;4.0386
67317;48.3397;7.2831
68137;47.5481;7.1735
70387;47.5460;5.8613
74235;46.0065;5.8383
78296;49.0237;1.7934
95169;49.0802;1.9139
03085;46.5705;3.2797
12234;44.1739;2.5475
14207;48.9914;-0.4099
18139;47.0397;2.9746
18142;46.7360;2.4965
22156;48.5849;-3.1473
37096;47.3096;1.0414
40306;43.5734;-1.1103
45213;47.8858;2.5139
50448;48.5347;-1.3368
54527;48.5875;6.2635
60040;49.4441;2.6340
64177;43.4860;-0.7527
67315;48.9646;8.1406
68128;47.5765;7.2541
70084;47.4344;6.0525
72376;47.8404;0.5027
89093;48.3152;3.0893
89425;48.0651;3.7731
03092;46.4061;3.0963
11405;43.2794;2.8839
2B341;42.2139;9.1368
39258;46.5873;5.9433
46307;44.4982;1.0872
48147;44.5167;3.5174
59450;50.0869;3.5816
59657;50.9638;2.4340
60307;49.3234;2.3236
76574;49.6904;1.0289
77072;48.5415;3.3962
82088;44.1629;1.9584
87112;45.6621;1.0109
12259;44.3344;2.0080
19060;45.4534;1.5848
23124;46.0848;1.6423
37155;47.5924;0.8925
47291;44.5305;0.8182
58144;46.7882;3.1848
60626;49.3415;1.8240
63185;45.4492;3.3416
06073;44.0922;7.1271
14022;49.3274;-0.5834
17030;45.7056;-0.8998
22086;48.7660;-3.0498
27256;48.9046;1.2730
27260;49.3652;0.3712
42312;45.4185;4.0729
46087;44.6658;1.3035
51457;49.0992;3.8671
62670;50.5712;1.9180
63472;45.6408;3.3010
64482;43.3830;-0.2320
67092;48.3397;7.2831
76748;49.7753;0.6404
85185;46.3816;-1.0656
85229;46.6285;-0.7127
85251;46.6285;-0.7127
03265;46.4660;3.7982
29034;48.4944;-3.8985
31110;43.0781;0.9595
31167;42.9888;0.8129
40238;43.8713;-0.2801
47180;44.1055;0.3898
57604;49.4173;6.4226
59617;50.2338;3.8586
60385;49.1504;3.0662
68127;47.6783;7.2624
71093;46.8203;5.2172
71184;46.9659;4.3169
74252;46.0342;6.6184
76111;49.4576;1.2091
82026;44.0612;1.5859
95328;49.1403;2.1594
01328;46.1331;4.9986
17302;45.8270;-0.8280
24364;45.0533;1.1586
2A345;42.0610;8.9221
37240;47.5924;0.8925
50045;49.5227;-1.7886
59565;50.2866;3.5381
60323;49.4815;2.8546
63192;45.5116;2.7236
67072;48.9548;7.1976
68263;47.5989;7.4797
68347;47.4827;7.3052
72099;48.1733;0.2504
73120;45.5740;6.1577
73310;45.6156;5.9977
82187;44.1880;1.8804
97208;14.7777;-61.1679
12231;43.9902;3.2611
14644;49.2820;0.2287
24001;45.5369;0.6442
27050;49.0700;0.8168
27487;49.3498;1.3307
36163;46.4858;2.0825
50145;49.0681;-1.4630
55258;48.7757;5.6142
57210;48.8282;6.9772
60540;49.3412;2.7161
64463;43.0837;-0.4059
67517;48.6255;7.4995
71075;46.6538;3.7693
74145;46.1887;6.2470
76082;49.5851;0.5010
76463;49.4839;1.6393
78344;49.0329;1.5419
81232;43.9344;2.0310
83152;43.1644;6.4755
03180;46.4502;3.4394
17037;45.8560;-0.1800
19147;45.0905;1.4597
30101;44.0513;4.1895
37221;47.0649;1.0117
39104;46.7588;5.4394
41152;47.5197;1.8529
49262;47.2534;-0.0966
50083;49.5227;-1.7886
50277;48.8970;-1.5246
55268;48.9104;5.5708
60563;49.4441;2.6340
61002;48.6575;0.0274
62214;50.6278;1.7505
70514;47.3157;5.5958
77451;48.9061;3.1010
78325;48.9115;1.8546
79119;46.4824;-0.5483
89282;47.9903;3.5106
02476;49.9922;3.5710
11299;43.0946;2.3432
21126;47.2253;5.2015
27147;49.0499;1.1747
28147;48.5968;1.2694
30183;43.9770;4.1101
31104;43.3609;1.2764
33508;44.4949;-0.1120
50378;49.0159;-1.3169
50500;48.5347;-1.3368
54062;48.4693;6.2093
56203;48.1490;-3.0859
58010;47.0331;4.0060
62155;50.7978;2.0540
63112;45.9061;3.2350
76394;49.9896;1.4244
79236;46.7640;-0.6572
86142;46.6225;0.1223
07328;44.3891;4.3984
12073;44.1739;2.5475
14236;49.1830;-0.6348
24555;45.2509;1.1449
26382;44.9877;5.0803
27421;48.9046;1.2730
38038;45.4430;5.4017
49017;47.6620;-0.2693
51357;48.9342;4.2705
53051;48.3703;-0.4670
55527;49.2425;5.1020
57468;48.7890;7.2224
60022;49.1907;2.6251
62900;50.6358;2.3677
68208;47.5444;7.4724
70446;47.4450;5.5835
72094;47.9535;0.5516
72339;47.9190;0.0348
76360;49.7265;1.1185
76646;49.8337;0.7274
80600;50.2063;1.7330
83089;43.4794;5.8414
90103;47.6845;6.8406
10153;48.4800;3.5157
10350;48.1890;3.7434
14297;49.1002;-0.5083
38033;45.2139;5.4122
39569;46.9334;5.7581
43261;45.3778;3.3970
54011;49.4669;5.5580
57456;48.9653;7.3293
58072;46.9269;3.2989
67143;48.3397;7.2831
67362;48.2649;7.4899
69240;46.0682;4.3381
79320;46.4780;-0.4096
91393;48.4201;2.0444
29288;48.5614;-4.3236
33128;45.3178;-0.9215
35339;48.5413;-1.5736
38495;45.1022;5.2232
41221;47.8058;1.4353
62176;50.4710;1.7675
07035;44.9447;4.7265
09066;42.9515;1.5808
10053;48.2596;4.2496
19143;45.4147;2.0299
26081;44.8733;5.0351
26355;45.1158;5.1316
29294;48.3997;-4.0366
31430;43.1080;0.5860
40020;43.7483;-0.5556
40252;43.6285;-0.5937
47263;44.4962;0.1739
54514;49.4669;5.5580
54525;49.4526;5.8952
67012;48.9439;7.8821
67177;48.9316;7.7556
68363;47.4827;7.3052
70363;47.6011;6.1559
74034;46.2473;6.6361
74231;45.8870;5.9437
76613;49.7753;0.6404
77386;48.2952;2.5428
14241;49.0707;-0.6488
52074;48.0703;5.5277
62384;50.1126;3.0716
62864;50.2550;2.9681
73197;45.5288;6.7268
81277;44.0038;2.2774
89450;48.1607;3.0808
02071;49.4211;3.1801
04195;44.3555;6.6568
06070;43.7673;6.9485
16277;45.7158;-0.1843
53082;47.9490;-0.9240
57736;49.1986;6.3008
60356;49.2430;1.8875
61443;48.7672;-0.5540
62673;50.2131;3.0738
63306;45.7314;3.2171
63392;45.5449;3.2477
70031;47.5606;6.4497
88028;48.1368;6.6273
89158;47.5245;3.4443
95150;49.1291;1.6953
01392;46.2402;5.5491
02346;49.6393;3.8348
03074;46.6114;3.5787
22361;48.6429;-3.0124
25051;47.2515;6.6619
25197;47.2974;6.1929
25207;47.5134;6.7287
27440;49.1799;1.3665
35008;47.9292;-1.2368
47034;44.4066;0.0844
56087;47.5860;-2.8488
61024;48.6630;-0.5468
61421;48.5245;-0.7540
64184;43.4095;-0.5548
85181;46.5155;-0.9178
22087;48.2419;-3.3106
25217;47.2664;5.8304
30193;43.8846;4.1895
42166;46.0190;4.1201
43142;45.1673;4.3468
47099;44.4351;0.4564
53086;48.2254;-1.0006
53109;48.2989;-0.5119
62324;50.3570;2.8302
63051;45.5449;3.2477
85171;46.5446;-1.2156
01274;46.1948;5.7148
12036;44.8341;2.6766
18027;47.0139;2.7020
19140;45.0884;1.9258
24269;45.5667;0.9580
27097;49.2404;1.4152
27110;49.3763;0.7043
27324;49.3313;1.5942
27576;49.1474;0.9580
28203;48.4570;1.2308
30168;44.0718;3.9753
31336;43.0781;0.9595
40067;43.8530;-0.7905
58223;47.0705;3.6596
59371;50.5928;2.8819
67213;48.9439;7.8821
68351;47.9980;7.5293
69012;46.1512;4.5700
72211;48.1741;-0.1309
77165;48.5045;2.8345
80498;50.0734;2.5120
88261;48.2228;6.6981
89342;48.1970;3.2892
08237;49.8150;4.8071
14194;49.0265;0.3433
14535;49.3187;-0.4659
31518;43.5121;1.1587
51052;49.2698;4.1318
53153;48.1713;-0.3710
57382;48.7426;7.0360
59073;50.7449;2.6941
60101;49.1416;2.8329
61475;48.6466;0.5032
68264;47.5444;7.4724
71022;46.3132;4.2805
80376;49.9016;2.5356
82188;43.9206;1.4091
03229;46.5948;3.3913
14237;49.1466;-0.2490
22140;48.3787;-2.4245
34131;43.7951;3.8692
40139;43.9331;-0.5266
40320;43.9331;-0.5266
47170;44.5381;0.6045
50137;48.8293;-1.2184
54148;48.5820;6.5353
57072;49.1986;6.3008
60272;49.2971;2.8641
62873;50.2106;2.8785
64097;43.2250;-0.0930
67074;48.9935;7.9709
69174;45.9115;4.4132
70096;47.6009;6.6927
76232;49.7570;0.5238
80650;49.9398;2.4313
84098;44.2444;5.0525
84144;43.8803;5.5272
02487;49.4239;3.3840
04189;43.7623;5.9164
09002;42.9967;1.8678
23092;46.2198;1.9708
25348;46.7616;6.3586
26365;44.7390;5.0687
26367;44.3687;5.1923
28286;48.3277;1.2582
34280;43.6927;4.1101
35317;48.2777;-1.8126
40275;43.7783;-0.3566
40285;43.8530;-0.7905
42232;46.0411;3.8858
46180;44.6197;1.9991
50486;49.4011;-1.5526
51136;49.0741;3.7149
54118;49.4669;5.5580
61422;48.7128;0.5659
61423;48.7505;0.6601
63255;45.4504;3.1969
64224;43.1919;-0.6421
76208;49.4839;1.6393
77179;48.4532;2.8280
77252;48.6199;2.6356
83075;43.3885;6.3014
88442;48.0217;6.7445
95627;49.1548;2.0860
24558;44.9192;0.7920
34016;43.5651;3.5508
39435;46.5974;5.7779
40068;43.7282;-0.8473
46267;44.6395;1.4266
49045;47.4060;0.0723
53113;48.2445;-0.3322
62020;50.7616;1.9321
62803;50.7616;1.9321
64225;43.0758;-0.7251
76737;49.6677;0.9084
80412;49.9016;2.5356
91093;48.6370;2.0683
01240;46.2402;5.5491
12237;44.4167;3.0704
25349;47.1343;6.5362
2B318;42.3063;9.4979
33211;45.0421;-0.6866
42297;45.7464;4.2205
45077;47.8081;2.8627
46057;44.6197;1.9991
48128;44.8172;3.2692
54327;48.7138;5.8731
57624;49.0926;6.0226
61074;48.5604;-0.1273
63054;45.5449;3.2477
67477;48.3397;7.2831
67490;48.3397;7.2831
72103;47.8404;0.5027
76757;49.7257;0.7918
80732;49.9470;1.7540
06058;43.7156;6.8480
11197;43.0486;2.1802
11243;43.3837;1.8553
28082;48.7096;1.3675
34191;43.4587;3.1293
42033;46.0940;4.2484
51343;48.5867;3.7574
60547;49.3369;2.4817
62278;50.4980;2.6324
69216;45.7651;4.5374
76577;49.7971;1.1220
01028;46.0767;4.8996
08260;49.8122;4.5255
21645;47.1013;5.2597
28423;48.5762;1.5842
33088;45.0165;0.0067
35157;48.3600;-1.1890
39283;46.3239;5.6555
40163;44.1864;-0.9434
57560;48.9250;6.6294
58176;47.0824;3.2422
62011;50.3153;2.6903
73068;45.5328;6.2081
86102;46.6225;0.1223
14755;49.3929;0.1286
17412;45.7574;-0.6043
18240;47.1579;2.8977
30095;43.8845;4.0279
43007;45.1458;4.1487
47257;44.5339;0.0738
50435;49.4933;-1.6133
51115;49.1724;4.0456
59201;50.6204;2.9512
59422;50.1987;3.2871
59554;50.4490;3.4307
60191;49.5564;2.7315
62572;50.0913;2.9826
77492;48.8662;3.2761
79313;46.2814;0.0312
80549;50.0227;2.6606
86034;46.4027;0.5733
21502;47.0296;5.1327
24090;45.2430;0.3402
50098;49.1154;-1.2554
51582;49.3054;3.8330
59006;50.2907;3.6847
59321;50.1251;3.4322
67185;48.8221;7.4333
74174;46.1757;6.4913
81088;43.8198;2.2263
81267;43.7512;2.4576
89318;47.3918;3.9929
02702;49.8123;3.1325
11063;42.9301;2.1718
12206;44.4875;2.2016
33222;44.9226;-0.2345
34008;43.5956;3.1551
35035;47.9061;-2.0001
35170;48.2058;-1.3219
35290;48.1127;-2.0498
42336;45.6128;4.4028
48198;44.4744;3.9068
51281;48.9640;4.0234
52398;48.4234;5.3175
57584;49.1232;7.3585
59195;50.6204;2.9512
60574;49.3539;2.2522
61329;48.4945;0.5865
62610;50.4710;1.7675
62747;50.6043;2.5602
76008;49.9195;1.1425
77120;49.0212;3.0501
77233;49.0300;2.8082
89031;47.9170;3.5936
95023;49.1548;2.0860
16136;46.0169;0.2464
22165;48.3663;-2.5616
30066;43.8845;4.0279
43039;44.9661;3.8351
50540;48.7284;-1.4599
51338;49.1724;4.0456
57092;49.1057;7.1177
57324;48.7426;7.0360
57618;48.7214;7.2286
58112;46.9269;3.2989
61279;48.4709;0.0798
62054;50.8770;1.6650
77446;48.5152;3.2405
79161;46.9728;-0.1699
91629;48.3727;2.3581
03204;46.3298;3.2717
04013;44.2004;5.9040
11256;43.1662;2.7889
33335;44.7741;-0.3449
36129;46.6050;1.8379
37180;47.1271;0.4421
45334;47.8858;2.5139
53040;48.1336;-0.9809
59407;50.2929;3.4461
60379;49.5564;2.7315
71196;46.6261;5.3508
71365;46.5784;5.0043
72293;47.8851;-0.1248
77448;48.9692;3.1248
78084;48.7796;1.7946
79207;46.9365;-0.7531
85209;46.5617;-1.0316
03121;46.5948;3.3913
09161;42.9967;1.8678
28249;48.5762;1.5842
28425;48.5412;1.6913
34042;43.8815;3.6618
38117;45.2139;5.4122
40034;43.5734;-1.1103
51155;48.5867;3.7574
52079;48.5070;4.9537
57057;48.9946;6.4127
59397;50.8772;2.4274
62153;50.5540;2.2741
67146;48.3174;7.6818
78082;48.9658;1.6466
79010;46.2343;-0.6556
79263;46.4824;-0.5483
89014;48.1364;3.5279
11396;43.3460;2.5208
15016;44.9843;2.3999
24014;45.0533;1.1586
25139;47.0094;6.4560
26167;44.5690;5.5049
27034;49.3275;1.4216
38055;45.7027;5.4536
40253;43.6285;-0.5937
51065;48.7343;4.6063
65019;43.1625;0.1054
67195;48.1885;7.5677
67429;48.3962;7.4116
67468;48.9453;7.0590
67479;48.9935;7.9709
80034;49.9092;2.9380
81084;43.5116;2.2392
81174;43.7194;2.1291
88233;48.1930;6.2184
07347;45.1830;4.5069
12037;43.9974;2.6934
17270;45.4260;-0.4052
25105;47.1649;5.8964
26014;45.1245;4.9818
27192;49.1474;0.9580
27682;49.2422;1.6420
34061;43.4587;3.1293
47163;44.4962;0.1739
50034;49.1200;-1.0889
55145;49.3427;5.4337
57439;49.4173;6.4226
57541;49.0414;7.5069
57548;48.9870;6.2104
67320;48.3397;7.2831
71370;46.5259;3.9437
71480;46.8342;4.6165
76543;49.5851;0.5010
78276;49.0329;1.5419
80107;49.8342;2.3995
80690;49.8143;2.2995
01445;46.3890;5.3034
23239;46.3628;1.5393
25497;47.4028;6.8756
31175;43.1295;0.7342
33509;45.0105;-0.2196
35038;48.0412;-1.1357
38250;45.6400;5.3810
38462;44.9763;5.7933
46262;44.3585;1.2153
54373;48.5820;6.5353
56201;48.1237;-3.6120
86005;46.8728;0.0622
87029;45.6621;1.0109
88044;48.3527;5.7500
89056;47.9903;3.5106
04121;43.9535;6.2318
10231;48.4800;3.5157
12032;44.2886;2.4291
12142;44.4348;2.3175
17465;45.9472;-0.4881
23174;46.3478;2.2251
25305;47.1496;6.1493
26097;44.7168;4.8180
26185;44.7168;4.8180
43033;45.3173;3.1625
50090;48.5294;-0.9418
54102;48.7138;5.8731
56250;47.5390;-2.2754
59338;50.8772;2.4274
63424;45.9061;3.2350
64406;43.4861;-0.5804
67304;48.8437;7.6070
71510;46.2944;4.0641
73253;45.3740;6.5315
77145;48.6400;2.7977
86300;46.7015;0.1582
90003;47.7266;6.9162
18229;47.2025;2.3768
25382;47.3324;6.0368
34086;43.4664;2.7410
35086;48.2437;-1.1789
35311;47.9061;-2.0001
37073;47.3096;1.0414
38458;45.7027;5.4536
39183;46.7557;5.9028
47038;44.3564;0.4031
53002;48.1953;-0.7960
57553;48.9870;6.2104
67077;48.6179;7.4214
70324;47.6011;6.1559
74055;46.0065;5.8383
77509;48.4892;3.0229
87013;46.0622;1.4688
02260;49.6765;3.3923
04208;44.0486;5.6113
11172;43.1662;2.7889
14024;49.3071;-0.0004
38488;45.7153;5.2700
40120;43.5734;-1.1103
41134;47.7125;1.4546
45081;47.8999;1.6507
47006;44.3837;0.5856
50370;49.4011;-1.5526
51362;49.3404;3.9587
52423;48.2459;5.3811
57475;49.4546;6.2400
61023;48.8350;0.0330
63170;45.8468;2.8445
64470;43.3830;-0.2320
70348;47.6775;6.5035
71385;46.2282;4.7459
78230;48.9601;1.8647
80672;49.9016;2.5356
21186;47.1117;4.9798
22119;48.6138;-3.4715
28232;48.4394;1.0466
33328;44.9226;-0.2345
38539;45.8231;5.3749
39279;46.7588;5.4394
40127;43.8713;-0.2801
43229;45.0731;3.7282
48016;44.5167;3.5174
51287;49.0921;4.0082
62056;50.8207;1.6149
71463;46.2096;4.2438
76715;49.5851;0.5010
79007;46.6159;-0.4253
80613;50.0981;1.4747
86152;46.1383;0.5811
86202;46.6858;0.8234
02246;49.7351;3.1703
21388;47.2253;5.2015
27209;49.2880;0.6835
27408;49.1510;1.5300
30329;44.0718;3.9753
50382;49.5876;-1.6918
53269;48.3059;-0.9164
62854;50.3579;2.6783
63058;45.9054;3.3618
68081;47.6783;7.2624
71126;46.3488;4.7166
76441;49.8828;1.5974
90004;47.6082;6.8142
16105;45.3787;-0.2012
17098;45.5624;-0.8253
17418;45.5959;-0.5045
18047;47.3631;2.4129
33423;45.1927;-0.7867
45303;48.0833;2.6011
50510;49.2025;-1.3920
50519;49.5876;-1.6918
57011;48.9138;6.8634
58148;46.7882;3.1848
59191;50.0669;3.3326
60343;49.3415;1.8240
63168;45.7171;3.3695
73308;45.6747;6.3695
76092;49.5851;0.5010
02613;49.3989;3.7382
21500;47.5309;4.5262
26194;45.1997;5.0997
27480;49.3313;1.5942
30107;43.9188;4.6603
38345;45.2139;5.4122
51518;49.3404;3.9587
57346;48.9138;6.8634
58060;46.8005;3.4767
63418;45.7736;3.5814
70152;47.4220;5.8319
80100;50.0238;2.1253
90047;47.6681;6.9888
02399;49.4580;3.9681
10271;48.4880;3.8003
17184;45.8465;-0.9577
35146;48.2777;-1.8126
37247;47.0900;0.5995
45165;47.9446;2.9406
50276;48.7284;-1.4599
57262;49.0096;6.7694
59645;50.2843;3.2537
60396;49.5636;2.5505
60548;49.1331;2.9579
62327;50.5540;2.2741
62355;50.3300;2.9800
64387;43.3794;-0.4500
67423;48.7485;7.5653
76314;49.5106;0.3569
76602;49.6904;1.0289
80546;50.1191;1.8139
16071;45.8762;0.7258
18175;46.9512;2.8014
31049;43.7314;1.5789
38392;45.7153;5.2700
40156;44.3533;-0.7860
57234;49.1057;7.1177
58037;47.2943;3.8757
59642;50.4112;3.2736
61208;48.6389;0.7244
65147;43.0347;0.1428
69196;46.1512;4.5700
72343;47.8158;-0.2997
86147;46.4325;0.2494
87034;45.7144;0.8724
95213;49.1548;2.0860
95510;49.0831;2.0263
01412;46.1331;4.9986
02544;49.8908;4.1075
03202;46.5176;3.1740
09113;42.7993;1.2327
18025;47.0397;2.9746
25018;47.4071;6.4928
33008;44.7209;-0.2227
40195;43.7483;-0.5556
42333;46.0940;4.2484
51162;48.5867;3.7574
51617;48.9826;4.3607
57219;49.2286;6.2489
57245;49.4546;6.2400
66066;42.5299;1.8824
70526;47.9305;6.1007
76436;49.4757;0.8813
81206;44.0175;1.7816
85117;46.4598;-1.1747
86173;46.9988;0.1395
01125;46.2067;5.3861
02074;49.6765;3.3923
02717;49.7791;3.4434
06013;44.0251;7.3084
14436;49.2816;-0.7154
14452;48.9036;-0.0520
27129;49.1002;0.5976
31551;43.5604;1.6591
34232;43.4734;3.0259
36207;46.4730;1.6590
37148;47.0141;0.3871
50161;49.2231;-1.1741
51245;49.2287;3.7632
52348;47.9125;5.4592
57544;48.6443;7.1663
63188;45.6408;3.3010
67129;48.8221;7.4333
15117;44.8209;2.3447
17237;45.9140;-1.0353
21138;47.1835;5.3733
27597;49.3652;0.3712
38136;45.5640;5.2955
60393;49.2665;2.3686
62583;50.1492;2.4713
69236;45.5742;4.7382
70180;47.5606;6.4497
71516;46.8203;5.2172
77057;48.9148;3.2299
02053;48.9761;3.5408
09334;42.7223;1.4836
11296;43.2794;2.8839
11421;43.1662;2.7889
14728;49.2816;-0.7154
25502;47.1860;5.8234
26294;45.1245;4.9818
30229;44.0727;3.6438
33301;44.8154;-0.2027
37236;47.4513;1.0208
38219;45.3626;5.0340
39389;46.7557;5.9028
53055;48.4003;-0.6439
54369;48.7978;6.1481
54571;48.5875;6.2635
57361;49.4173;6.4226
58205;47.2109;4.0589
59078;50.1687;4.0194
59283;50.2338;3.8586
60043;49.4914;2.9770
66103;42.5986;2.5162
67141;48.8788;7.6787
71251;46.8468;4.2035
71324;46.7093;4.6745
72135;47.8261;0.1010
82141;44.1429;0.9367
10409;48.3767;3.9888
11090;43.0486;2.1802
16068;45.8489;0.4052
24008;45.4018;1.1801
32095;43.9542;0.3833
39146;46.6552;5.5739
40035;43.6808;-1.0321
49310;47.1670;-0.6093
52456;48.4375;5.1425
55443;49.1964;5.5975
60211;49.3415;1.8240
65257;43.1697;-0.0225
67289;48.9008;7.4721
67514;48.9548;7.1976
03246;46.3595;2.4478
21442;47.2087;4.9017
22260;48.2721;-2.8685
30084;44.1738;4.6090
46240;44.7803;1.6965
54519;48.4610;6.7642
57136;49.3089;6.5075
62156;50.8633;1.8559
62254;50.5971;2.0997
66004;42.5769;2.0852
72341;48.0020;0.4657
74226;46.2253;6.4225
76056;49.4757;0.8813
77365;48.6872;2.9734
78071;48.5044;1.8580
85252;46.6729;-0.8669
15266;44.8792;2.4907
19042;45.2775;1.6584
31031;43.1080;0.5860
32076;43.5446;0.7384
32306;43.8484;0.6403
38113;44.7971;5.6038
38500;45.2139;5.4122
45156;48.0454;2.7194
45268;47.7248;2.3712
51049;48.8828;4.0352
52500;48.6466;4.9122
54127;49.4761;5.7554
62704;50.5971;2.0997
67501;48.4189;7.6659
70116;47.6009;6.6927
70177;47.8418;5.8916
73075;45.4524;6.1665
76115;49.5851;0.5010
82012;44.0300;1.1182
83084;43.5813;6.0334
86064;46.2607;0.5096
89369;48.3049;3.2038
11212;43.2794;2.8839
11340;43.2815;2.1944
22249;48.4762;-3.2243
22268;48.5709;-2.3343
2B193;42.3753;9.1594
33385;45.0646;-0.1064
53035;47.8127;-1.0535
55041;48.7770;5.1703
57425;48.9946;6.4127
64131;43.4860;-0.7527
74254;45.7925;6.0390
77511;49.0376;2.6801
80811;49.7518;3.0187
85028;46.3637;-0.7291
02619;49.5132;3.4497
03006;46.2073;3.6605
10110;48.2596;4.2496
14438;49.1002;-0.5083
15003;45.1474;2.2664
18214;47.2361;2.0235
19213;45.3660;1.6836
22306;48.3802;-1.9979
28055;48.6497;1.5083
33168;44.8383;-0.0395
40191;43.7483;-0.5556
41035;47.6799;1.2615
43048;45.3022;3.6763
50593;49.5866;-1.3528
52246;47.8592;5.2713
58003;47.2109;4.0589
58220;47.1860;3.0747
58280;46.8005;3.4767
62794;50.6841;2.0790
71231;46.4917;4.4322
71279;46.4917;4.4322
72021;47.8851;-0.1248
76520;49.8828;1.5974
80557;49.9092;2.9380
02694;49.7575;3.1720
05174;44.9492;6.6604
14461;48.9914;-0.4099
16378;46.0169;0.2464
18272;47.3016;2.8088
35140;47.8914;-1.5882
38213;45.4430;5.4017
40071;43.6226;-0.8307
54311;48.6421;6.3587
57154;49.1842;6.4959
59427;50.4823;3.0601
60674;49.3929;3.0040
62225;50.7592;2.2329
62273;50.6278;1.7505
64364;43.3990;-1.2922
67295;48.3962;7.4116
69209;46.2388;4.4429
73307;45.1313;6.4477
79220;46.2343;-0.6556
80555;49.9092;2.9380
87167;45.8514;1.5154
88467;47.9541;6.7668
90043;47.5262;7.0264
91671;48.4939;2.1816
01063;46.1732;5.5646
07146;44.7438;4.5654
15231;45.1501;3.0136
21173;47.0093;4.8835
26034;45.0483;5.2016
27591;49.2429;0.4229
30349;43.8845;4.0279
31365;43.2026;1.2352
35091;48.1588;-2.1837
35156;48.3292;-1.8850
42290;45.6194;4.0612
45331;47.7640;2.1859
50217;48.7246;-1.1858
54061;48.5815;6.7912
60073;49.4574;1.8983
60167;49.3929;3.0040
60239;49.2430;1.8875
62904;50.7978;2.0540
63009;45.3816;3.0506
70415;47.9305;6.1007
71416;46.4475;4.8180
72332;48.2253;0.1020
79050;46.8536;-0.6623
79342;46.6373;-0.5530
02242;48.9876;3.2783
07099;44.3799;4.5601
16065;46.0339;0.7003
18210;47.2361;2.0235
19201;45.5420;2.3448
21411;47.0093;4.8835
2B016;42.1586;9.4398
30343;44.2161;4.4462
45186;48.0833;2.6011
47221;44.0578;0.1991
53043;48.1479;-0.5292
60319;49.3553;2.0057
64101;43.1417;-0.2429
64290;43.4095;-0.5548
64501;43.4860;-0.7527
76445;49.6749;1.2880
77138;48.6400;2.7977
77340;48.2750;2.7096
84097;44.3773;4.9716
86135;46.5622;0.5200
03187;46.3047;3.4530
08179;49.7028;5.0539
15236;44.9796;2.6572
17410;45.3705;-0.5998
25220;47.1021;6.0839
26336;44.7390;5.0687
27181;48.8037;1.1940
30319;44.0258;4.4117
34122;43.6689;3.4823
36058;46.6565;1.1364
42220;46.1173;3.9846
43147;45.2693;3.3650
47111;44.4351;0.4564
50464;49.0159;-1.3169
68311;47.9955;7.0518
80003;50.0734;2.5120
80486;50.0331;1.9640
87127;45.6517;1.2138
02199;49.7372;3.2792
17389;45.8270;-0.8280
22001;48.2721;-2.8685
25332;47.2664;5.8304
27410;49.0499;1.1747
30268;44.2386;4.1285
35050;48.3292;-1.8850
36025;46.6174;2.0384
47172;44.1400;0.5385
60215;49.4052;2.4292
64255;43.3959;-1.4500
64533;43.0978;-0.8959
69120;45.7949;4.4243
72149;48.0067;-0.1219
78415;48.8842;1.8627
79301;46.2096;-0.1195
80295;49.9195;2.7339
95298;49.1531;1.9923
05177;44.5925;6.7137
10437;48.1391;4.2390
11327;43.1944;2.1878
24255;44.9544;1.0753
27313;49.2357;0.9352
28317;48.4174;1.7878
29036;48.2737;-3.8044
2B020;42.6071;8.9163
30043;43.7816;4.2319
33460;44.8383;-0.0395
58047;47.2312;3.7046
60326;49.3856;2.6928
62903;50.5712;1.9180
63414;45.7736;3.5814
70095;47.7821;6.0966
71556;46.3176;4.8198
74151;45.8870;5.9437
06071;44.1262;6.8455
14495;49.2432;-0.3368
16011;45.7971;0.2286
18212;46.9638;2.4408
32404;43.8622;0.3912
39021;46.5136;5.5833
60443;49.6646;3.0328
64114;43.3830;-0.2320
67453;48.1885;7.5677
72331;48.0815;0.5088
76494;49.5851;0.5010
76513;49.4447;0.9587
80530;49.9016;2.5356
89279;47.6930;4.0014
24450;44.7743;1.2133
27632;49.3313;1.5942
28261;48.3277;1.2582
51564;49.0294;4.1667
61094;48.7672;-0.5540
66046;42.7994;2.4550
67371;48.9015;7.3290
68008;48.0442;7.4325
68188;47.9414;7.1110
71489;46.6882;5.1007
72160;47.6976;0.4012
76725;49.6526;0.3995
85036;46.5446;-1.2156
86203;46.2499;0.6620
88092;48.1930;6.2184
88284;48.2059;6.9566
02776;49.9653;3.2544
08254;49.7820;4.2978
13012;43.5353;5.4345
14377;49.2816;-0.7154
30306;43.8069;4.1014
33241;44.7161;-0.3621
37178;47.1271;0.4421
39560;46.4120;5.8706
48137;44.5167;3.5174
55167;49.3482;5.1985
61207;48.3286;0.5527
67432;48.9935;7.9709
68170;47.6428;7.4261
69167;45.9972;4.6146
72216;48.1041;-0.0315
80556;50.0687;1.6499
84094;44.2444;5.0525
84139;43.9157;5.0862
02002;49.6765;3.3923
08262;49.4891;4.3377
18289;46.9117;2.6018
27288;49.2880;0.6835
27468;49.2880;0.6835
31525;43.3057;1.2139
46204;44.6554;1.5971
64288;43.4095;-0.5548
72369;47.7504;0.2764
76002;49.6510;0.6000
76128;49.7753;0.6404
77184;48.3010;2.9785
81286;43.6537;1.9748
82020;43.8533;1.1685
86262;46.3927;0.7264
95308;49.0836;2.1070
04061;44.1743;6.6246
09223;42.7993;1.2327
15090;44.8792;2.4907
16169;45.6930;-0.3423
16384;45.3787;-0.2012
17469;45.5824;-0.6940
24398;45.6404;0.6496
2B188;42.6332;9.3481
37116;47.5924;0.8925
40145;43.7783;-0.3566
51318;49.3507;4.1591
53193;47.9627;-0.5836
57469;48.8282;6.9772
58228;47.3141;3.0188
61050;48.4407;0.8319
76106;49.4576;1.2091
76528;49.8828;1.5974
76739;49.7548;1.6736
91435;48.6187;2.5066
01393;46.1331;4.9986
16272;45.8752;0.1966
18254;46.9638;2.4408
33370;45.1614;-0.6351
35324;48.3600;-1.1890
36026;46.9845;1.6365
41225;47.7461;0.7846
52429;48.5893;5.0309
57449;49.0970;6.3719
58118;46.8027;3.7623
59119;50.8316;2.3792
60310;49.5063;2.0075
61454;48.5356;0.3516
62166;50.4768;2.3789
62196;50.4710;1.7675
62519;50.4735;2.2572
67187;48.1885;7.5677
71359;46.5784;5.0043
72239;47.9751;-0.2530
76649;49.7407;1.4648
79163;46.1514;0.0823
82001;44.0395;1.2489
89298;48.0323;3.2061
10275;48.4791;3.6912
17317;45.4692;-0.6260
33160;44.8116;0.2092
37065;47.0141;0.3871
38446;45.3755;5.7804
46044;44.4587;1.2657
47046;44.4039;0.2016
59658;50.5928;2.8819
60170;49.1907;2.6251
64521;43.4095;-0.5548
65054;43.0681;0.2918
67104;48.9935;7.9709
68019;48.0999;7.4947
71225;46.7093;4.6745
72104;48.2679;0.2885
83139;43.5715;6.2494
86094;46.4027;0.5733
88262;48.2228;6.6981
91654;48.4685;2.4214
01380;46.4430;5.1230
03073;46.5176;3.1740
03087;46.7204;2.9564
05148;44.7017;6.0860
08289;49.6542;5.1922
10334;48.4800;3.5157
11131;42.9301;2.1718
12248;43.8550;2.6209
15248;45.1198;2.8364
16400;45.9782;0.2260
37277;47.1616;1.2108
39018;46.3647;5.5594
46187;44.4982;1.0872
54574;49.4779;5.6904
64095;43.3830;-0.2320
69057;45.8200;4.6139
71069;46.3488;4.7166
71219;46.6466;4.8496
77338;48.3010;2.9785
77527;48.6872;2.9734
79246;46.3758;-0.0928
91482;48.6370;2.0683
10237;48.2495;3.8367
15181;44.7318;2.2254
16124;45.6792;0.5080
18120;47.1579;2.8977
24160;45.0320;0.7357
26319;45.1158;5.1316
32123;43.6252;0.8822
33373;45.0165;0.0067
38167;45.4430;5.4017
39169;46.6552;5.5739
39325;46.9334;5.7581
50408;48.6305;-1.3132
51485;49.1184;4.3414
51636;49.1185;4.1971
57303;49.2043;6.1533
57384;49.0096;6.7694
59141;50.1534;3.1968
59492;50.1987;3.2871
62359;50.3630;2.0044
77427;48.9494;2.7161
14037;49.0067;-0.6820
18290;47.3185;2.2094
22039;48.1328;-2.6009
24054;44.7422;0.6032
27644;49.1510;1.5300
31361;43.3609;1.2764
51144;48.7690;4.9041
62158;50.2805;2.2855
62832;50.5511;1.6977
63232;46.0104;3.3632
63317;46.0104;3.3632
89283;47.6135;3.4456
12171;44.4669;2.4817
17182;46.2523;-0.8119
17286;46.2430;-1.5000
21493;47.1835;5.3733
24324;45.1556;1.0569
28211;48.0751;1.3674
41184;47.6757;0.9717
46202;44.3312;1.5737
60611;49.4574;1.8983
62614;50.8469;1.9756
64522;43.0837;-0.4059
65218;43.0307;0.3876
67054;48.4189;7.6659
69060;46.0727;4.4762
71018;46.6399;5.2217
71300;46.4986;5.3085
76437;49.8421;1.2420
80679;49.9987;3.1433
01060;45.9724;5.5771
02706;49.3519;3.3202
12046;44.1851;2.3373
14251;48.9914;-0.4099
26232;44.8733;5.0351
36168;46.5287;1.1959
37218;47.0649;1.0117
43150;45.1458;4.1487
45109;47.8999;1.6507
51418;49.2504;3.9606
60486;49.6351;2.3029
62003;50.3894;2.9085
68230;47.8952;7.4965
77129;49.0796;3.1128
77187;48.4108;3.2992
78236;48.8501;1.6779
80424;49.8143;2.2995
03242;46.3047;3.4530
04066;44.4208;5.9576
07168;44.3891;4.3984
11148;43.2164;2.6352
17202;45.9788;-0.6802
17382;46.1164;-0.7269
22110;48.7116;-3.4694
27578;48.8561;0.8776
31442;43.3507;1.4503
41065;47.7959;1.0852
44112;47.7086;-1.3600
60440;49.4441;2.6340
62469;50.2131;3.0738
69225;45.9115;4.4132
70104;47.4220;5.8319
72131;47.8851;-0.1248
80509;49.9092;2.9380
89428;48.1607;3.0808
01082;45.9854;5.7839
03305;46.4826;2.6565
09019;43.1552;1.4156
39009;46.9201;5.9041
39131;46.5873;5.9433
57042;48.7177;6.7895
59057;50.2232;3.6852
67116;48.2649;7.4899
73022;45.5319;5.7837
03083;46.3298;3.2717
07162;44.5629;4.2173
11390;43.1662;2.7889
17263;45.3705;-0.5998
29298;47.9104;-4.3000
31450;43.4015;1.7281
38032;45.3626;5.0340
42251;45.6418;4.2506
59628;50.8772;2.4274
60361;49.2430;1.8875
67422;48.1885;7.5677
68160;47.6428;7.4261
84018;44.0412;5.2312
86275;46.9074;0.4136
01352;46.4317;4.9642
02352;49.9653;3.2544
07294;44.3435;4.2066
2A211;41.7771;8.9514
38531;45.4612;5.6299
41003;47.7959;1.0852
42066;45.7464;4.2205
49216;47.5413;-0.3344
54189;48.4267;5.9699
57195;49.1232;7.3585
57255;48.8282;6.9772
60481;49.2971;2.8641
62237;50.7598;1.6624
71525;46.3488;4.7166
73050;45.6697;5.8501
76740;49.4576;1.2091
77246;48.5415;3.3962
80392;50.1635;2.3412
80643;49.7512;2.1621
80645;50.0734;2.5120
89265;47.8736;3.6828
04031;43.9535;6.2318
07085;44.9913;4.6100
14486;49.0219;-0.2319
16283;45.4895;0.2971
2A070;42.0445;8.7467
37094;47.0872;0.7995
40086;43.7483;-0.5556
42161;46.0190;4.1201
48104;44.6612;3.0621
59255;50.2255;3.1948
63326;45.7042;2.8469
70165;47.6953;5.8168
71218;46.3132;4.2805
74035;45.8870;5.9437
87164;45.8915;0.9082
08349;49.6542;5.1922
24150;44.7743;1.2133
45195;48.1873;2.2537
51372;48.9418;4.4286
57052;49.0985;6.8657
61055;48.6575;0.0274
62612;50.3570;2.8302
67138;48.6157;7.5786
71213;46.5784;5.0043
71533;46.2096;4.2438
74135;45.7729;6.2585
78278;48.8635;1.7961
80188;49.7189;2.3729
82039;44.1332;1.4458
26331;44.9670;5.2827
33204;44.5793;-0.0315
45220;48.0647;2.3962
50138;49.5258;-1.4865
51379;49.3054;3.8330
58281;47.3141;3.0188
60001;49.6701;1.7733
62796;50.2552;2.6268
63446;46.0185;3.2134
71074;46.2282;4.7459
71110;46.2126;4.3209
71145;46.5999;4.6268
72004;48.0067;-0.1219
73297;45.6176;6.3020
76273;49.4576;1.2091
80542;49.7735;2.9160
82192;43.9774;1.5295
90054;47.7547;6.8332
10239;48.3497;4.3203
27207;49.1267;0.4626
31380;43.3306;1.6295
42221;45.7464;4.2205
61432;48.7505;0.6601
62162;50.5605;2.4526
64104;42.9480;-0.5969
64254;43.4861;-0.5804
65042;43.0347;0.1428
65401;43.1625;0.1054
73077;45.6553;6.7844
07178;44.6420;4.2368
10094;48.5139;4.5347
15235;45.0331;3.1188
18038;46.7360;2.4965
32285;43.5973;0.2917
39217;46.6552;5.5739
39335;47.2159;5.5278
47290;44.5995;0.3784
50240;49.5227;-1.7886
53209;48.0269;-0.9624
60028;49.1907;2.6251
70206;47.6009;6.6927
88077;48.3562;6.6454
88385;48.2142;5.9735
14289;48.8884;-0.2144
18031;46.9512;2.8014
27154;48.9046;1.2730
35260;48.2437;-1.1789
37066;47.2139;0.9305
40196;43.7483;-0.5556
47190;44.3073;0.5421
49358;47.2331;0.0335
54165;48.7102;6.2095
55224;48.7770;5.1703
62646;50.2131;3.0738
67494;48.9169;8.0948
72153;47.6976;0.4012
76223;49.6137;0.7501
77174;48.4600;3.2636
80213;49.8342;2.3995
86299;46.7015;0.1582
12061;44.5271;2.8172
23165;45.8612;1.9107
25569;47.1496;6.1493
28247;48.8653;1.4846
43217;45.2403;3.9156
51339;48.8713;4.4893
58254;47.0824;3.2422
59300;50.2609;3.2199
62512;50.5540;2.2741
63008;45.8665;3.6818
69042;45.6217;4.4891
74221;46.0082;6.5311
79238;46.8620;-0.4716
86002;46.7882;0.1512
86079;46.9988;0.1395
06050;43.7527;7.0603
10331;48.1391;4.2390
13057;43.7851;4.7371
14145;49.0219;-0.2319
16024;45.7971;0.2286
21008;47.5309;4.5262
23244;46.3044;1.6821
42152;46.1273;4.1068
42245;45.8117;3.7727
47206;44.4801;0.5085
51265;48.7150;3.7134
51410;49.0992;3.8671
51532;49.1724;4.0456
57148;49.0970;6.3719
59451;50.2232;3.6852
64370;43.3830;-0.2320
70168;47.8605;6.2465
76070;49.6749;1.2880
79046;46.2343;-0.6556
87180;46.1498;1.2729
89122;48.2460;3.5190
91441;48.5148;2.4546
95170;49.0802;1.9139
03065;46.3298;3.2717
07068;44.9913;4.6100
19258;45.1481;2.1059
22104;48.4277;-2.2014
22189;48.4509;-3.0949
25393;47.3300;6.8121
30018;43.8069;4.1014
32348;43.7008;0.6218
42098;45.9509;4.2188
46153;44.8876;1.5053
47248;44.1899;0.8174
47292;44.5448;0.9735
59150;50.5604;3.2331
60053;49.6134;2.8596
80633;50.2063;1.7330
87197;46.0208;1.2045
89334;47.8527;3.3103
91186;48.5995;2.1771
12267;44.0745;2.5189
14127;48.8627;-0.9046
25101;47.2664;5.8304
25326;47.2664;5.8304
25631;47.1649;5.8964
30230;44.2161;4.4462
36176;46.6565;1.1364
37056;47.3410;0.3808
50048;48.8293;-1.2184
50148;49.1779;-1.0095
57117;49.3105;6.3588
57331;49.3105;6.3588
57337;49.0412;6.9247
60026;49.6179;2.0953
63454;45.6535;3.7068
76308;49.7971;1.1220
79095;46.1514;0.0823
09030;42.7223;1.4836
12106;44.4656;2.7071
15164;45.0331;3.1188
33242;44.8116;0.2092
39210;46.7557;5.9028
40162;43.9331;-0.5266
41083;47.5197;1.8529
45136;48.0463;3.0178
46012;44.7466;1.9153
57095;49.1842;6.4959
64120;43.3051;-1.0548
71256;46.6882;5.1007
76173;49.7971;1.1220
89091;47.5372;3.6418
02065;49.9653;3.2544
03131;46.2073;3.6605
11151;43.2183;2.4917
12161;44.4669;2.4817
14499;49.2648;-0.1438
16174;45.7158;-0.1843
22062;48.1983;-2.3941
2B172;42.5745;9.3522
32180;43.8809;0.2468
34045;43.6139;3.3803
36074;46.9625;1.1800
42060;45.5094;4.0434
60545;49.6701;1.7733
61288;48.6575;0.0274
63405;45.6408;3.3010
67298;48.7373;7.7018
73200;45.5008;6.0585
80265;50.0370;1.5435
86044;46.9988;0.1395
01299;45.9977;5.0216
03132;46.3831;3.5976
16425;45.7401;0.3777
18282;47.0880;2.7343
22243;48.4068;-3.4339
23220;45.9608;2.1890
36007;46.8582;1.4060
40074;43.6032;-0.7344
47119;44.1901;0.0303
48002;44.8172;3.2692
50413;48.6305;-1.3132
57488;48.6722;6.7788
62648;50.5712;1.9180
63182;45.4492;3.3416
76247;49.5862;1.1495
76363;49.8828;1.5974
77223;48.4788;3.1219
81138;43.7691;2.0056
82170;44.1429;0.9367
86026;47.0822;0.0264
89163;47.8527;3.3103
89278;48.1364;3.5279
02484;49.0487;3.5014
16107;45.7971;0.2286
23139;46.3347;1.8902
25336;47.0722;5.8982
25406;47.1990;6.0774
33444;44.5992;-0.1937
42295;45.8117;3.7727
53023;48.1997;-0.6433
62716;50.8469;1.9756
63419;46.1157;2.8841
71353;46.5458;4.8719
72048;48.1973;0.4291
79241;46.4780;-0.4096
80350;49.9016;2.5356
82159;44.1565;1.5437
06022;43.8114;7.1241
14713;49.1002;-0.5083
24120;45.2509;1.1449
27666;49.1855;1.1391
27698;49.1474;0.9580
37142;47.0900;0.5995
48116;44.3629;3.8114
53108;48.1336;-0.9809
54069;49.3750;5.8750
59669;50.8083;2.4648
62592;50.7991;2.1603
67440;48.9169;8.0948
82137;44.2619;1.7949
85274;46.5155;-0.9178
02368;49.2731;3.1234
24188;45.1556;1.0569
30180;43.9622;4.2750
52305;48.0322;5.3092
54022;48.9845;5.9910
55228;48.9934;5.7278
61156;48.5848;0.1537
63334;45.6791;3.4814
68045;47.7995;6.9577
80155;50.1342;1.9757
02046;49.5539;3.5934
03127;46.4826;2.6565
03215;46.3047;3.4530
03279;46.3319;2.5548
12159;44.3344;2.0080
12172;44.5757;2.6871
13008;43.6712;5.1494
14034;49.1002;-0.5083
16205;46.0339;0.7003
18086;46.7360;2.4965
24200;45.2571;0.5303
42130;45.6194;4.0612
42141;46.1636;4.2356
50279;49.1154;-1.2554
50446;49.1779;-1.0095
50456;48.6563;-0.9349
53028;48.2989;-0.5119
66137;42.4667;2.8308
68147;48.1955;7.2957
70492;47.5460;5.8613
74065;46.0202;5.9296
77164;48.4599;2.9049
80236;49.6644;2.5930
01147;46.3890;5.3034
02112;49.9674;3.4414
11185;43.0809;2.5915
16211;45.5978;0.4253
23062;46.3347;1.8902
24117;45.1194;1.2979
25278;47.2569;6.2911
34117;43.7273;3.1142
46221;44.6197;1.9991
47144;44.5995;0.3784
53228;48.0665;-0.3323
55514;48.7770;5.1703
58063;47.0872;3.8971
60030;49.3553;2.0057
60165;49.3441;2.1588
67287;48.7485;7.5653
73184;45.5905;5.7703
76285;49.3789;1.2157
78202;49.0237;1.7934
78324;48.9658;1.6466
07002;44.6053;4.4022
24029;45.0344;0.3444
30277;44.1738;4.6090
30300;43.8845;4.0279
43077;44.8565;3.9343
43249;45.3265;4.1018
47133;44.1400;0.5385
57140;49.0598;6.2544
59091;50.7161;2.5350
62112;50.2552;2.6268
63181;45.9934;3.0988
63404;45.5449;3.2477
64438;43.3830;-0.2320
70357;47.4967;6.2428
80456;49.8385;1.7822
81291;43.9981;2.0807
84140;43.7636;5.3977
85137;46.5155;-0.9178
06106;43.8681;6.9380
17363;45.4260;-0.4052
33306;44.5793;-0.0315
33538;45.3178;-0.9215
42135;45.6418;4.2506
51340;48.7343;4.6063
51483;48.9342;4.2705
53013;48.3269;-0.2436
54540;48.5581;6.9851
56202;47.8148;-2.3324
57407;48.7784;7.1592
59413;50.0767;3.4031
71565;46.6085;4.0143
80751;49.7772;2.5059
81292;44.1239;2.1871
10190;48.2596;4.2496
10363;48.2056;4.1125
12113;44.2886;2.4291
14421;49.1310;0.2591
22063;48.6429;-3.0124
22326;48.4389;-2.3428
23004;46.1634;1.8617
27251;49.1014;0.7007
31264;43.3507;1.4503
47025;44.2690;0.8675
54334;49.2643;5.8940
56072;48.0812;-2.8608
57076;49.4546;6.2400
57427;48.7214;7.2286
59055;50.0869;3.5816
60261;49.2265;2.8507
65410;43.2274;0.1176
71354;46.4282;4.1016
73073;45.8305;5.8341
76442;49.9896;1.4244
86059;46.5477;0.6875
89051;48.0863;3.3016
12213;44.1639;2.9412
17451;45.8685;-0.2970
29166;48.1687;-4.2332
33230;45.1008;-0.3571
33503;44.9228;-1.0847
37147;47.0900;0.5995
41271;47.4244;1.6258
50428;48.6807;-1.0497
51505;49.2685;4.3106
57564;48.7177;6.7895
62247;50.5025;2.1152
63235;45.9934;3.0988
64271;43.2946;-1.1827
65446;43.3754;0.1573
71347;46.8342;4.6165
71383;46.4475;4.8180
74313;46.0441;6.1064
78013;48.8635;1.7961
85286;46.3816;-1.0656
86006;46.5635;0.8867
91079;48.3609;2.1249
16181;46.0339;0.7003
24554;45.3702;0.3694
25122;46.9453;6.0897
25148;47.0644;6.6102
31492;43.2049;1.0659
33184;45.1523;-0.4789
47232;44.5399;0.3053
51158;48.8828;4.0352
51303;49.0294;4.1667
51448;49.3054;3.8330
57321;48.7426;7.0360
59023;50.2607;3.1653
59246;50.1472;3.5918
70178;47.6775;6.5035
77411;48.8250;3.1631
80770;50.0913;1.5236
95456;49.1142;2.3984
14124;49.3177;-1.0550
18166;47.0878;2.5267
28291;48.2900;1.6836
31500;42.7819;0.5640
34096;43.5956;3.1551
34206;43.3338;3.0062
36195;46.9136;1.9462
38350;45.2307;5.9478
42236;46.1513;4.1615
43099;45.4004;3.3095
54374;48.7450;6.3640
55516;48.5183;5.4976
57152;49.4173;6.4226
57639;49.0414;7.5069
57730;49.1842;6.4959
60023;49.3809;2.7574
60299;49.6351;2.3029
60357;49.5636;2.5505
62049;50.5605;2.4526
63341;45.5398;3.7752
64535;43.2986;-0.5861
67346;48.9935;7.9709
80171;50.1191;1.8139
86253;46.4312;0.1024
88317;48.3912;7.0206
89367;47.5879;3.2448
02145;49.5817;3.1917
07053;44.4641;4.1857
11211;43.0486;2.1802
24573;45.3702;0.3694
28105;48.2966;1.0090
35329;48.5413;-1.5736
42030;45.8653;3.9897
45100;47.9165;1.9741
46109;44.3312;1.5737
56027;47.8390;-2.6477
58247;46.9863;3.4452
63223;46.1157;2.8841
64424;43.2027;-0.8933
64431;43.3739;-0.6566
77242;48.5152;3.2405
81114;44.0429;2.1487
82032;44.1429;0.9367
86125;46.7433;0.7101
88089;48.2228;6.6981
88328;48.3160;6.8483
04134;44.3410;6.1165
24074;44.8750;1.3527
24463;45.3309;1.0822
52492;47.7926;5.4347
62123;50.4710;1.7675
63335;45.5536;3.0871
65408;42.9581;0.3893
77035;48.3010;2.9785
80172;49.9195;2.7339
80524;49.8050;2.6838
02370;49.9653;3.2544
05037;44.5625;6.0687
07183;44.4494;4.3253
19131;45.5279;1.5584
23057;46.2997;2.0617
26380;45.0726;4.8825
27036;48.7417;0.9087
27039;49.3596;0.8321
30151;44.1345;4.3281
30251;44.1738;4.6090
31413;43.7515;1.0584
36119;46.7244;1.0046
56227;48.0867;-2.4601
61387;48.5245;-0.7540
62579;50.1496;2.6216
62657;50.8633;1.8559
71167;46.8190;5.0403
73229;45.4670;5.7646
76369;49.5862;1.1495
81208;43.8652;1.8106
86195;46.9080;0.6258
87142;45.8514;1.5154
89189;48.3049;3.2038
01342;45.8725;5.0405
02525;49.8685;3.3018
04004;43.7795;6.0824
07028;44.3435;4.2066
10049;48.2056;4.1125
14398;49.1716;0.0767
21565;47.2087;4.9017
24007;45.2430;0.3402
24428;45.4312;0.9255
27009;48.8419;0.7041
27054;48.8561;0.8776
27185;49.1474;0.9580
31586;43.1698;0.5481
39379;46.7588;5.4394
49359;47.2079;-0.2900
60209;49.2430;1.8875
62530;50.6792;1.8616
63379;45.9934;3.0988
68200;47.6466;7.1067
73025;45.6016;5.6829
74068;46.0202;5.9296
76200;49.6749;1.2880
86200;46.1383;0.5811
88198;48.1658;6.8771
02293;49.9674;3.4414
02426;49.9653;3.2544
02737;49.7385;3.8042
28149;48.6383;0.8925
37084;47.5288;0.3098
38159;45.4430;5.4017
39517;46.7557;5.9028
50350;49.0159;-1.3169
53089;47.8199;-0.7037
53145;47.8199;-0.7037
55169;49.5006;5.3752
59595;50.2279;3.3147
60254;49.4441;2.6340
64490;43.2519;-1.2885
72349;48.1733;0.2504
73268;45.5967;6.4570
80024;49.9236;2.2042
82099;44.1307;1.0797
09246;42.9874;1.3031
17196;45.5824;-0.6940
19035;45.3233;1.3121
21022;47.1117;4.9798
24106;45.0533;1.1586
24481;45.4312;0.9255
26070;44.4372;4.8611
30267;43.9770;4.1101
32121;43.6005;1.0782
35046;47.9061;-2.0001
50030;49.6491;-1.2863
51403;49.2698;4.1318
60133;49.4932;2.4185
60694;49.3553;2.0057
63434;45.6302;3.5682
66005;42.5299;1.8824
67425;48.7358;7.3547
71223;46.9427;4.1052
72031;48.0815;0.5088
73033;45.4670;5.7646
76515;49.8805;0.9528
77130;48.8616;2.9501
02741;49.8377;3.5104
02750;49.5817;3.1917
07150;44.8862;4.4065
09206;42.8999;1.8267
10329;48.2056;4.1125
16424;45.2720;0.0511
21031;47.1013;5.2597
22310;48.6535;-3.3087
24100;45.6404;0.6496
24171;45.4312;0.9255
27358;49.0198;1.3552
32368;43.7787;0.6218
38078;45.3351;6.1077
59311;50.0846;3.4650
61260;48.6912;-0.3983
74130;46.0065;5.8383
77073;48.5897;3.2433
79087;46.2814;0.0312
05178;44.2953;5.8168
06134;43.7771;6.7642
06144;44.0922;7.1271
18278;46.5847;2.4973
23116;46.0141;2.4803
2A163;41.5251;9.0119
30001;44.0258;4.4117
32345;44.0093;0.5051
33010;45.0421;-0.6866
33442;45.0105;-0.2196
37202;47.1546;0.2329
39452;47.1361;5.6580
45162;48.1873;2.2537
51439;49.3507;4.1591
58012;47.5134;3.0868
59454;50.8083;2.4648
62505;50.8301;1.7103
67515;48.7358;7.3547
70429;47.6011;6.1559
73071;45.4507;6.7270
76488;49.7753;0.6404
78162;48.6939;2.0288
80047;50.0227;2.6606
80120;49.9917;1.5957
87144;45.7006;1.4006
05053;44.2953;5.8168
06154;43.7771;6.7642
07171;44.4641;4.1857
26178;44.6918;5.5471
33361;44.8383;-0.0395
41137;47.5039;1.1673
47226;44.5995;0.3784
47317;44.4351;0.4564
53106;48.4038;-0.1217
54595;48.5820;6.5353
58204;47.0824;3.2422
67208;48.6179;7.4214
70532;47.6011;6.1559
73178;45.6779;6.0887
76755;49.7570;0.5238
90058;47.7176;7.0131
07165;44.8862;4.4065
07344;45.2925;4.7458
11330;43.2183;2.4917
12265;44.5757;2.6871
14527;49.0750;-0.0576
16002;46.0169;0.2464
24491;45.1556;1.0569
26302;44.9670;5.2827
27217;48.9728;0.9211
28267;48.7096;1.3675
38390;45.2139;5.4122
42143;45.7464;4.2205
52155;47.7926;5.4347
54105;48.5985;5.8544
58185;47.2109;4.0589
61426;48.3286;0.5527
62835;50.4768;2.3789
69022;45.7651;4.5374
71391;46.8342;4.6165
74271;46.2473;6.6361
76455;49.5163;1.4814
81269;43.5860;2.3789
86279;46.9080;0.6258
15101;45.1198;2.8364
17150;45.9472;-0.4881
25248;47.1647;6.7090
27536;49.1944;0.7092
2A336;41.9751;8.7751
30069;43.8845;4.0279
33280;45.1614;-0.6351
56226;47.9150;-2.1628
60195;49.2430;1.8875
60480;49.4380;2.2466
64277;43.3990;-1.2922
67236;48.7485;7.5653
68039;47.5481;7.1735
68237;48.0591;7.2167
03176;46.3298;3.2717
07045;44.7646;4.2361
08133;49.4891;4.3377
14621;49.0265;0.3433
17246;45.9652;-0.8347
19286;45.2879;1.3971
24382;44.8500;0.7304
24392;44.9881;1.3326
27177;48.9046;1.2730
28374;48.5968;1.2694
38402;45.0662;5.8468
39385;46.9509;5.4123
45241;47.8404;2.1267
45340;47.7248;2.3712
55045;49.1850;5.3383
59181;50.1317;3.9232
59596;50.4112;3.2736
62067;50.5971;2.0997
63427;45.9934;3.0988
64305;43.4772;-0.9610
66231;42.8238;2.8525
70145;47.4344;6.0525
79159;46.8867;-0.2810
81164;43.8337;1.6970
02328;49.0487;3.5014
07210;44.7013;4.3424
15262;45.0331;3.1188
24251;45.1300;0.5415
38278;45.2139;5.4122
42296;45.7464;4.2205
50262;48.8293;-1.2184
50489;48.6860;-1.3332
51643;49.0028;3.9238
58187;47.4771;2.9370
59612;50.1807;3.5125
67039;48.7373;7.7018
85101;46.4860;-1.3821
02279;49.0643;3.3913
02755;49.5539;3.5934
10099;48.0520;3.9325
11366;43.2794;2.8839
12266;44.2739;2.7608
16077;45.6817;0.0128
17357;45.5124;-0.3366
19270;45.3933;1.3763
23039;46.3044;1.6821
25054;47.4766;6.7673
37012;47.1271;0.4421
55541;48.7770;5.1703
63314;45.5727;3.6189
72109;48.1741;-0.1309
08320;49.3635;4.4330
11102;43.0946;2.3432
12059;44.3140;2.2477
17355;45.5124;-0.3366
17459;45.9472;-0.4881
18149;47.3631;2.4129
24345;44.9759;0.5487
24577;44.8621;1.0657
25571;47.2892;6.9261
37136;47.0872;0.7995
40066;43.8530;-0.7905
46177;44.9082;1.8494
49113;47.1403;-0.1327
51078;49.1184;4.3414
61255;48.4945;0.5865
61303;48.8350;0.0330
67242;48.8221;7.4333
69026;45.9428;4.5565
69053;46.2558;4.6751
71283;46.6466;4.8496
78053;48.8501;1.6779
78285;48.8060;1.6253
85205;46.5977;-0.8756
89069;48.1187;3.6979
04053;44.2004;5.9040
05087;44.5486;5.8936
11001;43.2183;2.4917
22040;48.5269;-3.1259
27013;49.3498;1.3307
39439;46.9334;5.7581
42009;45.7453;4.0081
45168;47.9621;2.1737
46033;44.3585;1.2153
48038;44.7870;3.6351
54007;48.7484;6.0403
57204;49.1986;6.3008
57371;49.4173;6.4226
67541;48.9169;8.0948
67542;48.6570;7.6046
70267;47.8418;5.8916
71462;46.8190;5.0403
80452;49.7189;2.3729
85290;46.5617;-1.0316
12118;44.8341;2.6766
2B265;42.5745;9.3522
31148;43.4393;1.4459
33132;45.0625;-0.5573
34266;43.7951;3.8692
39270;47.0817;5.4765
40113;43.6808;-1.0321
41070;47.7461;0.7846
43154;44.7969;3.8872
46301;44.4587;1.2657
50144;48.7536;-1.0774
54110;48.6911;6.2850
54194;49.3750;5.8750
60230;49.4380;2.2466
60383;49.5564;2.7315
63412;45.4286;3.8818
64425;43.3051;-1.0548
67163;48.7485;7.5653
79115;46.3758;-0.0928
79122;46.0797;-0.0776
80315;49.7512;2.1621
80785;49.9016;2.5356
82165;44.0665;0.8462
86248;46.2607;0.5096
87120;45.5947;1.4503
87138;45.7006;1.4006
02465;49.0973;3.1992
03038;46.3298;3.2717
03240;46.3831;3.5976
08483;49.7465;4.8136
16363;45.9796;0.8382
27664;49.4119;1.5125
28057;48.2004;1.4336
2B261;42.9724;9.4261
32253;44.0062;0.7584
32463;43.6464;-0.1249
34141;43.3496;2.6970
38248;45.2703;5.5088
41062;47.4203;1.4396
42017;45.3345;4.4273
45096;47.8346;2.6798
50084;49.0681;-1.4630
50463;48.9112;-1.3215
50512;49.0496;-1.1752
52248;47.9981;5.5171
55517;48.9706;5.1149
58286;47.3658;3.6649
60420;49.2430;1.8875
65244;43.2894;-0.0373
71084;46.2282;4.7459
72128;47.9301;0.7056
72297;48.2253;0.1020
78618;48.8921;1.6742
80670;49.8727;2.0689
80802;49.9564;3.0737
89186;47.9775;3.7182
04151;43.9527;5.7868
07015;45.1661;4.7754
08429;49.8122;4.5255
12296;44.0485;2.9200
14694;49.2820;0.2287
16032;45.5885;-0.0877
22238;48.6314;-3.6040
25136;47.2664;5.8304
32019;43.5936;0.6034
32159;43.4788;0.4383
36043;46.6174;2.0384
46001;44.4587;1.2657
46132;44.7803;1.6965
51444;49.3404;3.9587
57509;48.6494;6.9955
57706;48.8147;6.7559
59081;50.1562;3.3584
62150;50.4710;1.7675
62438;50.3542;2.5746
62674;50.7592;2.2329
63107;45.9061;3.2350
76518;49.5851;0.5010
77429;48.9148;3.2299
85199;46.5617;-1.0316
86073;46.7015;0.1582
87094;45.6517;1.2138
03300;46.3831;3.5976
10186;48.2421;4.0112
11240;42.9167;2.3471
14275;49.2528;-0.4264
14458;48.9914;-0.4099
15088;44.9868;2.1919
21618;47.3192;5.3981
27617;49.3313;1.5942
28354;48.4394;1.0466
28372;48.6497;1.5083
32190;43.7476;0.2632
37093;47.1271;0.4421
42051;45.4392;4.6915
45055;48.0142;1.6697
51266;49.0921;4.0082
54049;49.4160;5.7406
54372;48.8078;6.2608
60045;49.2426;2.6875
60264;49.4272;2.0848
62096;50.0913;2.9826
62428;50.2106;2.8785
65080;43.1697;-0.0225
69137;45.9972;4.6146
72134;47.6976;0.4012
72224;48.0020;0.4657
76088;49.4757;0.8813
76465;49.7407;1.4648
80129;50.0227;2.6606
81314;43.7712;2.5777
81319;43.9981;2.0807
02559;49.7146;3.5969
18181;46.9675;2.1484
21185;47.0093;4.8835
27199;49.2458;1.6818
30102;43.9622;4.2750
33254;44.5793;-0.0315
33294;44.5793;-0.0315
33456;45.2724;-0.6254
42036;45.5337;4.6010
45054;48.1960;2.4368
45133;48.1873;2.2537
45257;47.8346;2.6798
55009;49.0721;5.4560
59347;50.1606;4.0863
66057;42.5366;2.4058
67265;48.9008;7.4721
68125;47.6466;7.1067
80422;50.1191;1.8139
80438;50.0270;3.0899
84032;43.8803;5.5272
91121;48.3727;2.3581
02190;49.4239;3.3840
02306;49.7146;3.5969
08329;49.6014;4.4510
11276;42.8797;2.6652
12070;44.1968;3.0639
19264;45.2860;2.1593
22332;48.3663;-2.5616
28054;48.6497;1.5083
31174;42.9888;0.8129
33078;44.8154;-0.2027
33191;45.0165;0.0067
47079;44.3849;0.8443
57055;49.0970;6.3719
62422;50.1496;2.6216
64005;43.2986;-0.5861
74114;46.1858;6.7208
77050;48.1722;2.8673
80184;49.9016;2.5356
89172;48.1970;3.2892
95254;49.1161;2.0108
01349;45.8985;5.1634
04139;44.2004;5.9040
23024;45.9608;2.1890
30239;44.2169;4.0081
42086;46.1669;4.3638
50606;49.2231;-1.1741
59351;50.2276;3.9287
61095;48.7672;-0.5540
67278;48.9548;7.1976
67522;48.9015;7.3290
68232;47.5444;7.4724
73259;45.3260;6.2616
85105;46.3689;-0.8915
87083;46.0622;1.4688
03042;46.2073;3.6605
26099;44.4372;4.8611
33344;44.8383;-0.0395
36173;46.6565;1.1364
38307;45.3626;5.0340
42083;45.5337;4.6010
45171;47.6434;2.3341
47222;44.2985;0.0766
57015;49.0823;6.7332
57574;49.4546;6.2400
60340;49.6134;2.8596
70404;47.9305;6.1007
76502;49.5595;1.3516
76559;49.6137;0.7501
77178;48.2323;2.7147
78677;48.9394;1.7273
80237;49.7772;2.5059
86129;46.8121;0.7534
87068;46.1128;1.3801
87077;45.6517;1.2138
03230;46.1385;3.5187
11339;43.3722;2.1741
16282;45.7401;0.3777
17050;45.4692;-0.6260
17292;45.9788;-0.6802
26107;45.1997;5.0997
26168;44.6826;5.7230
26247;45.1865;4.8800
27219;49.1474;0.9580
42061;45.9093;3.8502
51252;49.0992;3.8671
57311;49.0096;6.7694
67484;48.9439;7.8821
70018;47.4450;5.5835
71384;46.6466;4.8496
77408;48.9379;2.9571
79134;46.8867;-0.2810
81159;43.6943;1.8037
89483;48.3093;3.3926
01127;46.2854;5.3261
02299;49.4580;3.9681
04122;44.0399;6.1020
09119;42.9619;1.1680
11120;43.0486;2.1802
23130;46.4079;1.8120
27300;49.0700;0.8168
2A031;41.9883;9.0489
2B079;42.4832;9.2654
30098;43.8845;4.0279
38325;45.2676;5.6962
40329;43.7783;-0.3566
52543;48.5070;4.9537
53238;48.3845;-1.0029
54137;49.4779;5.6904
54534;48.6894;5.7771
55102;49.1850;5.3383
55324;49.5006;5.3752
57739;49.3089;6.5075
59103;50.2276;3.9287
60650;49.2265;2.8507
64217;43.1919;-0.6421
68158;47.6168;7.2950
76334;49.7961;0.9697
76340;49.7257;0.7918
80436;49.7720;1.9519
89101;47.9775;3.7182
95270;49.1378;1.7801
10359;48.0520;3.9325
14016;49.2184;-0.0306
15124;45.2494;2.6450
16207;45.9098;0.0012
23137;46.0848;1.6423
34186;43.6139;3.3803
51152;49.1724;4.0456
52044;48.3296;5.2577
60498;49.4932;2.4185
62055;50.7978;2.0540
62207;50.4710;1.7675
62772;50.7592;2.2329
63187;46.1866;2.8334
67210;48.3962;7.4116
67314;48.4804;7.2102
76237;49.4757;0.8813
76588;49.6749;1.2880
79104;46.4780;-0.4096
80495;50.1635;2.3412
80545;49.7772;2.5059
81119;43.8198;2.2263
01436;46.3286;6.0306
03289;46.3831;3.5976
08039;49.4740;4.1207
11324;43.1662;2.7889
14465;49.2816;-0.7154
14737;48.8884;-0.2144
18187;46.5167;2.2263
22244;48.3058;-3.0086
24271;45.5151;0.8024
24486;45.5667;0.9580
25374;47.1860;5.8234
29070;47.9856;-4.3111
33026;44.4368;-0.3760
34185;43.7838;3.6963
36053;46.6565;1.1364
38260;45.7153;5.2700
38518;44.9086;6.0213
39520;47.0181;5.6398
42217;45.7864;3.8574
55094;49.1964;5.5975
59562;50.1317;3.9232
62754;50.2106;2.8785
64245;43.1919;-0.6421
70418;47.5460;5.8613
73170;45.6747;6.3695
76004;49.8714;1.0527
76030;49.8714;1.0527
76489;49.5106;0.3569
76686;49.7570;0.5238
89254;47.7205;3.2499
02308;50.0068;3.6946
12272;44.5379;2.0810
12297;44.2739;2.7608
16349;45.7158;-0.1843
17304;45.5959;-0.5045
38183;45.5535;5.5703
38277;45.0222;5.6567
47288;44.3000;0.7427
59587;50.8039;2.5781
60252;49.4932;2.4185
60493;49.5468;2.0291
67466;48.9935;7.9709
70563;47.6011;6.1559
71258;46.2282;4.7459
71559;46.3132;4.2805
89037;47.9724;3.3145
02001;49.5817;3.1917
02319;49.9674;3.4414
05109;44.9492;6.6604
07073;44.9913;4.6100
12156;44.6915;2.8164
16001;46.0339;0.7003
16131;46.0339;0.7003
17078;45.5959;-0.5045
21017;47.1117;4.9798
22019;48.5201;-2.9747
25598;47.3324;6.0368
26223;44.9670;5.2827
29285;48.5805;-4.1274
39305;47.0181;5.6398
43189;45.3161;3.8663
45073;48.0463;3.0178
47029;44.5448;0.9735
52386;48.6466;4.9122
54405;48.5368;5.9113
60118;49.5706;3.0378
60273;49.4815;2.8546
60625;49.5706;3.0378
61362;48.7041;-0.5236
67354;48.6255;7.4995
68212;47.4827;7.3052
74261;46.2253;6.4225
76698;49.7971;1.1220
79229;46.2588;-0.5575
82180;43.8709;0.9947
88435;48.3578;6.8346
89119;47.5245;3.4443
02009;49.7791;3.4434
03133;46.1154;3.1998
08408;49.8122;4.5255
12214;44.5816;2.9350
19105;45.1312;1.7100
21361;47.5246;5.0664
26093;44.3544;4.8046
28294;48.4174;1.7878
34251;43.7451;3.3468
39451;47.1361;5.6580
44058;47.7785;-1.4504
53176;48.4003;-0.6439
53203;47.8358;-0.4863
54393;48.4874;6.5870
57030;49.0359;6.0289
57578;49.0926;6.0226
63267;45.9229;3.6103
68197;47.6428;7.4261
71097;46.5408;5.1378
72282;48.3093;-0.0220
80094;49.7772;2.5059
80238;50.0227;2.6606
81133;43.8198;2.2263
88177;48.0852;6.7363
88508;48.1930;6.2184
02054;49.3180;3.5440
07174;45.2925;4.7458
07312;45.1098;4.7830
15250;45.3190;2.4929
17071;45.8685;-0.2970
22351;48.2721;-3.4605
24070;45.6404;0.6496
24196;45.3309;1.0822
27496;49.3746;1.4288
27538;49.2622;0.5896
2A048;42.0445;8.7467
33089;45.1614;-0.6351
45199;47.9446;2.9406
48043;44.6437;3.6805
51621;49.1199;4.8359
57033;48.7256;7.1543
57060;48.9138;6.8634
57392;48.9946;6.4127
62717;50.3777;2.3104
62845;50.6278;1.7505
63332;46.0104;3.3632
64064;43.1157;-0.6230
68103;47.6428;7.4261
72204;47.9301;0.7056
76201;49.5163;1.4814
80199;49.9092;2.9380
81255;43.6943;1.8037
87072;45.5947;1.4503
08212;49.8122;4.5255
11413;43.3064;2.3749
12092;44.0745;2.5189
17395;45.7222;-0.4962
22358;48.5849;-3.1473
32269;43.7656;0.8346
32378;43.6464;-0.1249
50004;49.1779;-1.0095
50474;48.5984;-0.8150
53253;47.8127;-1.0535
57319;48.9946;6.4127
60027;49.2265;2.8507
60126;49.6134;2.8596
60281;49.4441;2.6340
64091;43.2456;-0.2824
67524;48.9008;7.4721
71122;46.8900;4.7691
71237;47.0754;4.2773
72038;48.1855;0.6263
81014;43.6113;2.5332
85201;46.4860;-1.3821
89365;47.7194;2.9575
08115;49.6051;4.9263
08400;49.6517;4.7787
11325;43.0946;2.3432
12028;44.5948;2.2752
12246;44.5948;2.2752
16347;45.2720;0.0511
19081;45.3545;1.8910
21210;47.2483;4.5245
31550;42.9888;0.8129
37238;47.0649;1.0117
41042;47.2569;1.3408
47055;44.5381;0.6045
51102;49.3404;3.9587
51569;49.2504;3.9606
59229;50.0220;4.0438
60565;49.5501;2.2286
62151;50.2052;2.7629
62515;50.0847;2.8521
63459;46.0104;3.3632
80149;50.1191;1.8139
80654;50.1191;1.8139
89238;47.5372;3.6418
95271;49.0831;2.0263
01057;46.4317;4.9642
07297;44.9447;4.7265
22348;48.2947;-2.2830
30298;44.0718;3.9753
35320;48.2178;-2.0549
51546;49.1559;4.5429
51567;48.7343;4.6063
60483;49.5564;2.7315
65150;43.1396;0.4067
65335;43.0347;0.1428
67035;48.7373;7.7018
72064;47.8336;0.6915
76015;49.8335;0.8472
80173;49.9961;2.3435
09176;42.7696;1.7664
11126;43.1662;2.7889
12077;43.8787;3.1499
14603;48.9914;-0.4099
17428;45.8685;-0.2970
23068;46.1904;2.1007
24388;44.9453;0.9211
25050;47.0644;6.6102
25187;47.3948;6.7294
31045;43.0210;0.6439
37197;47.2194;0.2097
38280;44.9914;5.7414
41053;48.0018;0.8990
42148;45.7937;4.3291
62442;50.3777;2.3104
62580;50.3597;2.4626
63061;46.0185;3.2134
63155;45.6791;3.4814
67428;48.4532;7.3717
70101;47.3157;5.5958
72237;47.8851;-0.1248
77524;48.4788;3.1219
81005;43.4851;2.5226
87035;45.8514;1.5154
05126;44.4053;5.5315
09224;43.1552;1.4156
17214;45.7056;-0.8998
18219;47.3185;2.2094
24286;45.2571;0.5303
24410;45.5369;0.6442
27431;48.9289;0.6860
45014;48.1960;2.4368
46266;44.6197;1.9991
51358;48.7580;4.8347
57270;48.8147;6.7559
57720;49.2476;6.6319
62286;50.5605;2.4526
62661;50.3630;2.0044
71426;46.7093;4.6745
72361;47.9535;0.5516
78590;48.6725;1.9625
05098;44.5289;6.5355
05180;44.8095;6.5248
07286;44.8207;4.4791
14209;49.2816;-0.7154
14480;49.3177;-1.0550
17027;45.5959;-0.5045
17163;45.4260;-0.4052
25214;47.3948;6.7294
27489;49.0499;1.1747
28281;48.3277;1.2582
28362;48.4394;1.0466
30109;44.0513;4.1895
33098;44.6408;-0.2811
36182;46.4603;1.4262
39124;46.8352;5.5279
51119;49.0921;4.0082
62335;50.3763;2.1293
63422;45.5449;3.2477
68037;47.9789;7.3919
71242;46.5999;4.6268
72375;48.1855;0.6263
76054;49.9057;1.3140
76735;49.8666;0.7856
80268;50.0581;1.8863
80298;50.0173;2.8821
88159;48.2059;6.9566
89209;48.1607;3.0808
02197;49.9666;3.9113
10020;48.4800;3.5157
23087;46.3781;1.6991
31566;43.4015;1.7281
33451;44.9272;-0.2906
34221;43.6986;3.5705
36047;46.4603;1.4262
36150;46.4603;1.4262
39176;46.9334;5.7581
57066;48.8282;6.9772
57679;49.0669;6.6477
58155;47.1860;3.0747
59432;50.1534;3.1968
61097;48.4945;0.5865
67528;48.8530;7.1757
72295;48.3843;0.2877
72321;48.1041;-0.0315
80592;49.8385;1.7822
01415;45.8480;5.6195
02816;49.1936;3.5598
07100;44.4500;4.0742
15114;45.3181;2.7988
28246;48.3227;1.5067
41156;47.7125;1.4546
45139;48.1873;2.2537
45276;47.5591;2.6982
50443;48.5681;-1.4776
51293;49.3507;4.1591
53213;48.3845;-1.0029
54252;48.4693;6.2093
55150;48.5183;5.4976
57695;49.1842;6.4959
60037;49.5706;3.0378
61248;48.5245;-0.7540
67349;48.9439;7.8821
67436;48.3875;7.1481
67545;48.3535;7.5943
68353;47.6168;7.2950
71393;46.2115;4.0442
89153;47.8602;3.9618
89404;48.1970;3.2892
01357;46.1948;5.7148
02483;49.7791;3.4434
03034;46.3047;3.4530
24380;45.0218;0.1614
28234;48.3277;1.2582
2B223;42.4948;9.1656
41071;47.6522;1.6663
42084;45.7453;4.0081
53225;48.1953;-0.7960
57626;49.1986;6.3008
60220;49.4574;1.8983
63222;45.5536;3.0871
71332;46.5784;5.0043
76186;49.7548;1.6736
84146;44.2444;5.0525
88244;48.1658;6.8771
88497;48.3420;6.4424
95253;49.0802;1.9139
02659;49.8685;3.3018
03207;46.4660;3.7982
16261;45.8489;0.4052
24228;44.8500;0.7304
33305;44.4153;-0.2141
40062;43.9331;-0.5266
41063;47.2569;1.3408
42306;45.3345;4.4273
43049;45.1545;3.9463
53143;47.9627;-0.5836
54312;48.9082;6.0584
54548;48.5704;5.7716
55385;49.1165;5.1112
59223;50.1133;3.7395
60435;49.5631;1.8175
64214;43.2027;-0.8933
67069;48.9169;8.0948
68161;48.0591;7.2167
68357;47.6428;7.4261
70390;47.6011;6.1559
71155;46.6538;3.7693
71494;46.4475;4.8180
72098;47.6593;0.1519
73138;45.2555;6.3351
74046;45.8870;5.9437
78096;48.7270;1.6475
89388;47.9697;3.2305
02721;49.7791;3.4434
02757;49.8881;3.6413
10173;48.2056;4.1125
15029;44.6960;2.3632
16072;45.4909;0.0543
21531;47.3897;4.1445
25100;46.8661;6.1644
31448;43.5091;1.4746
31560;43.4015;1.7281
33166;45.0646;-0.1064
35052;48.1380;-1.1897
35295;48.1127;-2.0498
39338;47.0404;5.4006
41216;47.9130;1.2078
51416;48.9023;3.7817
53057;48.2989;-0.5119
54010;48.5704;5.7716
57169;48.7214;7.2286
59241;50.0518;3.9213
59259;50.2232;3.6852
60222;49.4380;2.2466
60348;49.5706;3.0378
62251;50.6792;1.8616
64106;43.3051;-1.0548
68169;47.4827;7.3052
68306;47.5481;7.1735
71388;46.5278;4.1929
71438;46.9860;4.4924
71460;46.4475;4.8180
73039;45.5473;5.6982
80519;49.7518;3.0187
87151;45.7006;1.4006
03072;46.4569;2.4075
08202;49.9158;4.5115
12277;44.8341;2.6766
14609;49.2816;-0.7154
17033;45.1692;-0.0733
18216;46.7848;2.1807
21285;47.1013;5.2597
24129;45.4036;0.7221
2A330;42.0417;8.9668
33239;44.2832;-0.2259
33502;45.1523;-0.4789
46023;44.3312;1.5737
57338;49.1232;7.3585
60344;49.4183;1.8059
65035;43.3759;0.0367
71570;46.8789;4.9340
72007;48.0020;0.4657
74223;46.1230;6.6005
77287;48.7633;3.3188
80282;50.0581;1.8863
80722;49.9553;2.0974
81285;44.0038;2.2774
83060;43.5813;6.0334
86104;46.1358;0.3964
95483;49.0802;1.9139
02405;49.8211;3.9145
03238;46.4644;2.9689
08198;49.3052;4.8792
08370;49.8122;4.5255
10158;48.1391;4.2390
16293;45.7776;0.5803
24417;45.3309;1.0822
24494;45.0218;0.1614
51264;48.8663;3.5945
57111;49.2138;6.1107
57197;49.0412;6.9247
57253;48.6914;6.9074
62105;50.7367;1.8148
64145;43.1417;-0.2429
71399;46.3132;4.2805
76395;49.8805;0.9528
76460;49.8828;1.5974
80808;50.2392;1.9183
91602;48.4939;2.1816
10396;48.2495;3.8367
12098;44.5757;2.6871
14576;49.0355;0.1271
29033;48.2520;-3.9568
33206;44.6904;-0.4436
34097;43.3496;2.6970
34118;43.7091;3.9132
35102;47.9292;-1.2368
38254;44.9593;5.7197
39422;46.7426;5.6286
41068;47.4244;1.6258
52512;48.4375;5.1425
57398;49.0096;6.7694
60242;49.5768;1.9657
63438;45.6791;3.4814
67215;48.7485;7.5653
68150;48.0226;7.2886
72324;48.3843;0.2877
73262;45.8256;6.5140
76573;49.4774;1.3133
80036;49.9016;2.5356
80328;50.0331;1.9640
86117;46.4017;0.8598
10332;48.2983;4.1549
27258;49.3652;0.3712
27568;48.9728;0.9211
28240;48.4394;1.0466
30292;44.1082;4.5334
37260;47.0141;0.3871
45099;48.0142;1.6697
50198;49.1045;-1.5682
54410;49.0258;5.9467
63463;45.8665;3.6818
65029;42.9460;-0.1636
65267;42.9460;-0.1636
77368;48.5897;3.2433
79286;46.6373;-0.5530
80004;50.0687;1.6499
80345;50.0687;1.6499
05075;44.5486;5.8936
16323;45.5978;0.4253
17201;46.2523;-0.8119
18008;46.9638;2.4408
41203;47.6799;1.2615
53208;48.4797;-0.2225
54288;48.7138;5.8731
60431;49.5706;3.0378
71092;46.6399;5.2217
74222;46.3413;6.5052
76220;49.9057;1.3140
80076;50.0653;1.7446
88176;48.0072;6.2536
04226;44.3555;6.6568
07184;44.7438;4.5654
10074;48.0520;3.9325
17210;45.4692;-0.6260
17325;45.4692;-0.6260
31101;43.5121;1.1587
37026;47.0649;1.0117
57700;49.3089;6.5075
58064;47.2832;3.2261
60003;49.5501;2.2286
63386;45.7042;2.8469
71024;46.2944;4.0641
73322;45.2495;6.7722
76122;49.7407;1.4648
77306;48.5739;2.6988
84115;44.1247;5.1071
87092;45.6750;0.7686
88464;48.1368;6.6273
02768;49.5132;3.4497
10299;48.5835;4.1609
23100;46.1904;2.1007
23143;46.2460;1.4962
25400;47.0882;6.1926
27393;49.3652;0.3712
28180;48.8653;1.4846
31360;42.7819;0.5640
34017;43.4730;3.5038
34080;43.5538;2.9220
38387;45.3270;5.3635
39042;47.0817;5.4765
40097;43.6362;-0.3982
40249;43.7488;-0.7202
59372;50.0669;3.3326
60021;49.5706;3.0378
60076;49.6701;1.7733
68074;47.4827;7.3052
77115;48.2431;2.8843
81203;43.8730;2.4749
85116;46.4860;-1.3821
95676;49.0828;1.7139
01434;45.9977;5.0216
11077;43.2164;2.6352
16160;45.4826;-0.1625
27374;48.9728;0.9211
28046;48.6383;0.8925
36191;47.0676;1.7967
45275;47.9446;2.9406
46317;44.7803;1.6965
51422;49.2281;3.8969
51598;48.7343;4.6063
53022;47.9627;-0.5836
60253;49.5501;2.2286
60425;49.5501;2.2286
61124;48.6912;-0.3983
73104;45.5319;5.7837
03113;46.0430;3.6956
21339;47.3545;4.8932
24217;44.9453;0.9211
24292;44.9374;0.1002
26103;44.3687;5.1923
32436;43.7656;0.8346
33462;44.8116;0.2092
36169;46.7523;1.9087
37149;47.6209;0.5682
39299;46.9509;5.4123
47237;44.4078;0.7120
50499;48.7536;-1.0774
62332;50.2219;2.6998
71396;46.8203;5.2172
74232;45.8039;6.1603
76506;49.6749;1.2880
77391;48.5897;3.2433
78349;48.5710;1.9638
80305;49.9236;2.2042
95348;49.0802;1.9139
02160;49.6857;4.0229
07194;44.6930;4.6834
07250;45.1563;4.6375
09229;42.9967;1.8678
16012;45.6120;-0.2698
16258;45.4909;0.0543
21517;47.1117;4.9798
21680;47.3192;5.3981
22286;48.5016;-2.5065
24272;44.9374;0.1002
27533;49.3150;1.7447
32448;43.7068;0.9678
41251;47.6084;2.0132
47045;44.1055;0.3898
50335;49.5258;-1.4865
57479;49.4173;6.4226
60070;49.4314;2.8085
60662;49.3553;2.0057
70079;47.7021;6.0529
77281;48.7888;3.0954
80144;49.7518;3.0187
81298;43.6943;1.8037
01116;45.7328;5.6572
03319;46.2575;3.1398
05173;44.2953;5.8168
07216;44.9913;4.6100
11393;43.1662;2.7889
17250;45.4692;-0.6260
21609;47.2253;5.2015
25091;47.2518;6.7872
26035;44.7390;5.0687
39047;46.5031;6.0229
39194;46.7588;5.4394
41028;47.9130;1.2078
47022;44.2354;0.4231
59048;50.1997;3.1983
61457;48.7505;0.6601
62463;50.5712;1.9180
62837;50.6841;2.0790
66082;42.5769;2.0852
72163;47.7963;-0.0561
76449;49.6612;1.1778
80078;50.1191;1.8139
21127;47.5246;5.0664
21227;47.3937;4.9552
25611;47.1990;6.0774
27307;49.2404;1.4152
48148;44.1717;3.8564
53117;47.9164;-0.7842
62644;50.6841;2.0790
71535;46.9659;4.3169
72317;48.3843;0.2877
80122;50.1635;2.3412
88322;48.2228;6.6981
89237;47.6119;3.7459
12111;44.4348;2.3175
31330;43.3507;1.4503
40214;43.5793;-0.9162
45037;48.2104;2.0603
47242;44.5448;0.9735
47328;44.4073;0.9808
51227;48.8713;4.4893
53053;48.2445;-0.3322
61098;48.5848;0.1537
62897;50.6841;2.0790
64241;43.1919;-0.6421
69104;46.2558;4.6751
70162;47.6011;6.1559
71591;46.4475;4.8180
80411;49.9016;2.5356
91247;48.4944;1.9962
11303;42.9737;2.0269
16007;46.0380;0.5350
18049;47.1579;2.8977
24336;44.8750;1.3527
25149;47.0722;5.8982
27389;49.1474;0.9580
27633;49.2105;1.5928
31238;43.1080;0.5860
33405;45.1614;-0.6351
37039;47.0649;1.0117
38456;44.7990;5.7655
50365;48.8970;-1.5246
54131;48.8815;6.2268
56245;48.1490;-3.0859
62298;50.2131;3.0738
64349;43.4860;-0.7527
70250;47.6775;6.5035
70255;47.5460;5.8613
70528;47.4450;5.5835
71392;46.7093;4.6745
77262;48.6367;3.3826
88246;48.3096;6.0977
01355;46.3162;4.9740
02572;49.4580;3.9681
02617;49.7146;3.5969
10070;48.1160;4.4309
18036;47.1276;2.0736
18189;47.2025;2.3768
27123;49.0198;1.3552
46293;44.8876;1.5053
47005;44.5995;0.3784
54008;48.5368;5.9113
57314;48.6839;6.9387
59405;50.1534;3.1968
62140;50.6841;2.0790
71227;46.6999;3.9452
76064;49.6375;0.2366
76477;49.5771;0.2280
76676;49.5163;1.4814
80834;50.0606;1.5186
86080;46.4312;0.1024
16416;45.7776;0.5803
19220;45.2304;1.8356
22042;48.7461;-3.2926
27623;49.1855;1.1391
46165;44.7803;1.6965
50467;49.4818;-1.3480
53031;48.1953;-0.7960
67120;48.3962;7.4116
71303;46.6399;5.2217
72111;48.1041;-0.0315
77274;49.0542;2.9132
03184;46.5705;3.2797
07036;45.2925;4.7458
09050;43.1248;1.6040
14240;48.9808;-0.0400
14286;49.3904;0.2417
17082;45.4260;-0.4052
25515;46.9030;6.3641
34187;43.5538;2.9220
50447;48.8042;-1.5302
60180;49.5063;2.0075
61189;48.7856;-0.2528
70353;47.3157;5.5958
71061;46.5784;5.0043
82030;44.0300;1.1182
84041;44.1292;5.2345
88340;48.3562;6.6454
11011;43.3064;2.3749
18137;46.9675;2.1484
21522;47.4135;5.3038
25033;47.3948;6.7294
29131;48.4992;-4.0931
40188;43.6285;-0.5937
41285;47.6522;1.6663
43043;45.1932;3.7087
54585;48.4627;6.3431
57309;49.3089;6.5075
57684;49.0096;6.7694
63199;45.5536;3.0871
70539;47.5460;5.8613
79190;46.6159;-0.4253
86107;46.3927;0.7264
88430;48.1820;5.8074
97211;14.8475;-61.1460
08469;49.6517;4.7787
19079;45.4534;1.5848
25605;47.1244;6.2691
28378;48.3163;0.8760
38417;45.3560;5.9182
51447;49.1184;4.3414
54378;49.4779;5.6904
59568;50.7167;2.4082
69212;45.8717;4.7018
71530;46.9860;4.4924
71552;46.6085;4.0143
72112;48.2679;0.2885
88341;48.2770;6.9444
89015;47.6119;3.7459
09056;43.1248;1.6040
12290;44.4875;2.2016
19234;45.2360;1.5519
21267;47.1699;4.9900
24460;45.2430;0.3402
27396;49.3580;1.4071
37005;47.0900;0.5995
39364;46.7557;5.9028
41287;47.7959;1.0852
42153;45.9509;4.2188
50580;49.5227;-1.7886
57244;48.7214;7.2286
62115;50.2552;2.6268
62285;50.2106;2.8785
63090;46.0185;3.2134
65070;43.0733;-0.0282
67139;48.6179;7.4214
76332;49.6189;1.5439
87133;46.1498;1.2729
88190;48.2939;6.3608
88243;48.3562;6.6454
02191;49.5539;3.5934
03205;46.2073;3.6605
11359;43.2886;1.8014
24448;45.3309;1.0822
25452;47.4028;6.8756
36215;46.9136;1.9462
37234;47.2139;0.9305
39232;46.5873;5.9433
39349;46.7426;5.6286
41250;47.7461;0.7846
42154;45.8328;4.1865
46189;44.7803;1.6965
48089;44.8984;3.3558
49107;47.5413;-0.3344
60386;49.5564;2.7315
61405;48.3722;0.7198
63246;45.5912;2.7549
67361;48.7373;7.7018
68336;47.6466;7.1067
69161;46.2388;4.4429
87160;46.2355;1.2174
90014;47.5262;7.0264
02326;49.4211;3.1801
02469;49.8881;3.6413
06016;44.1262;6.8455
11175;43.3333;1.9782
21162;47.1117;4.9798
29295;48.4526;-4.2228
31216;43.7314;1.5789
31501;43.6512;1.6466
33358;44.7209;-0.2227
37086;47.5288;0.3098
40240;43.7783;-0.3566
53026;48.0269;-0.9624
59537;50.2475;3.5298
60122;49.6701;1.7733
60669;49.3369;2.4817
63037;45.6535;3.7068
63249;45.7736;3.5814
71191;46.8342;4.6165
77353;48.2431;2.8843
05054;44.7017;6.0860
08264;49.3635;4.4330
14552;49.2816;-0.7154
16066;45.3371;-0.0749
19152;44.9960;1.8080
21349;47.1707;4.3011
26276;44.4553;5.0169
28161;48.2085;1.1533
31159;43.1080;0.5860
36172;46.6443;1.3813
37133;47.1616;1.2108
47003;44.5995;0.3784
51036;48.7150;3.7134
53071;48.4100;-0.8319
57322;49.3089;6.5075
59607;50.1880;3.5938
62113;50.3542;2.5746
62451;50.4735;2.2572
63353;45.4483;3.5745
67147;48.9316;7.7556
70055;47.7890;6.3571
70306;47.6775;6.5035
71193;46.6466;4.8496
73180;45.8305;5.8341
77011;48.1730;2.6493
81075;43.6265;2.1131
05084;44.5501;6.2567
05156;44.5289;6.5355
18117;47.4318;2.6580
19024;45.3933;1.3763
22149;48.2721;-2.8685
25071;47.4589;6.8806
27106;49.1267;0.4626
42001;45.4185;4.0729
43203;45.1458;4.1487
51428;49.1184;4.3414
57312;49.1842;6.4959
57365;49.4173;6.4226
60622;49.6664;1.9467
62611;50.2562;2.7778
64220;43.1919;-0.6421
64310;43.0758;-0.7251
67255;48.3397;7.2831
68259;47.4827;7.3052
85077;46.4860;-1.3821
88375;48.2318;7.0821
01112;46.1000;5.5423
04163;44.0486;5.6113
07300;44.4662;4.6372
12252;44.4589;1.9830
16123;45.7890;-0.0524
17130;45.3143;-0.4056
17145;45.5959;-0.5045
19236;45.3545;1.8910
27620;49.3519;0.5305
31024;43.3507;1.4503
42210;45.5337;4.6010
57025;49.3089;6.5075
58180;47.2109;4.0589
61126;48.5356;0.3516
63270;45.5449;3.2477
66095;42.5299;1.8824
68307;47.7995;6.9577
71220;46.5259;3.9437
77361;48.8616;2.9501
79175;46.1514;0.0823
79310;46.1222;-0.2637
89229;48.3049;3.2038
03273;46.2217;3.4472
05063;45.0604;6.2840
08001;49.4891;4.3377
09164;42.9874;1.3031
11021;42.7658;2.1667
17187;45.4260;-0.4052
28100;48.4965;1.4545
31317;43.3074;1.0431
34219;43.5538;2.9220
35063;48.2908;-1.3947
37013;47.4193;0.3123
41246;47.4833;1.3249
47289;44.1899;0.8174
59204;50.2475;3.5298
62248;50.1523;2.7931
64156;43.1541;-0.5067
64247;43.2027;-0.8933
65464;43.1625;0.1054
67075;49.0227;7.7684
68350;48.0226;7.2886
72012;48.2253;0.1020
73216;45.5967;6.4570
76132;49.6677;0.9084
89319;47.7652;3.6173
15085;44.8792;2.4907
19057;45.0557;1.6594
27002;48.7688;1.0544
36066;46.6565;1.1364
37019;46.9281;0.8485
57694;49.1174;6.2035
60288;49.5631;1.8175
60315;49.4574;1.8983
62144;50.2106;2.8785
66198;42.7269;2.4294
81211;43.8198;2.2263
81253;44.0038;2.2774
17141;45.7222;-0.4962
17446;45.8685;-0.2970
18186;47.1276;2.0736
21475;47.0296;5.1327
26287;44.6245;4.9462
33285;45.0625;-0.5573
33532;45.1008;-0.3571
42090;45.7937;4.3291
60039;49.6351;2.3029
76535;49.6189;1.5439
89351;47.5358;4.0960
05107;44.9492;6.6604
07020;44.5767;4.6363
11150;43.3926;2.2792
21334;47.1178;4.4806
26100;44.8733;5.0351
27076;49.0198;1.3552
27309;48.9046;1.2730
31372;43.0781;0.9595
33309;45.3178;-0.9215
34007;43.3496;2.6970
36062;46.4730;1.6590
38273;44.9382;5.8349
41200;47.7959;1.0852
43164;45.2403;3.9156
57252;49.1842;6.4959
57648;49.0970;6.3719
62317;50.2550;2.9681
62813;50.3777;2.3104
73173;45.2502;6.4133
76603;49.6526;0.3995
77150;49.0300;2.8082
83038;43.5744;6.4464
89446;47.4457;3.7642
95166;49.1378;1.7801
01040;46.3400;5.1330
03309;46.7204;2.9564
10263;48.2495;3.8367
12203;43.9484;3.0227
15147;44.8597;2.1840
15216;44.8098;2.9880
17034;45.5624;-0.8253
28426;48.2900;1.6836
29243;48.1891;-4.1243
30065;43.9770;4.1101
31051;43.4033;1.0988
41099;47.4244;1.6258
47325;44.4196;0.3191
58258;46.9269;3.2989
59213;50.1534;3.1968
59583;50.1133;3.7395
68199;47.8833;7.0390
70059;47.4344;6.0525
87121;46.1498;1.2729
88086;48.2228;6.6981
02094;49.0643;3.3913
18226;47.0878;2.5267
27353;49.0499;1.1747
27384;49.3652;0.3712
30196;44.1082;4.5334
31316;42.8954;0.7228
31339;43.6739;1.1697
33500;45.0625;-0.5573
60681;49.4574;1.8983
62212;50.3630;2.0044
74078;46.0202;5.9296
76500;49.8828;1.5974
76598;49.8828;1.5974
77414;48.5897;3.2433
80809;49.9470;1.7540
95055;49.1142;2.3984
12283;44.2739;2.7608
14682;49.2820;0.2287
16200;45.8752;0.1966
18237;47.1389;2.2339
25262;47.1343;6.5362
30144;43.8069;4.1014
33147;44.8154;-0.2027
39096;47.2159;5.5278
46313;44.9082;1.8494
47235;44.6188;0.4833
49100;47.2079;-0.2900
58213;47.4177;2.9976
59270;50.0896;3.8302
60228;49.2430;1.8875
63031;45.4492;3.3416
64202;43.3051;-1.0548
64302;43.1417;-0.2429
65056;42.9460;-0.1636
67003;48.3397;7.2831
67076;48.3875;7.1481
70136;47.6011;6.1559
71477;46.6236;4.3737
73116;45.2555;6.3351
76166;49.7548;1.6736
76605;49.9046;0.9819
90046;47.5262;7.0264
01139;46.4430;5.1230
03183;46.4061;3.0963
10096;48.2495;3.8367
18245;46.5847;2.4973
27216;49.0499;1.1747
31097;43.5298;1.7752
36239;46.4603;1.4262
39310;46.8352;5.5279
39537;46.6552;5.5739
40255;43.8713;-0.2801
53195;48.1997;-0.6433
53251;47.8447;-0.9308
54426;48.7138;5.8731
57640;49.3089;6.5075
60093;49.5564;2.7315
60452;49.2082;2.0268
61269;48.8220;-0.4726
63288;45.9060;3.1230
64018;43.3051;-1.0548
68087;47.5440;7.3391
69098;45.6957;4.4488
72028;47.6976;0.4012
73273;45.8305;5.8341
76388;49.5851;0.5010
80500;49.9917;1.5957
89088;47.8527;3.3103
05124;44.5625;6.0687
14172;49.3401;-0.7718
23164;46.0141;2.4803
25097;47.5315;6.8535
28379;48.5762;1.5842
41107;47.6757;0.9717
45339;47.9909;2.4834
46046;44.5549;1.3289
59506;50.1807;3.5125
60145;49.3929;3.0040
60554;49.1331;2.9579
62631;50.2805;2.2855
63347;46.0185;3.2134
64006;42.9480;-0.5969
70491;47.5460;5.8613
71038;46.7997;4.3454
71241;46.7976;4.7275
72294;48.3093;-0.0220
73202;45.6747;6.3695
81010;43.9056;2.3529
91560;48.6746;2.1678
02788;49.6765;3.3923
07095;44.9913;4.6100
17063;46.1164;-0.7269
17365;45.1883;-0.1834
18105;47.0880;2.7343
24582;45.4036;0.7221
27026;49.2105;1.5928
27101;49.3519;0.5305
28343;48.6497;1.5083
2A198;42.2552;8.7336
31071;43.3057;1.2139
40101;43.6179;-0.9945
41273;47.8185;1.2816
43257;45.0731;3.7282
51513;48.5970;4.6425
53063;47.8199;-0.7037
63094;45.9806;2.6955
64462;43.4772;-0.9610
76188;49.6612;1.1778
02527;49.4211;3.1801
04084;43.9535;6.2318
05115;44.4605;6.2196
25615;47.4028;6.8756
27388;49.4325;0.4989
27646;49.3652;0.3712
30072;43.9622;4.2750
30181;43.8845;4.0279
37082;47.4193;0.3123
42315;45.6418;4.2506
43188;45.2102;3.5526
47112;44.4196;0.3191
50321;49.1200;-1.0889
54125;48.4831;6.6644
54272;48.7138;5.8731
56230;47.8192;-2.1439
59542;50.1872;3.8532
60123;49.5501;2.2286
62029;50.5173;2.4329
62336;50.5540;2.2741
68033;47.5765;7.2541
80571;49.7772;2.5059
80695;50.0173;2.8821
88175;48.2228;6.6981
89432;48.1364;3.5279
05142;44.8037;6.1443
08119;49.6866;4.8806
09258;43.0413;1.6293
15004;45.0331;3.1188
19192;45.1426;1.8597
31109;43.2381;0.8756
35248;48.5413;-1.5736
38452;45.3657;4.8683
53091;48.4739;-0.9584
53111;48.4003;-0.6439
72087;47.9301;0.7056
74259;46.0441;6.1064
80806;50.3005;1.6843
84058;43.8258;5.3211
86187;46.5477;0.6875
87017;46.1044;1.0435
88401;48.3247;5.8676
02201;49.2731;3.1234
07087;44.6420;4.2368
07211;44.3435;4.2066
14062;49.2889;-0.3978
15228;44.9868;2.1919
22205;48.5018;-2.2265
25126;47.0722;5.8982
33197;44.5871;-0.4188
40175;43.7783;-0.3566
50266;48.9112;-1.3215
51545;48.7267;4.3040
52327;48.6466;4.9122
55520;48.6676;5.5894
56210;48.0574;-3.3592
59140;50.1002;3.3686
60081;49.4380;2.2466
60136;49.6664;1.9467
63205;45.6408;3.3010
63318;45.9530;2.9682
67521;48.9008;7.4721
71580;46.6399;5.2217
76071;49.9057;1.3140
81190;43.9056;2.3529
86025;46.5635;0.8867
88173;48.3747;6.2660
04113;44.1915;6.3963
10210;48.3963;4.1370
21469;47.3918;5.1164
25486;46.8057;6.2814
27606;49.3519;0.5305
28401;48.4394;1.0466
37269;47.0649;1.0117
38203;45.0662;5.8468
45312;47.9535;2.6969
51450;49.1724;4.0456
55013;49.3404;5.6285
57352;49.0926;6.0226
67415;48.9008;7.4721
73145;45.5319;5.7837
86047;46.8283;0.3305
91544;48.3609;2.1249
01319;46.0767;4.8996
05068;44.4746;6.0712
08156;49.8443;4.3958
10240;48.2495;3.8367
16039;46.0169;0.2464
27454;49.4199;1.3696
28322;48.6934;1.0846
28370;48.2004;1.4336
37144;47.1546;0.2329
38228;45.4612;5.6299
42018;45.3733;4.6747
50196;49.6491;-1.2863
54469;49.1903;5.9729
60231;49.2265;2.8507
62415;50.3579;2.6783
63044;45.7171;3.3695
63240;46.0185;3.2134
67123;48.8437;7.6070
68358;48.0591;7.2167
79071;46.6764;-0.2202
80385;50.1191;1.8139
81228;43.8337;1.6970
86049;46.9988;0.1395
88231;48.2142;5.9735
02109;49.8211;3.9145
21542;47.1117;4.9798
22115;48.3587;-3.1633
22359;48.6138;-3.4715
25609;46.9030;6.3641
27394;49.2824;1.1142
31215;43.6512;1.6466
43030;45.1598;3.8152
45314;47.9621;2.1737
46101;44.6473;2.1330
51112;49.1724;4.0456
51529;49.2685;4.3106
53120;48.2445;-0.3322
55042;49.1850;5.3383
57069;49.2476;6.6319
57434;48.7177;6.7895
57530;49.1842;6.4959
58189;47.1860;3.0747
59274;50.0869;3.5816
62701;50.6358;2.3677
67413;48.9015;7.3290
71077;46.2944;4.0641
76063;49.6904;1.0289
77247;48.7633;3.3188
81177;43.6740;2.3018
85139;46.3637;-0.7291
02126;49.7487;4.1440
02330;49.8581;3.2138
10170;48.0053;4.4627
10179;48.1632;4.0206
21561;47.4842;4.8055
24019;45.1556;1.0569
27331;49.1419;1.5825
28120;48.6934;1.0846
31234;43.7515;1.0584
39489;46.8352;5.5279
50568;49.0681;-1.4630
51399;49.1199;4.8359
53190;48.3703;-0.4670
54096;49.4526;5.8952
57376;49.0415;7.2755
59448;50.9782;2.5573
60308;49.4441;2.6340
62257;50.5025;2.1152
64557;43.5232;-0.4426
73186;45.8256;6.5140
74196;46.0342;6.6184
80481;49.8237;2.8249
86296;46.3056;0.2456
87062;45.8514;1.5154
01016;46.4317;4.9642
08113;49.6447;4.2076
12065;44.1739;2.5475
12079;44.5757;2.6871
14646;48.8884;-0.2144
16387;45.7158;-0.1843
24189;44.8116;0.2092
25308;46.7616;6.3586
31567;43.5604;1.6591
33537;44.4368;-0.3760
42140;45.5094;4.0434
51149;48.8713;4.4893
51605;49.0992;3.8671
55015;48.6392;5.0939
57649;49.1986;6.3008
59200;50.8772;2.4274
60637;49.1504;3.0662
67048;48.8437;7.6070
67416;48.9935;7.9709
71143;46.4986;5.3085
76264;49.6428;0.8342
76654;49.6904;1.0289
86159;46.2499;0.6620
86241;46.9080;0.6258
87087;46.3221;1.1213
89405;47.6135;3.4456
05085;44.9492;6.6604
12150;44.3344;2.0080
21641;47.6439;4.3442
22096;48.5018;-2.2265
23048;45.9976;2.3290
24501;44.8666;0.0913
25079;46.8661;6.1644
25085;46.8661;6.1644
25469;47.5134;6.7287
27618;48.9728;0.9211
31076;43.1080;0.5860
32237;43.6691;0.7626
34263;43.7408;3.9985
34286;43.7451;3.3468
37061;46.8378;0.9322
38443;45.1571;5.3036
43026;45.1598;3.8152
57062;49.4546;6.2400
58094;47.5134;3.0868
59374;50.1317;3.9232
62308;50.7616;1.9321
66033;42.6000;2.7620
68228;47.9667;7.2759
71244;46.5784;5.0043
73122;45.5905;5.7703
76344;49.7548;1.6736
77062;48.8817;2.7026
79084;46.2814;0.0312
80050;49.8538;2.2270
80795;50.0231;2.0846
86189;46.2607;0.5096
88267;48.1086;6.0777
02833;49.8908;4.1075
09061;43.1379;1.3127
21508;47.3545;4.8932
27202;49.2436;1.2750
32365;43.3835;0.5907
34064;43.8418;3.4169
34308;43.5956;3.1551
37075;47.2139;0.9305
37162;47.0649;1.0117
42226;45.8328;4.1865
50506;49.0681;-1.4630
51656;49.0294;4.1667
54156;48.3910;6.0978
55296;48.7770;5.1703
58096;46.8005;3.4767
61240;48.5848;0.1537
62120;50.4256;2.5474
63411;45.5449;3.2477
64178;43.3303;-0.7874
70309;47.4967;6.2428
71079;46.4986;5.3085
74027;45.8719;6.3330
78245;48.9658;1.6466
80227;49.7720;1.9519
02139;49.5817;3.1917
24246;44.9031;0.3446
26251;44.5517;4.9465
28190;48.1266;1.6821
33060;44.5338;-0.2659
33546;44.8803;-0.1545
36131;46.5948;1.5730
50624;49.0681;-1.4630
53061;48.4289;-0.3424
58251;47.4177;2.9976
61224;48.4709;0.0798
63365;45.6791;3.4814
77091;48.7336;2.8554
77472;48.8662;3.2761
80814;49.8050;2.6838
88273;48.1845;6.4853
89173;47.7205;3.2499
09082;42.9874;1.3031
21269;47.1835;5.3733
24080;44.6784;0.8997
24371;45.1300;0.5415
24566;44.8500;0.7304
26052;44.5517;4.9465
29082;48.7451;-4.0140
36184;46.6174;2.0384
37199;47.1271;0.4421
38525;45.6400;5.3810
45084;47.8858;2.5139
49370;47.2534;-0.0966
50243;49.0681;-1.4630
57389;49.0096;6.7694
59059;50.1251;3.4322
61130;48.5537;0.4662
62125;50.8301;1.7103
62651;50.3597;2.4626
68281;47.8952;7.4965
70331;47.4450;5.5835
76333;49.8828;1.5974
77473;48.2431;2.8843
81295;43.8198;2.2263
84077;44.1247;5.1071
30071;43.9770;4.1101
30248;43.9622;4.2750
36094;46.5287;1.1959
42039;45.6983;3.8249
43071;45.3161;3.8663
43170;45.2693;3.3650
48050;44.2654;3.6125
61202;48.4709;0.0798
62564;50.6358;2.3677
64058;43.1417;-0.2429
64231;43.2027;-0.8933
67403;48.8437;7.6070
71433;46.3132;4.2805
74049;46.0305;6.4123
76060;49.6189;1.5439
80366;50.0227;2.6606
88108;48.0072;6.2536
89150;47.7556;3.4265
01146;46.1331;4.9986
02020;49.8908;4.1075
11408;43.0946;2.3432
12210;44.2133;2.0219
14111;49.1830;-0.6348
16104;46.0169;0.2464
18144;47.3016;2.8088
21131;47.0296;5.1327
24338;44.8500;0.7304
26001;44.7766;5.3514
26032;44.8733;5.0351
30024;43.9709;3.5790
38163;45.3351;6.1077
48155;44.2217;3.8102
50238;49.5227;-1.7886
54597;48.4693;6.2093
57305;49.3593;5.9917
59513;50.3188;3.1236
60331;49.3415;1.8240
69138;45.6957;4.4488
73020;45.6779;6.0887
73293;45.6156;5.9977
81217;44.0175;1.7816
85023;46.5446;-1.2156
02423;49.5102;3.3401
10336;48.3538;4.0002
17125;45.9472;-0.4881
27156;48.8419;0.7041
27206;48.8037;1.1940
31391;43.0781;0.9595
33331;44.5793;-0.0315
45121;47.8081;2.8627
46053;44.6197;1.9991
67133;48.8530;7.1757
76120;49.5595;1.3516
81067;43.9344;2.0310
86037;46.4460;1.0603
11284;43.3333;1.9782
11308;43.2815;2.1944
12104;44.4589;1.9830
14173;49.0750;-0.0576
18253;47.1890;2.5992
22316;48.3058;-3.0086
29018;48.3712;-3.7883
31304;43.5298;1.7752
34060;43.7838;3.6963
41020;47.7461;0.7846
45111;48.1873;2.2537
47278;44.6787;0.2325
50542;48.7536;-1.0774
54154;48.4610;6.7642
62405;50.2944;2.9115
67071;48.8530;7.1757
70227;47.8637;6.5904
72105;48.0902;0.7636
72193;48.0902;0.7636
76298;49.7369;0.3976
76508;49.6375;0.2366
76665;49.9057;1.3140
77298;48.4788;3.1219
84045;44.2444;5.0525
91547;48.4944;1.9962
14231;49.1716;0.0767
14648;49.1310;0.2591
15244;45.1198;2.8364
24155;44.9759;0.5487
25425;47.0644;6.6102
2A324;42.0698;9.0166
33034;45.0646;-0.1064
35007;48.2553;-1.6163
38567;45.1312;5.8522
43246;45.2878;4.0125
51088;49.3404;3.9587
51557;48.7343;4.6063
65425;43.3759;0.0367
74290;46.0257;6.9003
77507;48.4108;3.2992
80303;50.3005;1.6843
84046;44.1292;5.2345
85287;46.6729;-0.8669
89060;48.0863;3.3016
14336;49.1830;-0.6348
19130;45.5327;2.1256
27295;49.0110;0.5310
2A212;42.2261;8.6289
36050;46.8582;1.4060
38257;45.4430;5.4017
40090;43.6226;-0.8307
52306;48.2459;5.3811
62660;50.2944;2.9115
67235;48.8646;8.0807
70236;47.7821;6.0966
70313;47.6775;6.5035
70517;47.6011;6.1559
71509;46.9659;4.3169
72281;48.1973;0.4291
76492;49.8805;0.9528
77500;48.2431;2.8843
87139;46.1044;1.0435
89137;47.8602;3.9618
12050;44.2739;2.7608
14353;49.0707;-0.6488
14367;49.2420;-0.9556
14555;49.2820;0.2287
21013;47.2782;4.7991
24086;44.7743;1.2133
27446;48.9728;0.9211
27650;49.0048;1.0647
28304;48.2900;1.6836
31219;43.2026;1.2352
33025;44.7209;-0.2227
40218;44.0239;0.0326
42027;45.8653;3.9897
47171;44.3000;0.7427
50199;48.7284;-1.4599
53012;47.8447;-0.9308
58103;47.4363;3.6063
62538;50.3762;1.8536
68335;48.2363;7.3319
76209;49.4839;1.6393
76699;49.7257;0.7918
81200;43.5606;2.0205
86127;46.9074;0.4136
89471;48.1364;3.5279
02653;48.9876;3.2783
15036;45.2470;2.3376
18019;47.1890;2.5992
19196;45.2879;1.3971
19242;45.2879;1.3971
25191;47.4766;6.7673
27203;49.0198;1.3552
27336;49.0940;1.4053
27483;49.1855;1.1391
33055;45.3178;-0.9215
36143;46.6174;2.0384
45176;48.0647;2.3962
60620;49.3441;2.1588
62145;50.2550;2.9681
63385;45.8468;2.8445
64365;43.5232;-0.4426
65236;43.0733;-0.0282
67312;48.7485;7.5653
69124;46.1512;4.5700
70318;47.6775;6.5035
71326;46.8995;5.2574
82140;44.1184;1.2987
84075;44.0412;5.2312
87104;45.7223;1.7775
89007;47.5245;3.4443
89380;48.1607;3.0808
03117;46.6099;3.0191
12049;44.5572;2.5811
23180;45.9608;2.1890
25032;47.3534;6.3679
27012;49.3498;1.3307
27040;49.0700;0.8168
27608;49.1002;0.5976
38166;45.4376;5.9891
42335;45.6128;4.4028
53212;47.9627;-0.5836
61028;48.7856;-0.2528
62866;50.3891;1.6689
64314;43.3051;-1.0548
64488;43.3830;-0.2320
68073;47.7995;6.9577
70283;47.8264;6.7166
71042;46.5999;4.6268
73223;45.2495;6.7722
76033;49.6526;0.3995
76261;49.6189;1.5439
77387;48.2431;2.8843
78559;48.9416;1.5544
87188;45.7952;1.1143
12091;44.4011;2.1585
14364;49.1830;-0.6348
17042;45.8271;-0.4669
17188;45.8685;-0.2970
18012;47.1579;2.8977
19043;45.1545;1.6031
23033;46.1634;1.8617
23052;46.1634;1.8617
24355;44.7743;1.2133
33319;44.8028;0.0747
35089;47.8914;-1.5882
36211;46.7523;1.9087
38266;44.9593;5.7197
51194;49.2287;3.7632
51272;48.9240;4.8314
51334;48.7343;4.6063
57527;48.9870;6.2104
59518;50.2232;3.6852
60558;49.6134;2.8596
84049;44.1504;5.0233
88120;48.2318;7.0821
08494;49.7361;4.9588
16067;45.7401;0.3777
22319;48.7116;-3.4694
31473;43.7562;1.2342
39028;46.8404;5.6855
45022;48.0647;2.3962
46160;44.7779;2.0809
48194;44.3629;3.8114
54523;48.5368;5.9113
60664;49.6351;2.3029
70216;47.7890;6.3571
76021;49.6526;0.3995
78561;48.7176;2.0503
81258;43.7194;2.1291
88418;48.3562;6.6454
14563;49.2820;0.2287
15243;45.2494;2.6450
18234;46.5167;2.2263
22305;48.3196;-2.1406
29063;48.0455;-4.6319
32094;43.7608;-0.0566
36126;46.4666;1.8337
65005;43.1625;0.1054
72330;47.6593;0.1519
76325;49.6428;0.8342
79047;46.8218;-0.1365
88084;48.3747;6.2660
89341;47.7905;3.7907
08209;49.6517;4.7787
15055;45.0331;3.1188
17124;46.0720;-0.5378
17239;45.8685;-0.2970
24038;45.3702;0.3694
27379;49.3313;1.5942
28301;48.4965;1.4545
30111;44.0258;4.4117
32120;43.7068;0.9678
33421;44.8154;-0.2027
36068;47.1964;1.6976
38083;45.8231;5.3749
38235;45.0222;5.6567
39099;47.0404;5.4006
39290;46.3647;5.5594
40254;43.5734;-1.1103
41189;47.5039;1.1673
46193;44.7803;1.6965
57619;48.9918;7.4158
57734;48.5927;7.1037
65185;43.2894;-0.0373
65280;43.0733;-0.0282
67537;49.0227;7.7684
71423;46.9192;5.0173
73289;45.4524;6.1665
76527;49.7548;1.6736
79105;46.5341;-0.0691
81149;43.8337;1.6970
07282;44.7646;4.2361
11214;43.0486;2.1802
17289;45.6644;-0.6608
17366;45.1692;-0.0733
24319;45.3490;0.6146
27261;49.2357;0.9352
31280;43.2026;1.2352
38086;45.2139;5.4122
39404;46.6552;5.5739
39448;46.9509;5.4123
49121;47.2079;-0.2900
50078;49.2382;-1.5359
57329;49.1842;6.4959
67273;48.9015;7.3290
72229;48.1741;-0.1309
76210;49.8421;1.2420
80782;49.9961;2.3435
02220;49.1936;3.5598
02781;49.0643;3.3913
04203;44.3210;6.3290
18248;46.9638;2.4408
21294;47.1117;4.9798
22091;48.6535;-3.3087
22146;48.2419;-3.3106
23077;45.7675;1.9770
24549;44.7790;0.3900
26368;44.6445;5.2635
28123;48.2085;1.1533
30232;44.1082;4.5334
31489;43.7314;1.5789
47309;44.4801;0.5085
56216;47.6324;-2.1775
62586;50.2552;2.6268
62759;50.6792;1.8616
63110;45.7810;2.7471
66072;42.4384;2.0681
70376;47.4450;5.5835
70383;47.4344;6.0525
76311;49.5940;0.9502
77194;48.3779;2.9643
79102;46.8867;-0.2810
80342;49.8530;2.6934
88313;48.3420;6.4424
89230;47.9900;3.4003
03223;46.2073;3.6605
17134;45.8646;-0.6574
24094;45.0320;0.7357
26193;44.1743;5.4665
28409;48.3277;1.2582
39251;46.6552;5.5739
40270;43.6362;-0.3982
43045;45.0563;3.8645
45277;47.7248;2.3712
46296;44.4587;1.2657
50046;49.1141;-0.9656
57492;49.2629;6.0314
60146;49.6351;2.3029
63465;45.4286;3.8818
64280;43.0837;-0.4059
64476;43.2946;-1.1827
73057;45.4539;6.5692
73201;45.4507;6.7270
78147;49.0329;1.5419
80458;49.9016;2.5356
88412;48.3562;6.6454
89180;48.1607;3.0808
89199;47.6888;3.5467
90095;47.5262;7.0264
02673;49.4211;3.1801
06028;43.7771;6.7642
11336;42.9737;2.0269
22342;48.4277;-2.2014
24280;44.6784;0.8997
27210;49.0700;0.8168
27557;49.1002;0.5976
30067;44.0258;4.4117
31126;43.7515;1.0584
31425;43.2049;1.0659
33189;44.6952;-0.0877
34297;43.7951;3.8692
49009;47.1403;-0.1327
50038;48.8091;-1.4036
59001;50.2255;3.1948
59049;50.0472;3.2050
61365;48.5356;0.3516
63082;46.0656;3.0064
65363;43.1396;0.4067
73061;45.6747;6.3695
80110;50.1558;1.6160
07332;44.5767;4.6363
11386;43.0809;2.5915
12129;44.0865;2.7014
18243;47.4579;2.8296
27135;49.1474;0.9580
27522;49.2622;0.5896
30192;43.8845;4.0279
33016;44.9990;-0.3983
33367;44.5992;-0.1937
40085;44.1864;-0.9434
50232;49.1154;-1.2554
53237;48.4003;-0.6439
54020;48.6421;6.3587
57188;49.0414;7.5069
58168;46.8176;3.9556
59652;50.2734;3.3180
60257;49.2430;1.8875
61386;48.7988;0.4886
64051;43.3051;-1.0548
65455;43.0399;0.4803
76075;49.7971;1.1220
76154;49.8828;1.5974
16182;45.9796;0.8382
30158;44.0513;4.1895
31515;43.8088;1.3993
34315;43.5651;3.5508
49302;47.1403;-0.1327
50389;49.0159;-1.3169
59468;50.2232;3.6852
60576;49.4574;1.8983
81109;43.7194;2.1291
87067;46.1128;1.3801
88142;48.1761;6.3456
89395;48.2460;3.5190
02282;49.5688;3.7297
02569;50.0068;3.6946
10238;48.2444;4.4801
16121;45.6817;0.0128
17148;45.7619;-0.7171
24361;44.8599;0.5968
25323;47.3003;6.2275
27224;49.1474;0.9580
28031;48.2966;1.0090
32239;43.9634;0.6069
39328;46.4404;5.7191
51446;48.7343;4.6063
56191;47.8148;-2.3324
57714;49.0811;6.5483
60295;49.6664;1.9467
60634;49.5501;2.2286
62781;50.2131;3.0738
70498;47.7708;6.6059
76316;49.4774;1.3133
78188;49.0329;1.5419
80426;49.9016;2.5356
81040;43.7194;2.1291
07083;44.8234;4.6514
07307;44.5629;4.2173
12004;44.5948;2.2752
14394;49.0219;-0.2319
17305;45.3143;-0.4056
18286;47.0880;2.7343
19041;45.2304;1.8356
24211;45.0344;0.3444
26315;44.9366;5.4223
36152;47.0476;1.9851
39535;46.8404;5.6855
40109;43.6032;-0.7344
42006;45.3920;3.9490
42192;45.4185;4.0729
67186;48.9316;7.7556
70024;47.4450;5.5835
70393;47.4220;5.8319
73276;45.5008;6.0585
77038;48.5351;2.6073
77144;48.7336;2.8554
84101;43.9898;5.0884
89034;47.7905;3.7907
12153;44.0485;2.9200
14649;48.8884;-0.2144
16060;45.7599;-0.3461
18089;46.5847;2.4973
25477;47.1649;5.8964
25557;47.3324;6.0368
27601;49.4325;0.4989
30013;43.9587;4.5435
39246;47.2211;5.6850
50036;49.2869;-1.2654
50130;48.8293;-1.2184
59102;50.1562;3.3584
61141;48.4709;0.0798
62124;50.4710;1.7675
63043;46.0656;3.0064
65392;43.1625;0.1054
67113;48.9169;8.0948
70472;47.7821;6.0966
71514;46.7475;5.2539
76110;49.6137;0.7501
78548;48.6725;1.9625
86171;46.2499;0.6620
89035;48.0403;3.6306
02481;49.8507;3.3825
08214;49.9975;4.7285
12135;44.2133;2.0219
14391;49.2816;-0.7154
22328;48.4068;-3.4339
34075;43.3496;2.6970
39429;46.9509;5.4123
41036;47.6084;2.0132
50008;48.8339;-1.5330
50112;48.7246;-1.1858
55461;49.3427;5.4337
60105;49.5706;3.0378
60177;49.4441;2.6340
60232;49.5636;2.5505
65390;43.3759;0.0367
66064;42.5101;2.0189
66085;42.5366;2.4058
67307;48.8437;7.6070
71414;46.9659;4.3169
72034;48.3895;0.1686
76734;49.6375;0.2366
80766;50.0734;2.5120
86072;46.7433;0.7101
95061;49.0654;2.2420
03237;46.2575;3.1398
03288;46.3595;2.4478
12170;44.5379;2.0810
15089;44.7321;2.4780
22128;48.2721;-3.4605
25008;47.5357;6.6689
27130;49.0110;0.5310
32389;43.4788;0.4383
39453;46.4123;5.7904
44121;47.6419;-1.2247
50093;49.1154;-1.2554
54045;48.5376;6.3927
62081;50.2131;3.0738
64444;43.1417;-0.2429
69058;46.1852;4.6559
70163;47.6011;6.1559
80609;50.1342;1.9757
85207;46.3691;-1.2549
89053;47.8596;3.4564
89335;47.9900;3.4003
01104;46.1339;5.8126
10031;48.4800;3.5157
10379;48.5835;4.1609
28128;48.4570;1.2308
28256;48.0751;1.3674
33257;44.8154;-0.2027
38093;45.3053;5.2131
39051;47.2159;5.5278
51093;49.0028;3.9238
54593;49.0258;5.9467
65243;43.5049;0.0069
73235;45.3260;6.2616
73315;45.5328;6.2081
74285;46.0065;5.8383
90051;47.5714;6.9356
02608;49.8211;3.9145
03208;46.3490;3.8344
21089;47.0296;5.1327
21342;47.1013;5.2597
21487;47.2253;5.2015
23140;45.9608;2.1890
24485;45.4312;0.9255
29064;48.6454;-4.3461
31262;43.4015;1.7281
43028;45.1458;4.1487
46065;44.9555;1.6903
55279;49.5012;5.1835
59341;50.0777;3.2566
72323;48.3093;-0.0220
90080;47.6681;6.9888
95102;49.1531;1.9923
02070;49.8881;3.6413
11195;43.3333;1.9782
12047;44.4167;3.0704
15148;45.0110;2.8990
16380;45.3787;-0.2012
23070;46.3628;1.5393
24443;45.0533;1.1586
26257;44.5517;4.9465
27529;49.2357;0.9352
32305;43.7608;-0.0566
35291;48.5421;-1.7195
39218;47.1361;5.6580
39398;47.2211;5.6850
46058;44.9555;1.6903
47249;44.2354;0.4231
51298;49.0741;3.7149
52497;48.5070;4.9537
53067;47.9617;-0.3931
54402;49.2643;5.8940
59232;50.3077;3.8084
60595;49.4932;2.4185
68380;47.4827;7.3052
72044;47.7963;-0.0561
76230;49.5163;1.4814
76251;49.7257;0.7918
76480;49.7753;0.6404
79254;46.2343;-0.6556
80615;50.0227;2.6606
03049;46.3298;3.2717
06132;43.9800;7.5259
10066;48.2495;3.8367
12298;44.5572;2.5811
18209;46.7360;2.4965
19214;45.1481;2.1059
21492;47.0134;4.7951
27239;49.0110;0.5310
27285;49.0961;1.5672
28219;48.2966;1.0090
28395;48.3163;0.8760
31296;43.1506;0.9020
31558;43.5298;1.7752
33163;44.7209;-0.2227
35071;48.3600;-1.1890
38063;45.4430;5.4017
41260;47.6522;1.6663
42227;45.7003;3.8911
50569;49.0159;-1.3169
50590;48.8091;-1.4036
54091;48.9082;6.0584
54296;48.7450;6.3640
55111;48.9104;5.5708
55476;48.7770;5.1703
63451;45.7042;2.8469
67341;48.9316;7.7556
67391;48.6856;7.3662
68275;47.7995;6.9577
71101;46.8995;5.2574
73004;45.6779;6.0887
76174;49.5940;0.9502
07131;44.6053;4.4022
14620;49.2820;0.2287
16144;45.9098;0.0012
22016;48.8509;-3.0015
28068;48.4965;1.4545
28282;48.3277;1.2582
31436;43.3074;1.0431
35103;47.8326;-1.3053
42016;46.1273;4.1068
51289;48.7580;4.8347
57110;49.3089;6.5075
60091;49.1331;2.9579
63443;45.9061;3.2350
64207;43.1859;-0.5437
76113;49.5595;1.3516
79009;46.2343;-0.6556
91098;48.3976;2.1970
01372;45.8480;5.6195
02631;49.5817;3.1917
03091;46.3047;3.4530
09085;42.8802;0.9760
09125;42.8999;1.8267
12226;44.6558;2.5816
23211;45.9608;2.1890
24519;45.4018;1.1801
39008;47.1361;5.6580
40069;43.6285;-0.5937
45047;48.1873;2.2537
45255;48.0833;2.6011
46062;44.4587;1.2657
54330;48.5875;6.2635
63382;46.0656;3.0064
64112;43.4860;-0.7527
70045;47.3218;5.7884
71589;46.6538;3.7693
72333;48.0513;0.6297
76317;49.6526;0.3995
85269;46.3637;-0.7291
88184;48.2228;6.6981
88386;48.2770;6.9444
15053;45.1501;3.0136
16317;45.9098;0.0012
19161;45.2237;1.3144
19181;45.4300;1.8401
24158;45.4018;1.1801
27577;49.4325;0.4989
36157;46.7205;1.5430
38346;45.4922;5.1350
39348;46.6552;5.5739
40151;43.8530;-0.7905
41072;47.7959;1.0852
42151;45.6194;4.0612
48056;44.4596;3.3409
55012;48.9104;5.5708
60507;49.5706;3.0378
62104;50.7367;1.8148
63073;45.5536;3.0871
64352;43.2728;-0.1852
68344;47.8799;6.9269
70107;47.4344;6.0525
70220;47.4450;5.5835
71086;46.4335;4.2963
73099;45.4524;6.1665
80655;49.9484;1.9286
88526;48.2318;7.0821
89313;47.9697;3.2305
89472;47.7205;3.2499
90090;47.5262;7.0264
02140;49.5817;3.1917
02492;49.7146;3.5969
17191;45.6644;-0.6608
22217;48.5214;-3.5257
27354;49.1474;0.9580
31070;43.2618;0.6826
37004;47.1546;0.2329
37259;46.8378;0.9322
43108;45.3161;3.8663
55498;49.0265;5.3023
57627;49.0970;6.3719
65292;43.2894;-0.0373
89105;47.9903;3.5106
02347;49.0643;3.3913
06036;43.8073;7.4779
17085;45.9652;-0.8347
17364;45.5124;-0.3366
21189;47.0296;5.1327
21190;46.9857;4.7542
22300;48.2721;-2.8685
29014;48.5311;-3.6119
37078;47.0872;0.7995
38460;45.4612;5.6299
40070;43.7783;-0.3566
43123;45.3430;3.3029
45239;47.8346;2.6798
57079;49.3089;6.5075
57357;48.9891;6.9817
59111;50.8772;2.4274
59304;50.5444;2.9810
60413;49.1190;2.6961
62909;50.0913;2.9826
70076;47.4220;5.8319
73327;45.8305;5.8341
76142;49.4839;1.6393
76669;49.6526;0.3995
79126;46.1718;-0.4607
80130;49.8727;2.0689
80701;49.9092;2.9380
85235;46.5617;-1.0316
01141;45.7328;5.6572
02257;49.8079;3.2409
02541;49.4580;3.9681
03225;46.4569;2.4075
08281;49.6542;5.1922
12238;44.2547;2.9419
18156;47.1890;2.5992
24241;45.1556;1.0569
26298;45.1997;5.0997
29142;48.2520;-3.9568
32045;43.4788;0.4383
36148;46.6443;1.3813
40105;44.0932;-0.5728
47262;44.0949;0.6927
51580;49.1185;4.1971
54006;48.7569;6.2779
58122;47.3141;3.0188
62052;50.8301;1.7103
64524;43.4696;-0.1198
65296;43.5049;0.0069
65482;43.0399;0.4803
68049;47.4827;7.3052
68102;47.8604;7.0429
71329;46.8995;5.2574
73207;45.4524;6.1665
79316;46.3758;-0.0928
05113;44.5625;6.0687
07063;45.0569;4.7787
08137;49.7815;4.6589
10222;48.1890;3.7434
12268;44.5838;2.4644
21643;47.1835;5.3733
22068;48.2721;-2.8685
22112;48.6429;-3.0124
27436;48.9728;0.9211
28365;48.3277;1.2582
28385;48.4394;1.0466
33390;44.8383;-0.0395
38364;45.0662;5.8468
39011;46.9509;5.4123
39093;47.0181;5.6398
45157;48.1873;2.2537
50060;48.8293;-1.2184
51468;49.2281;3.8969
51610;49.1199;4.8359
55272;48.8463;4.9967
60090;49.2430;1.8875
60365;49.6179;2.0953
61448;48.3722;0.7198
62220;50.3630;2.0044
64209;43.1859;-0.5437
64286;43.4860;-0.7527
71538;46.6882;5.1007
71571;46.4917;4.4322
74029;46.0065;5.8383
74199;46.3015;6.3206
87108;46.1126;0.8967
01358;45.7328;5.6572
03251;46.6099;3.0191
07061;44.4494;4.3253
07270;44.5767;4.6363
14449;49.0707;-0.6488
24193;44.7790;0.3900
24379;44.7571;0.7862
28118;48.6497;1.5083
38153;45.2140;5.6237
38413;44.9382;5.8349
42028;45.3043;4.5495
57239;49.0096;6.7694
60495;49.4932;2.4185
62653;50.7598;1.6624
62829;50.0847;2.8521
67203;48.7373;7.7018
74195;46.0202;5.9296
76133;49.8335;0.8472
82152;44.0300;1.1182
89030;47.6638;3.6805
90063;47.5262;7.0264
90070;47.4797;6.9259
02081;49.5817;3.1917
07327;44.5629;4.2173
09299;42.7993;1.2327
12292;43.9346;2.8483
14149;49.0750;-0.0576
17129;45.3143;-0.4056
24021;45.2509;1.1449
27553;49.1558;1.3062
38128;44.8108;5.9229
40026;43.7483;-0.5556
41006;47.8835;1.4868
47152;44.5381;0.6045
48025;44.8172;3.2692
50538;49.1141;-0.9656
54380;48.5985;5.8544
55165;49.3482;5.1985
57200;49.0970;6.3719
57570;49.2476;6.6319
62192;50.2103;2.9767
67493;48.3397;7.2831
68192;47.6466;7.1067
71483;46.3132;4.2805
72066;48.1041;-0.0315
72077;47.6976;0.4012
77466;48.7979;2.9027
79258;46.9728;-0.1699
81096;43.9056;2.3529
88241;48.3247;5.8676
88285;48.2142;5.9735
02313;49.8881;3.6413
10372;48.2425;4.7115
11181;43.3333;1.9782
17160;45.5624;-0.8253
21130;47.2253;5.2015
23151;46.1028;2.2260
25030;47.2664;5.8304
26016;44.3687;5.1923
28194;48.4174;1.7878
28351;48.5968;1.2694
32335;43.7656;0.8346
34068;43.4542;3.4258
38354;45.5317;5.6544
40081;43.9331;-0.5266
41066;47.7125;1.4546
45064;47.5591;2.6982
46073;44.3819;1.7702
47062;44.2690;0.8675
53098;47.8986;-1.1039
53240;47.8127;-1.0535
62676;50.6358;2.3677
63274;45.7042;2.8469
67117;48.7358;7.3547
68244;48.0226;7.2886
70579;47.6009;6.6927
78366;48.7796;1.7946
01017;45.9329;5.4692
02474;49.6403;3.2963
04206;43.9527;5.7868
11439;43.2815;2.1944
17268;46.0200;-0.3370
2A040;42.0888;9.0708
32231;43.7476;0.2632
33087;44.5793;-0.0315
37009;47.5924;0.8925
45027;47.9909;2.4834
46340;44.4542;1.4651
50042;48.5681;-1.4776
54583;48.6917;6.0067
57190;49.0811;6.5483
59406;50.1872;3.8532
60011;49.6134;2.8596
63290;45.8468;2.8445
70493;47.4344;6.0525
71011;46.2944;4.0641
71095;46.3132;4.2805
76160;49.6137;0.7501
80017;49.9092;2.9380
81150;43.6943;1.8037
85248;46.5617;-1.0316
89353;48.0323;3.2061
02815;49.8123;3.1325
17108;45.4260;-0.4052
2B355;42.5324;9.4210
31323;43.1080;0.5860
31491;43.4596;1.8786
36134;46.4603;1.4262
37046;47.1616;1.2108
40076;43.7483;-0.5556
46284;44.9082;1.8494
49209;47.6620;-0.2693
50478;49.5258;-1.4865
54235;48.4908;6.0695
56264;48.0574;-3.3592
57196;49.1232;7.3585
58269;46.9863;3.4452
62639;50.3570;2.8302
64253;43.3303;-0.7874
67111;48.8530;7.1757
67508;48.9548;7.1976
71214;46.5999;4.6268
76759;49.3727;0.9482
78300;48.8921;1.6742
87012;46.1044;1.0435
89205;47.9421;3.8475
89416;47.5879;3.2448
02005;49.4580;3.9681
08097;49.3760;4.6848
10314;48.4952;4.3181
17320;45.9652;-0.8347
18079;47.3016;2.8088
21170;47.0093;4.8835
22257;48.7461;-3.2926
30215;44.2639;4.3358
57264;49.0412;6.9247
60675;49.4989;2.7461
61044;48.8220;-0.4726
61221;48.7672;-0.5540
62086;50.2103;2.5395
63194;45.8178;3.3999
63403;45.5536;3.0871
70460;47.8585;6.4868
76469;49.5163;1.4814
80248;50.2392;1.9183
81326;43.9344;2.0310
90005;47.7547;6.8332
17332;45.4692;-0.6260
21001;47.1117;4.9798
23114;46.2179;2.3902
24076;44.9453;0.9211
36156;46.4858;2.0825
41281;47.6799;1.2615
50491;49.1779;-1.0095
51232;49.2685;4.3106
59567;50.1534;3.1968
60421;49.1907;2.6251
60511;49.5706;3.0378
63154;45.7171;3.3695
63177;45.6408;3.3010
64208;43.3830;-0.2320
66089;42.5986;2.5162
79269;46.4824;-0.5483
89468;48.0323;3.2061
01011;46.2469;5.6523
05011;44.5501;6.2567
08055;49.5754;5.0575
09210;42.9515;1.5808
14534;49.2820;0.2287
17406;45.7056;-0.8998
18076;46.7613;2.6677
18176;47.1890;2.5992
19279;45.2879;1.3971
31153;43.2049;1.0659
34335;43.5956;3.1551
35044;48.5421;-1.7195
47320;44.2891;0.2601
51238;48.9023;3.7817
54212;49.4669;5.5580
60127;49.6134;2.8596
62432;50.7616;1.9321
79070;46.4780;-0.4096
84040;44.2444;5.0525
88250;48.1006;6.5725
04075;44.2004;5.9040
07305;44.4500;4.0742
08476;49.4740;4.1207
16096;45.7776;0.5803
17430;45.3705;-0.5998
18268;46.8351;2.3602
21112;47.0296;5.1327
21474;47.0296;5.1327
24544;44.9544;1.0753
27004;49.0198;1.3552
2A323;41.9751;8.7751
30337;44.0258;4.4117
33475;45.0625;-0.5573
50108;48.6305;-1.3132
71408;46.2096;4.2438
76124;49.4839;1.6393
77328;48.2952;2.5428
78185;48.8921;1.6742
80780;50.1558;1.6160
04022;43.9662;6.3676
08232;49.7361;4.9588
11089;43.2815;2.1944
12282;43.9484;3.0227
14021;49.3341;-0.6461
16031;46.0169;0.2464
18155;46.8298;2.8972
22037;48.4068;-3.4339
27205;49.3498;1.3307
27667;49.1002;0.5976
28235;48.7778;1.5096
2B167;42.4880;8.8157
35268;47.7981;-1.9715
37165;47.2507;0.4731
51478;48.6466;4.9122
55401;48.9104;5.5708
63005;45.4504;3.1969
63118;45.8787;2.6221
65077;42.9460;-0.1636
78475;48.8501;1.6779
81293;43.9169;1.6238
07329;44.5629;4.2173
10037;48.2495;3.8367
12045;44.2886;2.4291
15005;45.0331;3.1188
17220;45.5959;-0.5045
22057;48.6429;-3.0124
24168;44.7422;0.6032
38272;45.1571;5.3036
39006;46.9201;5.9041
40251;43.5480;-1.3174
41115;47.9130;1.2078
47274;44.1899;0.8174
50019;48.5681;-1.4776
51199;49.0992;3.8671
53059;48.1479;-0.5292
54476;49.4669;5.5580
55049;48.7770;5.1703
57114;48.7784;7.1592
60203;49.2265;2.8507
60429;49.2166;2.2800
65168;42.8310;0.0357
71198;46.6261;5.3508
71293;46.5408;5.1378
76300;49.6977;0.2545
76666;49.6189;1.5439
76723;49.6904;1.0289
77245;48.4465;2.9911
77278;48.7888;3.0954
21409;47.1117;4.9798
28353;48.2004;1.4336
39121;47.1361;5.6580
42068;46.0312;4.2306
45038;48.1873;2.2537
49064;47.6290;-0.7330
54037;48.5875;6.2635
60226;49.0926;2.7510
76290;49.5862;1.1495
88147;48.1761;6.3456
02133;49.6393;3.8348
02470;49.8908;4.1075
17026;45.8271;-0.4669
17378;45.2421;-0.2906
19188;45.3469;1.5146
21413;47.4845;4.3373
23240;46.3478;2.2251
25075;46.8661;6.1644
27120;48.9728;0.9211
27427;48.8419;0.7041
42112;46.0940;4.2484
43186;44.9734;4.1396
46074;44.9555;1.6903
46082;44.3312;1.5737
54081;49.4160;5.7406
54160;48.8064;5.9249
57431;49.0970;6.3719
57462;48.7890;7.2224
58036;47.5134;3.0868
58309;46.9309;3.9665
59125;50.1420;3.1601
59538;50.8267;2.2562
60521;49.6701;1.7733
62089;50.8301;1.7103
73237;45.5044;6.3048
76065;49.6704;1.6061
77360;48.7378;3.0113
80518;49.9470;1.7540
89129;47.5245;3.4443
01335;46.0917;5.1480
02416;49.8211;3.9145
08125;49.7815;4.6589
14103;49.2420;-0.9556
16303;45.4826;-0.1625
18069;46.7360;2.4965
22072;48.4762;-3.2243
22267;48.2947;-2.2830
22274;48.3802;-1.9979
22366;48.6314;-3.6040
24012;44.9881;1.3326
26284;44.4372;4.8611
27231;49.0198;1.3552
27661;49.3596;0.8321
2B354;42.1547;9.1311
33356;44.9272;-0.2906
33515;44.7209;-0.2227
39129;46.5873;5.9433
39137;46.3647;5.5594
40018;43.8530;-0.7905
40259;43.8713;-0.2801
40260;43.7282;-0.8473
46335;44.4542;1.4651
47114;44.4066;0.0844
47314;44.3849;0.8443
50454;49.5227;-1.7886
54335;48.6799;6.5536
59521;50.1997;3.1983
60008;49.4052;2.4292
60278;49.6646;3.0328
61107;48.5604;-0.1273
62782;50.2131;3.0738
63325;45.7314;3.2171
64460;43.1919;-0.6421
67337;48.3522;7.4616
68245;47.6168;7.2950
69035;46.2558;4.6751
76406;49.7369;0.3976
78505;48.8501;1.6779
80390;49.7189;2.3729
86265;46.9074;0.4136
02291;49.9653;3.2544
03234;46.4502;3.4394
10392;48.4916;3.9335
18090;47.0880;2.7343
19050;45.0557;1.6594
19056;45.2414;2.0102
27669;49.3763;0.7043
28230;48.4174;1.7878
32064;43.8574;0.1017
33468;44.8383;-0.0395
39503;46.7557;5.9028
41282;47.3812;1.7661
42280;45.3345;4.4273
46024;44.9082;1.8494
49219;47.2331;0.0335
50270;49.5258;-1.4865
53139;48.3269;-0.2436
57142;49.1174;6.2035
60004;49.5768;1.9657
60019;49.4989;2.7461
61182;48.4830;-0.0377
61501;48.4407;0.8319
62071;50.4768;2.3789
62392;50.2106;2.8785
64398;43.3625;-0.0459
68046;47.7995;6.9577
76626;49.5497;0.6877
07314;44.8957;4.6151
08436;49.9158;4.5115
16360;45.4826;-0.1625
17342;45.4692;-0.6260
19076;45.4534;1.5848
21572;47.1835;5.3733
24077;44.9759;0.5487
24153;45.1194;1.2979
24523;44.7790;0.3900
33346;44.5793;-0.0315
33551;45.0625;-0.5573
35305;48.0150;-2.1072
38137;45.2703;5.5088
41038;47.2793;1.8548
45342;48.0809;2.0575
47151;44.6787;0.2325
50120;48.8892;-1.4424
51622;49.2281;3.8969
52076;48.0490;4.8864
52156;48.4375;5.1425
54309;48.4693;6.2093
55494;48.6392;5.0939
62203;50.8633;1.8559
62439;50.8070;1.8319
62689;50.2219;2.6998
63077;45.5628;2.8948
67002;48.8530;7.1757
67446;48.9008;7.4721
67456;48.9453;7.0590
68050;47.6466;7.1067
72152;48.2253;0.1020
79250;46.8867;-0.2810
85149;46.3816;-1.0656
86197;46.9988;0.1395
87042;45.8514;1.5154
88281;48.1930;6.2184
89359;48.2460;3.5190
01225;46.0870;4.7961
07232;44.6411;3.9709
07278;44.8234;4.6514
08235;49.7465;4.8136
22023;48.4068;-3.4339
27148;49.0110;0.5310
41103;47.6757;0.9717
50079;49.4933;-1.6133
57071;48.8282;6.9772
60250;49.4272;2.0848
63237;45.8787;2.6221
64516;43.3830;-0.2320
68107;47.6466;7.1067
71285;46.4917;4.4322
73210;45.5366;5.9992
76370;49.5940;0.9502
76493;49.7753;0.6404
77331;48.9602;3.2195
89440;48.0323;3.2061
08445;49.6866;4.8806
10342;48.1632;4.0206
10423;48.2444;4.4801
11146;43.2183;2.4917
16116;45.4826;-0.1625
16421;45.6792;0.5080
19145;45.4147;2.0299
21698;47.1117;4.9798
24095;45.4312;0.9255
25322;47.5134;6.7287
25427;47.2664;5.8304
26344;44.7390;5.0687
27189;48.9728;0.9211
27361;49.3652;0.3712
29301;48.5805;-4.1274
31099;43.3306;1.6295
36198;46.8582;1.4060
39559;47.0181;5.6398
40263;43.7282;-0.8473
40298;43.6285;-0.5937
47017;44.3849;0.8443
49011;47.1403;-0.1327
50607;48.8293;-1.2184
51032;48.5867;3.7574
52308;48.1347;4.8622
57016;49.3089;6.5075
58126;46.9061;3.1215
59394;50.0846;3.4650
65315;43.2183;0.5039
66132;42.3896;2.0137
68085;47.6466;7.1067
76019;49.7971;1.1220
76194;49.7291;0.3032
76386;49.7570;0.5238
76413;49.8770;1.1406
88076;48.2228;6.6981
02329;49.6040;3.5190
10148;48.4800;3.5157
16218;45.7599;-0.3461
19096;45.2304;1.8356
27465;49.0198;1.3552
28397;48.4174;1.7878
29222;48.1891;-4.1243
36089;46.7523;1.9087
46271;44.8464;1.9089
53169;48.1336;-0.9809
58293;46.8005;3.4767
60036;49.4441;2.6340
61321;48.4709;0.0798
71369;46.8900;4.7691
73220;45.5044;6.3048
76304;49.6526;0.3995
80405;49.8342;2.3995
82065;44.1429;0.9367
02454;49.4580;3.9681
02822;49.2731;3.1234
11355;43.0486;2.1802
18249;47.3016;2.8088
19078;45.3469;1.5146
21691;47.1117;4.9798
32417;43.8484;0.6403
33244;44.4153;-0.2141
42128;45.9116;4.3046
43036;45.1598;3.8152
43056;45.0667;3.4902
46108;44.6197;1.9991
47092;44.0949;0.6927
54266;48.4908;6.0695
56099;48.0755;-3.2380
62092;50.2642;2.4781
62692;50.7616;1.9321
76059;49.8828;1.5974
80242;49.7772;2.5059
84063;44.2941;4.6780
85206;46.4860;-1.3821
89145;47.4457;3.7642
03010;46.4826;2.6565
18285;46.9642;2.2445
21642;47.4940;4.1911
22045;48.4126;-2.9253
24165;45.0218;0.1614
27317;49.3763;0.7043
2A351;41.9751;8.7751
40078;43.7488;-0.7202
42276;45.9518;3.7748
43138;45.1932;3.7087
52102;47.8592;5.2713
52421;48.0957;5.1365
62500;50.5605;2.4526
64498;43.1417;-0.2429
67505;48.2804;7.3634
68054;47.6331;7.4819
82191;44.1880;1.8804
89162;48.3049;3.2038
02621;49.4878;3.6830
04124;43.7795;6.0824
10166;48.4916;3.9335
15252;45.0490;2.6165
18016;47.1890;2.5992
23208;46.1634;1.8617
24162;45.2732;0.8916
29100;48.5614;-4.3236
36117;46.5948;1.5730
37100;47.3096;1.0414
37125;47.0141;0.3871
50496;48.7284;-1.4599
60660;49.3415;1.8240
61102;48.6630;-0.5468
62341;50.1496;2.6216
66166;42.5209;2.2559
68216;47.5481;7.1735
68280;48.2363;7.3319
70083;47.8605;6.2465
76038;49.5862;1.1495
76244;49.7407;1.4648
77443;48.8616;2.9501
81303;44.0068;2.4100
88438;48.3160;6.8483
91556;48.4201;2.0444
03011;46.6592;3.2606
09301;42.8797;1.3469
11372;43.3064;2.3749
17329;45.9140;-1.0353
18208;47.4579;2.8296
23073;46.0141;2.4803
31371;43.4596;1.8786
33116;44.4153;-0.2141
35232;48.2437;-1.1789
40040;43.9280;-0.9159
42167;45.4392;4.6915
45233;48.1960;2.4368
46006;44.7442;1.4111
54155;48.6799;6.5536
61241;48.4407;0.8319
62363;50.3542;2.5746
63028;45.4877;2.6185
71290;46.4607;4.6276
77093;48.7633;3.3188
81263;44.0807;1.9336
82151;44.3360;0.9985
02289;48.9734;3.3869
03056;46.1385;3.5187
03135;46.1429;3.0387
03227;46.1767;3.3256
04073;44.3555;6.6568
07230;44.6053;4.4022
08242;49.8989;4.7905
12240;44.5948;2.2752
17011;45.8646;-0.6574
22314;48.1856;-2.7622
27535;48.9728;0.9211
50426;49.4011;-1.5526
50570;48.5294;-0.9418
52072;48.0957;5.1365
58092;47.1123;3.4820
59469;50.7161;2.5350
60148;49.1416;2.8329
71240;46.4607;4.6276
72356;47.6976;0.4012
76350;49.3774;0.9479
80377;50.1635;2.3412
95523;49.0867;1.6444
02472;49.5127;3.8334
03047;46.2667;2.7905
10015;48.3963;4.1370
10249;48.2596;4.2496
12276;44.1851;2.3373
14084;49.0067;-0.6820
16165;45.7158;-0.1843
16208;45.7890;-0.0524
16270;45.8762;0.7258
23090;45.7675;1.9770
25440;47.0026;6.3101
27109;49.0700;0.8168
31124;43.1506;0.9020
31513;43.1698;0.5481
35153;48.5841;-1.8399
39072;46.9201;5.9041
43206;45.2693;3.3650
51375;49.1724;4.0456
54199;48.4831;6.6644
55477;48.6392;5.0939
57476;49.3105;6.3588
60516;49.4183;1.8059
64046;43.2946;-1.1827
67165;48.4804;7.2102
69001;45.9115;4.4132
70041;47.4450;5.5835
70044;47.6011;6.1559
76228;49.6428;0.8342
79106;46.0797;-0.0776
80290;50.2392;1.9183
81034;43.5860;2.3789
81055;43.4431;2.0782
81077;43.8730;2.4749
81100;43.5606;2.0205
85237;46.5977;-0.8756
01296;46.3890;5.3034
03149;46.3298;3.2717
09283;42.6879;1.8646
14528;49.2820;0.2287
22322;48.4509;-3.0949
24018;45.0533;1.1586
24040;44.8621;1.0657
27153;49.3313;1.5942
36013;46.9845;1.6365
38074;45.2139;5.4122
38552;44.9763;5.7933
39271;46.5873;5.9433
39561;46.4404;5.7191
47178;44.5305;0.8182
50371;48.6563;-0.9349
50549;48.8892;-1.4424
54139;48.6421;6.3587
54376;48.8078;6.2608
55316;49.3427;5.4337
57214;49.4546;6.2400
59575;50.2475;3.5298
60588;49.6664;1.9467
64261;43.1541;-0.5067
65021;42.9460;-0.1636
72100;47.7963;-0.0561
74004;45.7925;6.0390
76213;49.6526;0.3995
76299;49.7570;0.5238
76461;49.6749;1.2880
76688;49.7570;0.5238
80148;49.9917;1.5957
84011;43.9898;5.0884
01050;46.3162;4.9740
02022;49.1936;3.5598
03268;46.1154;3.1998
14627;48.8884;-0.2144
17442;45.5624;-0.8253
27476;49.3519;0.5305
28200;48.5730;1.0576
2A284;41.7771;8.9514
36221;46.6174;2.0384
39049;46.8404;5.6855
46016;44.9554;1.5693
51181;49.3054;3.8330
53204;48.4797;-0.2225
56224;47.8148;-2.3324
62306;50.1523;2.7931
63473;45.9060;3.1230
67217;48.4904;7.6751
68092;47.4827;7.3052
76516;49.7407;1.4648
81175;43.9169;1.6238
82022;44.2460;1.0029
02280;49.0643;3.3913
10187;48.1160;4.4309
11013;43.1662;2.7889
16285;45.4895;0.2971
24107;45.4036;0.7221
24159;45.1753;0.1894
26215;44.5105;5.3781
2B121;42.3904;8.7596
38360;45.1571;5.3036
40190;43.6285;-0.5937
47067;44.1899;0.8174
47135;44.4351;0.4564
53010;48.1713;-0.3710
56082;47.9732;-2.5848
74036;45.8619;6.2169
76229;49.4839;1.6393
77163;49.0542;2.9132
80474;49.8237;2.8249
89133;47.9697;3.2305
02548;50.0068;3.6946
04126;44.3210;6.3290
08230;49.7815;4.6589
15087;44.7321;2.4780
22111;48.8388;-3.1407
27310;49.3313;1.5942
32261;43.5137;0.9477
32262;43.6005;1.0782
33408;44.7741;-0.3449
35230;48.4830;-1.1863
40022;43.6362;-0.3982
42329;45.3043;4.5495
43034;45.3161;3.8663
43221;44.9274;3.6300
51249;49.0741;3.7149
57125;49.2286;6.2489
62703;50.2550;2.9681
65240;43.5049;0.0069
70039;47.4220;5.8319
71546;46.3368;4.5283
87198;46.0208;1.2045
06041;43.7673;6.9485
15028;44.8792;2.4907
16069;45.8752;0.1966
18044;47.1276;2.0736
19106;45.2860;2.1593
26314;45.2134;4.9675
26322;44.4553;5.0169
31220;43.3306;1.6295
33345;44.6539;0.0759
39029;47.0386;5.3340
39391;46.7775;6.0809
42241;45.9031;4.1301
45265;48.0888;2.8658
47230;44.5305;0.8182
51076;49.0992;3.8671
53221;48.1713;-0.3710
54046;48.5368;5.9113
57085;49.1842;6.4959
70119;47.3218;5.7884
80044;50.1635;2.3412
81309;44.0175;1.7816
85056;46.5617;-1.0316
86136;46.1593;0.2769
02261;49.7146;3.5969
02453;49.3989;3.7382
14088;48.9529;-0.2542
14182;49.1056;-0.7815
14698;49.1833;-0.2245
31569;43.4556;1.9979
33299;44.6408;-0.2811
33414;44.9990;-0.3983
35205;48.4201;-1.5646
39220;47.1361;5.6580
39402;47.2211;5.6850
41166;47.4203;1.4396
47033;44.5381;0.6045
53259;47.8297;-1.1708
58298;47.1860;3.0747
60163;49.6351;2.3029
60418;49.4441;2.6340
60469;49.2850;2.2441
63242;45.4504;3.1969
71274;46.6466;4.8496
73027;45.5905;5.7703
76683;49.8335;0.8472
86108;46.7882;0.1512
89220;47.6325;3.0472
02013;49.4580;3.9681
03291;46.3831;3.5976
05071;44.4208;5.9576
10256;48.3963;4.1370
12230;44.0745;2.5189
14522;49.0355;0.1271
17165;45.9472;-0.4881
27140;49.0198;1.3552
27658;49.1474;0.9580
30240;44.0513;4.1895
32110;43.8809;0.2468
33491;44.6539;0.0759
47123;44.5305;0.8182
50115;48.8091;-1.4036
61011;48.7672;-0.5540
62267;50.5971;2.0997
62853;50.6792;1.8616
63023;45.6302;3.5682
65004;42.9460;-0.1636
67530;48.7485;7.5653
80623;49.6644;2.5930
90067;47.6681;6.9888
08303;49.3760;4.6848
14306;49.2687;-0.1985
39481;46.7557;5.9028
39525;46.9509;5.4123
41289;47.8835;1.4868
42325;45.9031;4.1301
45131;48.1960;2.4368
45301;48.0809;2.0575
51184;48.7343;4.6063
53172;47.9164;-0.7842
57726;48.9946;6.4127
59116;50.2907;3.6847
59625;50.0657;3.1314
62780;50.2131;3.0738
70315;47.8605;6.2465
80710;49.9470;1.7540
86295;46.1593;0.2769
88059;48.1658;6.8771
88122;48.1930;6.2184
89200;47.9170;3.5936
02185;49.0973;3.1992
02457;49.6393;3.8348
07023;44.4494;4.3253
08048;49.4891;4.3377
11064;43.1662;2.7889
14163;49.1191;-0.1595
19187;45.2879;1.3971
21193;47.0296;5.1327
21404;47.5309;4.5262
23022;46.2997;2.0617
23069;45.8337;2.3493
24234;45.0344;0.3444
25479;47.4568;6.5762
26261;44.4372;4.8611
27430;49.3313;1.5942
27677;49.1474;0.9580
39088;46.6552;5.5739
39126;46.5873;5.9433
50613;49.6491;-1.2863
57715;48.9870;6.2104
59251;50.2232;3.6852
62147;50.2052;2.7629
64026;43.1182;-1.1799
78653;48.7796;1.7946
80119;49.8727;2.0689
81231;43.4851;2.5226
95341;49.0836;2.1070
01085;46.0917;5.1480
03059;46.2575;3.1398
07128;45.1122;4.5034
16170;45.3951;0.1233
17313;45.8271;-0.4669
17316;45.5124;-0.3366
18045;46.9117;2.6018
24510;44.8621;1.0657
27215;49.1474;0.9580
28072;48.3163;0.8760
32297;43.5137;0.9477
41245;47.7125;1.4546
54143;48.5368;5.9113
60050;49.3126;2.6006
67086;48.4189;7.6659
67319;48.8278;8.0354
67395;48.6856;7.3662
76112;49.7971;1.1220
79121;46.5341;-0.0691
87073;45.7952;0.9722
89397;47.8527;3.3103
95011;49.1291;1.6953
01197;46.2067;5.3861
03281;46.4061;3.0963
10328;48.3497;4.3203
11337;43.2164;2.6352
12221;44.5838;2.4644
18048;46.9399;2.9688
18261;46.7613;2.6677
23101;46.3347;1.8902
25229;47.0026;6.3101
27146;49.2429;0.4229
28106;48.0751;1.3674
30045;44.2983;4.0972
31401;43.4581;1.5834
32105;43.6005;1.0782
36033;46.5948;1.5730
39345;47.0817;5.4765
42063;45.9116;4.3046
47293;44.0949;0.6927
50537;49.0681;-1.4630
55504;48.7770;5.1703
57282;49.4546;6.2400
57656;48.9946;6.4127
62179;50.6792;1.8616
63390;46.0656;3.0064
71334;46.6127;4.2171
71430;46.7976;4.7275
72251;48.2679;0.2885
77023;49.0000;2.9184
78530;48.8921;1.6742
80202;49.9961;2.3435
91378;48.5236;2.2181
03039;46.5176;3.1740
03160;46.2217;3.4472
03233;46.2768;2.6613
10248;48.3018;3.9456
11436;42.9849;2.7968
14575;49.2831;0.0921
16316;45.6120;-0.2698
17424;45.3705;-0.5998
19058;45.5327;2.1256
21614;47.5246;5.0664
21667;47.5892;5.2274
22073;48.3058;-3.0086
24071;45.6404;0.6496
31314;43.1506;0.9020
32298;43.6691;0.7626
32388;43.6252;0.8822
33384;44.8803;-0.1545
39185;46.5636;5.4298
39241;46.6552;5.5739
39263;46.8404;5.6855
40017;43.7483;-0.5556
40334;43.6808;-1.0321
45288;48.0647;2.3962
50626;48.9112;-1.3215
52031;48.0490;4.8864
57345;49.3625;6.2749
60448;49.1504;3.0662
60683;49.1331;2.9579
61418;48.4945;0.5865
63136;45.6791;3.4814
66074;42.6388;2.3541
67352;48.8221;7.4333
70014;47.6775;6.5035
73026;45.2495;6.7722
76288;49.8421;1.2420
76387;49.6677;0.9084
77505;48.9379;2.9571
79225;46.5544;-0.1757
80102;49.9092;2.9380
80399;49.8727;2.0689
80400;49.8050;2.6838
86242;46.1358;0.3964
88238;48.1086;6.0777
89033;47.7556;3.4265
89327;48.0863;3.3016
91519;48.4944;1.9962
02431;49.6403;3.2963
04104;43.9527;5.7868
04106;43.9432;5.9685
07315;44.6420;4.2368
16397;45.9098;0.0012
17440;45.9472;-0.4881
19001;45.5243;1.7835
21230;47.5246;5.0664
21564;47.1117;4.9798
22052;48.4068;-3.4339
24276;44.7790;0.3900
25019;47.4568;6.5762
27079;49.1002;0.5976
31471;42.8954;0.7228
54229;48.4831;6.6644
54466;48.7138;5.8731
57526;49.1232;7.3585
59282;50.8083;2.4648
60290;49.5501;2.2286
64362;43.3051;-1.0548
68030;47.8970;7.2239
68288;47.5765;7.2541
70506;47.6009;6.6927
71508;46.6882;5.1007
81254;44.0038;2.2774
87124;45.6517;1.2138
02697;49.5688;3.7297
02799;49.2129;3.3501
03119;46.6114;3.5787
04025;44.1743;6.6246
14211;48.9914;-0.4099
22293;48.6429;-3.0124
24395;44.7743;1.2133
26290;44.9366;5.4223
28222;48.3227;1.5067
2B074;42.2819;9.1230
35270;48.5413;-1.5736
39528;47.2159;5.5278
42209;45.8846;4.2526
45033;48.1960;2.4368
48030;44.5167;3.5174
51409;48.8713;4.4893
54588;48.5820;6.5353
55144;48.6841;5.3388
57741;49.1232;7.3585
62585;50.4710;1.7675
62632;50.5563;2.5675
77026;48.6367;3.3826
77052;48.5850;2.8965
82145;44.0612;1.5859
89256;47.6888;3.5467
89466;48.1970;3.2892
02824;49.4878;3.6830
03007;46.1959;2.6188
08498;49.7815;4.6589
09038;43.1379;1.3127
25070;47.0295;6.0801
25114;47.3300;6.8121
33531;44.8154;-0.2027
39081;46.8404;5.6855
39494;46.5873;5.9433
46010;44.4542;1.4651
53250;47.9578;-1.0948
54520;48.5820;6.5353
62385;50.2642;2.4781
63167;45.9060;3.1230
65078;42.9708;0.1669
67153;48.7485;7.5653
67398;48.1885;7.5677
70275;47.4344;6.0525
72286;47.9301;0.7056
73274;45.4460;5.8830
74228;46.0441;6.1064
76193;49.6612;1.1778
76417;49.6749;1.2880
78391;49.0329;1.5419
80704;49.9961;2.3435
81013;44.0038;2.2774
87091;45.6750;0.7686
05147;44.7017;6.0860
07169;45.1661;4.7754
08013;49.6051;4.9263
14344;49.1819;-0.1528
21094;47.5438;5.3881
32369;43.8064;0.0370
33418;44.5793;-0.0315
37112;47.4193;0.3123
45184;47.7248;2.3712
46214;44.4587;1.2657
51263;48.8663;3.5945
52163;47.9125;5.4592
60089;49.2430;1.8875
61209;48.5604;-0.1273
63297;45.7171;3.3695
64141;43.5419;-0.2263
66218;42.5299;1.8824
76010;49.6677;0.9084
79144;46.2556;-0.3657
80332;50.3005;1.6843
80572;50.0227;2.6606
81299;43.6537;1.9748
88161;48.1086;6.0777
89159;47.5102;3.8891
01448;46.1339;5.8126
10373;48.1632;4.0206
16009;46.0380;0.5350
16412;45.7971;0.2286
17205;45.9974;-0.9524
17432;45.3143;-0.4056
17454;45.3143;-0.4056
19075;45.2304;1.8356
21433;47.5438;5.3881
23263;46.3044;1.6821
24346;45.4036;0.7221
25120;47.0295;6.0801
27286;49.2341;0.5256
27481;48.7417;0.9087
27539;49.1220;1.3920
31013;43.1080;0.5860
32381;43.5936;0.6034
33375;44.8154;-0.2027
36022;46.5948;1.5730
38300;45.3939;5.2212
38326;44.9382;5.8349
39577;46.8352;5.5279
40208;43.7282;-0.8473
41279;47.7461;0.7846
47305;44.1899;0.8174
50263;48.5704;-1.0675
51059;48.7343;4.6063
52380;47.8592;5.2713
57711;48.9138;6.8634
58032;47.4642;3.4920
59635;50.1534;3.1968
60375;49.4052;2.4292
63157;45.7171;3.3695
68168;47.5444;7.4724
70439;47.6011;6.1559
73123;45.8256;6.5140
73302;45.4524;6.1665
76372;49.7548;1.6736
77525;49.0376;2.6801
78413;48.9416;1.5544
82077;44.1884;1.3388
01133;45.8544;5.7656
02051;49.0863;3.5709
02709;49.9674;3.4414
07014;45.0786;4.6382
08089;49.4368;4.9590
24005;44.8133;0.8859
24489;45.5667;0.9580
34208;43.5651;3.5508
36086;47.0115;1.4103
37252;47.4513;1.0208
39288;46.7426;5.6286
50473;49.1779;-1.0095
52175;48.4375;5.1425
53260;47.9164;-0.7842
57411;49.3593;5.9917
57577;49.0414;7.5069
59500;50.1153;3.1612
61146;48.6167;-0.6190
64211;43.2728;-0.1852
64344;43.2250;-0.0930
67467;48.8530;7.1757
68239;47.7995;6.9577
70128;47.7890;6.3571
72145;48.1741;-0.1309
73095;45.4524;6.1665
76581;49.5595;1.3516
79255;46.6764;-0.2202
80341;49.9553;2.0974
80754;49.8459;1.9103
86091;46.4312;0.1024
04081;43.7623;5.9164
09241;42.8458;1.5712
09269;42.9515;1.5808
11008;43.0020;2.3297
24069;45.2571;0.5303
28208;48.4174;1.7878
28245;48.3277;1.2582
2A062;42.0417;8.9668
30250;44.0513;4.1895
32054;43.6571;0.4307
36235;47.1569;1.5243
37044;46.9281;0.8485
41127;47.5197;1.8529
45112;47.8858;2.5139
46140;44.3312;1.5737
47265;44.5381;0.6045
48126;44.6861;3.4562
53079;48.4003;-0.6439
60633;49.6664;1.9467
60693;49.6646;3.0328
61467;48.4709;0.0798
62094;50.4710;1.7675
65262;43.5049;0.0069
67058;48.7485;7.5653
70277;47.6009;6.6927
70577;47.6775;6.5035
76653;49.7753;0.6404
80288;49.9092;2.9380
80663;49.9470;1.7540
81024;43.9169;1.6238
81045;44.0807;1.9336
86257;46.8283;0.3305
86286;46.9022;0.2077
90028;47.5262;7.0264
95656;49.0828;1.7139
02063;49.9653;3.2544
02179;49.3180;3.5440
02258;49.1587;3.2319
02322;49.9674;3.4414
03008;46.0430;3.6956
03210;46.7204;2.9564
03296;46.6639;2.7066
08070;49.4740;4.1207
10063;48.4013;4.5341
14308;49.2184;-0.0306
16375;45.8489;0.4052
17260;45.1883;-0.1834
24285;44.9759;0.5487
34043;43.7408;3.9985
40149;44.1060;-0.3086
42173;45.8653;3.9897
42273;46.1513;4.1615
46339;44.8464;1.9089
47327;44.1923;0.2805
58077;47.3797;3.1563
60583;49.3994;2.0089
62281;50.6825;1.6683
62509;50.5958;2.2951
67059;48.3875;7.1481
68083;48.0539;7.1061
71469;46.3368;4.5283
76155;49.9896;1.4244
76689;49.7570;0.5238
77343;49.0212;3.0501
79145;46.6764;-0.2202
80423;50.0646;2.2246
87061;46.2355;1.2174
02464;49.4239;3.3840
03099;46.4061;3.0963
19195;45.2879;1.3971
21506;47.1117;4.9798
24505;45.4312;0.9255
35277;48.1127;-2.0498
47244;44.4066;0.0844
47260;44.1899;0.8174
51526;48.7150;3.7134
52470;47.9435;5.7168
54035;48.5815;6.7912
55031;48.6392;5.0939
62878;50.2552;2.6268
67406;48.7485;7.5653
71541;46.8995;5.2574
76585;49.5497;0.6877
83052;43.6398;5.8468
86089;46.7882;0.1512
89062;47.9421;3.8475
95429;49.1960;1.6981
03203;46.6114;3.5787
04097;44.1283;6.2518
10262;48.0053;4.4627
14055;49.2831;0.0921
14089;49.1002;-0.5083
19059;45.3233;1.3121
22271;48.4762;-3.2243
28167;48.4570;1.2308
29128;48.4992;-4.0931
31556;43.1080;0.5860
32292;43.8809;0.2468
33461;44.8383;-0.0395
46011;44.8464;1.9089
46114;44.6155;1.1969
47150;44.4962;0.1739
51590;48.7580;4.8347
54496;48.5368;5.9113
55159;48.9104;5.5708
56238;48.0574;-3.3592
57167;49.3089;6.5075
58231;47.0824;3.2422
60198;49.6134;2.8596
60293;49.2430;1.8875
64134;43.3990;-1.2922
64471;43.4860;-0.7527
64556;43.3739;-0.6566
67149;48.7358;7.3547
67220;48.7485;7.5653
76668;49.6677;0.9084
80123;49.9553;2.0974
80198;49.8727;2.0689
84085;43.9245;5.2459
91414;48.3476;2.0377
02098;49.0643;3.3913
02154;49.3519;3.3202
07272;44.6053;4.4022
12030;44.5948;2.2752
18081;46.9638;2.4408
21330;47.2253;5.2015
27415;49.2429;0.4229
50445;49.2869;-1.2654
50584;48.7459;-1.3066
54277;49.1534;5.8474
55014;49.1165;5.1112
56139;47.9420;-2.3584
58256;47.3141;3.0188
60378;49.5564;2.7315
60478;49.1331;2.9579
61482;48.5524;-0.3961
62800;50.1496;2.6216
68382;47.6168;7.2950
71123;46.2115;4.0442
71259;46.2944;4.0641
87057;46.2355;1.2174
89156;48.0403;3.6306
05001;44.7747;6.9678
16045;45.5885;-0.0877
18198;46.9675;2.1484
21132;47.2087;4.9017
27498;49.1474;0.9580
33549;44.7161;-0.3621
34218;43.4354;2.8976
38129;45.0702;5.5548
40303;44.1864;-0.9434
43166;45.2368;4.0063
50094;49.0159;-1.3169
54066;49.3041;5.8990
54435;48.9845;5.9910
63358;46.0656;3.0064
64194;43.3830;-0.2320
65282;42.7302;0.4324
67426;48.3397;7.2831
68211;47.8912;6.9773
77024;48.9148;3.2299
80229;49.9553;2.0974
80484;49.8385;1.7822
88224;48.3420;6.4424
89398;48.0651;3.7731
95059;49.1548;2.0860
01090;46.0114;5.1930
03250;46.2033;3.7961
05149;44.6915;6.2384
05153;44.6915;6.2384
10259;48.4800;3.5157
10345;48.4013;4.5341
17139;46.0720;-0.5378
19047;45.0905;1.4597
24488;44.7520;1.0461
38526;45.2139;5.4122
39245;46.9509;5.4123
40165;44.1586;-0.7280
43259;45.1932;3.7087
45002;47.8081;2.8627
48081;44.5167;3.5174
49235;47.2331;0.0335
49291;47.1403;-0.1327
50194;49.4818;-1.3480
53160;48.3703;-0.4670
53220;48.0583;-0.4704
55501;48.6841;5.3388
57215;49.3089;6.5075
63020;45.7042;2.8469
63252;45.7171;3.3695
63461;45.9054;3.3618
65073;43.3754;0.1573
67009;48.9453;7.0590
76294;49.8335;0.8472
76590;49.8421;1.2420
78163;48.8501;1.6779
80601;49.9564;3.0737
82054;44.1429;0.9367
85125;46.6285;-0.7127
88091;48.1368;6.6273
91131;48.3701;2.0054
09003;42.8999;1.8267
12256;44.4589;1.9830
17023;45.8271;-0.4669
22288;48.1328;-2.6009
23133;45.9354;1.7259
24032;45.0344;0.3444
24301;44.9881;1.3326
25437;47.2569;6.2911
28107;48.3997;1.5217
30280;43.9871;3.7147
37076;47.1546;0.2329
45320;48.1873;2.2537
47036;44.4073;0.9808
48105;44.6949;3.7984
51042;48.9023;3.7817
51085;48.8663;3.5945
57444;49.0811;6.5483
57635;48.7890;7.2224
63056;45.5677;3.4177
64440;43.4860;-0.7527
67527;48.6856;7.3662
68002;47.6466;7.1067
70154;47.4344;6.0525
71367;46.6399;5.2217
71431;46.8944;4.5385
80573;49.7720;1.9519
87194;45.6831;1.5988
88212;48.3568;5.5304
89277;47.6930;4.0014
03253;46.5135;3.6823
10227;48.0520;3.9325
16263;45.4909;0.0543
21574;47.5438;5.3881
22330;48.2721;-2.8685
23162;46.2997;2.0617
25387;47.3300;6.8121
25541;46.9453;6.0897
39197;46.5636;5.4298
39205;47.1361;5.6580
42298;45.7003;3.8911
46032;44.5549;1.3289
46054;44.6554;1.5971
46237;44.6447;1.8144
48064;44.7971;3.1261
51407;48.7203;3.5315
52440;48.4375;5.1425
55433;48.5649;5.6827
55462;48.9934;5.7278
60287;49.5706;3.0378
63243;46.1866;2.8334
64127;43.0837;-0.4059
64529;43.3303;-0.7874
65121;43.3759;0.0367
67272;48.6856;7.3662
71175;46.7475;5.2539
71339;46.4335;4.2963
73217;45.4524;6.1665
76328;49.6612;1.1778
77454;48.4788;3.1219
02259;49.2731;3.1234
02686;49.5817;3.1917
03287;46.4061;3.0963
12110;44.6558;2.5816
16079;45.3787;-0.2012
17081;45.3143;-0.4056
19025;45.3933;1.3763
21291;47.4845;4.3373
21596;47.1980;5.0776
23132;46.2024;1.7439
24273;44.8133;0.8859
25041;46.8661;6.1644
25253;47.0722;5.8982
33486;45.0625;-0.5573
45326;48.0142;1.6697
47053;44.3000;0.7427
50013;49.6491;-1.2863
51425;49.0741;3.7149
52178;48.3636;4.9313
54024;48.8078;6.2608
60687;49.4574;1.8983
61385;48.8022;0.3150
62290;50.3121;2.7968
68285;48.2363;7.3319
72235;48.2253;0.1020
80156;49.9016;2.5356
86004;46.6858;0.8234
86169;47.0822;0.0264
89360;47.8527;3.3103
01257;46.1339;5.8126
02042;49.0643;3.3913
03061;46.1154;3.1998
05003;44.7798;6.8751
08355;49.9158;4.5115
12189;44.3140;2.2477
18077;47.1579;2.8977
24073;44.8500;0.7304
25594;47.1860;5.8234
27075;48.9289;0.6860
32134;43.5910;0.9812
33364;44.9676;-0.2995
33472;45.0165;0.0067
51471;49.1724;4.0456
57051;48.9250;6.6294
57298;48.6443;7.1663
59101;50.2443;4.1510
64389;43.3830;-0.2320
68124;47.6168;7.2950
69054;46.1512;4.5700
70294;47.6775;6.5035
70529;47.4450;5.5835
71440;46.9427;4.1052
77341;48.4694;3.3403
90021;47.5714;6.9356
91069;48.3727;2.3581
04158;43.7795;6.0824
14140;49.1880;-0.8225
14453;49.2816;-0.7154
23026;46.2160;2.2452
25431;47.4568;6.5762
28339;48.4570;1.2308
29282;48.3548;-4.7303
30154;43.9709;3.5790
31502;43.1295;0.7342
35262;47.8649;-1.4402
37248;47.1546;0.2329
50177;49.3768;-1.4173
51200;49.0028;3.9238
55458;49.1964;5.5975
62856;50.3542;2.5746
68214;47.6466;7.1067
69182;46.2388;4.4429
76327;49.8183;0.9100
79244;46.9728;-0.1699
80588;50.1191;1.8139
89328;47.8736;3.6828
91035;48.4944;1.9962
01056;46.0338;5.4215
02589;49.5539;3.5934
06068;43.7673;6.9485
09262;42.8999;1.8267
10307;48.2495;3.8367
12219;44.4625;2.9830
14059;49.3272;0.0372
17013;45.9472;-0.4881
25490;47.3580;6.2106
33178;44.4153;-0.2141
34085;43.4167;3.3147
38018;45.0898;5.3986
39167;46.7588;5.4394
40100;43.8713;-0.2801
40147;43.7488;-0.7202
45223;47.9909;2.4834
60087;49.1907;2.6251
60655;49.5706;3.0378
61151;48.7128;0.5659
62127;50.5712;1.9180
67100;48.7373;7.7018
71313;46.9659;4.3169
73086;45.6176;6.3020
76236;49.6510;0.6000
87109;46.2184;1.0407
89116;48.0863;3.3016
02232;49.2731;3.1234
07096;44.8207;4.4791
08083;49.7028;5.0539
09275;43.2096;1.5955
12054;44.3140;2.2477
14270;49.1310;0.2591
15212;44.7318;2.2254
25111;47.2829;6.1216
25510;47.2664;5.8304
27052;49.1944;0.7092
27613;49.1267;0.4626
30231;44.1475;3.6851
31090;43.7515;1.0584
31244;42.7819;0.5640
46076;44.9082;1.8494
55060;49.0949;5.6529
61300;48.4407;0.8319
62172;50.2106;2.8785
67161;48.7358;7.3547
67454;48.8530;7.1757
71025;46.4917;4.4322
71109;46.8900;4.7691
72208;48.0902;0.7636
76352;49.5163;1.4814
86118;46.4460;1.0603
87170;45.6831;1.5988
02656;49.3989;3.7382
11028;42.8371;1.9818
11052;43.3926;2.2792
17261;45.8560;-0.1800
19163;45.1312;1.7100
27631;49.2880;0.6835
2B277;41.9933;9.3078
30201;44.3724;3.9922
33269;44.8116;0.2092
39315;46.9201;5.9041
39354;46.8404;5.6855
41102;47.7461;0.7846
47074;44.5339;0.0738
51417;48.7343;4.6063
51522;48.6466;4.9122
54012;48.7569;6.2779
54202;48.6917;6.0067
54491;49.3750;5.8750
54538;48.5704;5.7716
55155;49.1165;5.1112
55348;48.5475;5.3060
55382;48.8463;4.9967
55447;48.6392;5.0939
56156;48.0755;-3.2380
57014;49.0096;6.7694
58004;47.0705;3.6596
60268;49.6351;2.3029
60490;49.5063;2.0075
60515;49.4441;2.6340
62021;50.5712;1.9180
62485;50.5540;2.2741
70347;47.6009;6.6927
70402;47.6195;5.5498
76420;49.6189;1.5439
77412;48.4690;2.5564
79183;46.8536;-0.6623
79309;46.6373;-0.5530
02192;49.2129;3.3501
03105;46.2073;3.6605
03108;46.2107;3.0200
05008;44.5715;5.7130
09236;42.9515;1.5808
16049;45.3008;0.1977
21398;47.3192;5.3981
21573;47.4842;4.8055
21683;47.1178;4.4806
27273;49.0198;1.3552
28111;48.1792;0.9101
2A312;41.8575;8.9924
30244;43.8845;4.0279
30345;44.2836;3.9980
31156;43.7515;1.0584
40114;43.7691;-1.0741
45102;47.9535;2.6969
48010;44.7870;3.6351
54213;49.1534;5.8474
57689;49.3625;6.2749
64274;43.1182;-1.1799
65339;43.1697;-0.0225
65396;42.9460;-0.1636
66126;42.4988;2.7159
66185;42.6444;2.5994
67270;48.7485;7.5653
86105;46.4622;0.4304
88379;48.3420;6.4424
02302;49.2731;3.1234
03028;46.2073;3.6605
12108;44.4875;2.2016
21347;47.0093;4.8835
22261;48.5016;-2.5065
24522;45.4312;0.9255
25415;47.0344;6.2757
2A308;41.6786;9.0599
2B010;42.6071;8.9163
30204;44.2404;4.2200
32152;43.4055;0.1982
32204;43.7494;0.4911
33102;44.5793;-0.0315
33176;44.6408;-0.2811
35077;47.8326;-1.3053
37016;47.2139;0.9305
43158;45.0369;4.0674
46290;44.7442;1.4111
47279;44.0949;0.6927
50490;49.4114;-1.7564
51384;49.0028;3.9238
52461;47.9981;5.5171
54264;48.4908;6.0695
59216;50.1987;3.2871
71252;46.6466;4.8496
71366;46.5784;5.0043
71470;46.3368;4.5283
76336;49.8337;0.7274
77098;48.5606;3.0374
80251;49.9470;1.7540
88324;48.3247;5.8676
89426;47.6888;3.5467
05093;44.9492;6.6604
11438;43.2499;2.0646
18220;47.1579;2.8977
21300;47.2782;4.7991
22138;48.4068;-3.4339
22370;48.6429;-3.0124
23238;45.8339;2.1588
27368;48.9046;1.2730
28058;48.6497;1.5083
2B029;42.7088;9.3667
35203;48.1849;-1.9335
39266;46.9509;5.4123
40154;44.0582;-1.2134
55508;49.5006;5.3752
61215;48.5356;0.3516
65479;43.0347;0.1428
76357;49.6375;0.2366
77013;48.7888;3.0954
80568;49.7735;2.9160
81050;43.5672;1.8913
81178;43.9169;1.6238
86130;46.9080;0.6258
86234;46.2607;0.5096
87159;46.0084;1.4724
89280;47.7034;4.2240
02025;49.7351;3.1703
02166;49.0643;3.3913
02228;49.0863;3.5709
02253;49.3519;3.3202
04220;44.3555;6.6568
07001;44.8862;4.4065
09253;43.1379;1.3127
10203;48.1568;4.7947
11216;43.0486;2.1802
14466;49.1310;0.2591
17159;45.5959;-0.5045
24453;45.4312;0.9255
27171;49.0198;1.3552
33406;44.8383;-0.0395
36017;46.6174;2.0384
36118;46.8582;1.4060
50251;49.5258;-1.4865
52365;48.0490;4.8864
52401;48.0322;5.3092
54192;48.5875;6.2635
54289;48.7569;6.2779
54303;48.5426;6.6159
55426;48.7770;5.1703
59290;50.1317;3.9232
63086;45.6302;3.5682
63096;45.7171;3.3695
65303;43.1910;0.2471
72221;47.6976;0.4012
76045;49.6677;0.9084
76677;49.8397;1.4111
77007;48.6400;2.7977
80396;50.2392;1.9183
81323;43.6537;1.9748
87149;46.2355;1.2174
95422;49.0831;2.0263
02644;49.2731;3.1234
09106;42.8999;1.8267
10083;48.1391;4.2390
14393;49.1002;-0.5083
23102;46.2997;2.0617
24199;45.3702;0.3694
25553;47.4568;6.5762
27689;49.0198;1.3552
28148;48.4570;1.2308
37220;47.1546;0.2329
52037;47.9125;5.4592
54567;48.4627;6.3431
57187;49.1842;6.4959
57273;49.3089;6.5075
57339;48.7214;7.2286
59097;50.1534;3.1968
62380;50.4281;2.6424
63370;45.6767;2.6843
66125;42.5209;2.2559
68330;47.5481;7.1735
70167;47.7021;6.0529
73028;45.6800;5.7725
88033;48.3912;7.0206
02189;49.6393;3.8348
02489;49.5539;3.5934
02650;49.9666;3.9113
09174;42.9515;1.5808
17046;45.9472;-0.4881
22263;48.3802;-1.9979
23106;46.2179;2.3902
23248;46.1634;1.8617
28375;48.7778;1.5096
30049;43.9622;4.2750
40049;43.7783;-0.3566
41119;47.8058;1.4353
42119;45.7453;4.0081
45225;48.1960;2.4368
46328;44.3819;1.7702
47134;44.0578;0.1991
47271;44.6787;0.2325
51648;48.8713;4.4893
53179;48.1953;-0.7960
54086;48.7138;5.8731
55372;48.6841;5.3388
57178;49.0096;6.7694
59031;50.3077;3.8084
60366;49.4380;2.2466
62804;50.2642;2.4781
63460;45.8787;2.6221
70259;47.6775;6.5035
77019;48.3962;3.1689
88417;48.3562;6.6454
04141;44.0613;5.7944
08136;49.7028;5.0539
12178;44.1968;3.0639
16212;45.7776;0.5803
21713;47.3192;5.3981
24565;45.6404;0.6496
26226;44.4553;5.0169
27220;48.9330;1.4195
32200;43.5936;0.6034
32416;43.7656;0.8346
33489;45.1523;-0.4789
34102;43.7951;3.8692
38263;45.2703;5.5088
38333;45.0898;5.3986
47090;44.1055;0.3898
51225;49.1724;4.0456
55340;48.8463;4.9967
58106;47.2109;4.0589
58225;46.9061;3.1215
63377;46.0971;2.6628
64092;43.1256;-1.3770
67162;48.7504;7.4725
68077;47.6783;7.2624
76093;49.4839;1.6393
86054;46.1593;0.2769
86170;46.4017;0.8598
88395;48.3562;6.6454
89251;47.8527;3.3103
90011;47.5946;6.8817
01382;45.9977;5.0216
02211;49.4580;3.9681
02363;49.5817;3.1917
02450;49.8881;3.6413
08388;49.6517;4.7787
08451;49.4740;4.1207
11274;43.0486;2.1802
12280;44.8341;2.6766
12291;44.1968;3.0639
13093;43.6569;5.4331
21115;47.8294;4.5894
23155;46.0034;1.8712
24374;44.7422;0.6032
32254;43.4788;0.4383
34020;43.3496;2.6970
34292;43.6139;3.3803
35242;48.4201;-1.5646
38527;45.1681;6.0657
45132;48.0647;2.3962
46186;44.8071;1.4811
46195;44.7466;1.9153
59148;50.1606;4.0863
60162;49.2330;2.1306
62601;50.4768;2.3789
65265;43.2779;0.1955
68136;47.9980;7.5293
68148;47.6168;7.2950
70271;47.5606;6.4497
70494;47.3218;5.7884
76121;49.5595;1.3516
76225;49.6137;0.7501
79154;46.0797;-0.0776
80262;50.0581;1.8863
82045;43.9567;1.2092
82147;44.2619;1.7949
88326;48.2770;6.9444
07218;44.9913;4.6100
07321;45.2925;4.7458
08206;49.7815;4.6589
09116;43.1248;1.6040
10019;48.3497;4.3203
11252;43.3837;1.8553
11382;43.3333;1.9782
12134;44.4875;2.2016
15079;45.2470;2.3376
25333;47.2225;6.5213
27382;49.2357;0.9352
40014;44.1060;-0.3086
46120;44.6155;1.1969
46154;44.3819;1.7702
50181;49.2025;-1.3920
51477;49.3507;4.1591
51487;49.2685;4.3106
54236;49.4669;5.5580
54510;48.7450;6.3640
57251;48.9870;6.2104
60077;49.5468;2.0291
60274;49.2971;2.8641
63366;45.5677;3.4177
70046;47.6775;6.5035
72314;47.8404;0.5027
79271;46.5468;-0.3105
79354;46.5468;-0.3105
81049;43.4431;2.0782
89349;47.3918;3.9929
91137;48.3976;2.1970
02759;49.8211;3.9145
06141;43.8756;7.1427
09054;43.0402;1.0445
16318;45.9116;0.2698
21610;47.3192;5.3981
23020;45.9976;2.3290
23197;46.0034;1.8712
24027;44.8500;0.7304
32406;43.6691;0.7626
34291;43.5538;2.9220
35342;48.4260;-1.7434
36174;46.4603;1.4262
36185;47.1964;1.6976
38470;44.9382;5.8349
39546;47.0181;5.6398
46123;44.9082;1.8494
50290;48.6305;-1.3132
50507;49.4818;-1.3480
62077;50.4256;2.5474
62702;50.6841;2.0790
62881;50.2560;2.1258
65271;43.0733;-0.0282
70381;47.6011;6.1559
73323;45.5780;6.9243
86149;46.8728;0.0622
88140;48.1820;5.8074
89306;47.5102;3.8891
03241;46.6099;3.0191
08318;49.9132;4.3047
09120;43.0979;1.1426
11383;43.3333;1.9782
14078;49.2816;-0.7154
16336;45.8489;0.4052
18040;46.9117;2.6018
22381;48.7461;-3.2926
24050;44.9881;1.3326
24059;45.0344;0.3444
24425;45.4312;0.9255
25055;47.1860;5.8234
25511;47.1021;6.0839
33511;44.4084;-0.0564
41222;47.2793;1.8548
42054;45.6531;3.9340
46283;44.9555;1.6903
46321;44.4982;1.0872
50376;49.0681;-1.4630
53222;48.1953;-0.7960
62088;50.6841;2.0790
62236;50.4534;1.9387
62314;50.3542;2.5746
62333;50.4735;2.2572
64473;43.0837;-0.4059
68096;47.6168;7.2950
68378;47.6466;7.1067
73156;45.6800;5.7725
76009;49.7257;0.7918
76667;49.8714;1.0527
78536;49.0237;1.7934
81087;43.9344;2.0310
86055;46.1358;0.3964
86229;47.0822;0.0264
88197;48.0217;6.7445
88276;48.3052;7.1076
90002;47.6681;6.9888
02587;49.5688;3.7297
02615;49.8944;3.1649
05056;44.6915;6.2384
08022;49.7815;4.6589
12080;43.9452;2.6173
14379;49.0707;-0.6488
16141;45.8752;0.1966
18184;47.1579;2.8977
22033;48.2127;-2.9677
24154;45.2571;0.5303
25255;47.1934;6.8179
26272;44.5517;4.9465
26349;45.2444;5.0336
27138;49.0110;0.5310
27337;49.2404;1.4152
34177;43.6889;3.7997
47154;44.3073;0.5421
57280;48.7256;7.1543
57438;49.1986;6.3008
58074;46.8176;3.9556
58196;47.1910;3.3323
59277;50.3077;3.8084
59296;50.2232;3.6852
62387;50.0847;2.8521
64070;43.4589;-0.3414
67221;48.9439;7.8821
67509;48.9015;7.3290
68014;48.1955;7.2957
71012;46.2944;4.0641
71234;46.5784;5.0043
71299;46.3488;4.7166
72078;48.2253;0.1020
73294;45.5366;5.9992
76632;49.6904;1.0289
77325;48.4108;3.2992
79215;46.6159;-0.4253
80088;49.9564;3.0737
80760;49.9917;1.5957
86182;46.9074;0.4136
90018;47.5714;6.9356
02210;49.4107;3.5194
02224;49.3180;3.5440
09187;43.0402;1.0445
14218;49.2184;-0.0306
19002;45.5420;2.3448
23199;46.3628;1.5393
27437;49.3313;1.5942
32442;43.9634;0.6069
36012;46.4580;1.5590
37187;47.0900;0.5995
38252;45.0662;5.8468
39572;46.9334;5.7581
44105;47.6830;-1.6032
46211;44.5549;1.3289
53164;48.4289;-0.3424
62198;50.3542;2.5746
63030;46.0104;3.3632
68176;47.5481;7.1735
71243;46.4986;5.3085
77225;48.8616;2.9501
77253;48.6199;2.6356
81193;43.6890;2.8233
09305;42.9967;1.8678
19222;45.2414;2.0102
22231;48.4068;-3.4339
27096;48.8419;0.7041
27252;49.1267;0.4626
27466;49.0700;0.8168
2A270;42.0685;8.8121
36137;46.7244;1.0046
37126;47.1546;0.2329
37160;47.5924;0.8925
38186;44.9184;5.5781
41054;47.4203;1.4396
47130;44.4196;0.3191
52442;48.4375;5.1425
52484;48.4375;5.1425
59443;50.8083;2.4648
60605;49.6664;1.9467
62122;50.0913;2.9826
62421;50.1126;3.0716
62850;50.3763;2.1293
63189;45.6767;2.6843
63287;45.5449;3.2477
72083;47.9751;-0.2530
73048;45.6176;6.3020
74291;46.0202;5.9296
80694;49.9016;2.5356
81198;43.8198;2.2263
89212;47.7652;3.6173
02831;49.9230;4.1691
03148;46.3298;3.2717
09099;42.9515;1.5808
10199;48.1160;4.4309
12165;44.4669;2.4817
12191;44.4011;2.1585
12284;44.0865;2.7014
14588;48.8884;-0.2144
15095;44.9843;2.3999
21331;47.1835;5.3733
22029;48.3587;-3.1633
25617;47.3300;6.8121
27187;49.1474;0.9580
27662;49.3519;0.5305
39317;46.7426;5.6286
45207;48.0833;2.6011
46030;44.7803;1.6965
50176;49.4933;-1.6133
50210;49.2025;-1.3920
53129;48.1336;-0.9809
59003;50.2443;4.1510
60541;49.2959;2.7177
61129;48.4945;0.5865
64489;43.2946;-1.1827
65307;43.0399;0.4803
66052;42.6388;2.3541
71493;46.9860;4.4924
72009;47.7963;-0.0561
72041;48.0513;0.6297
73013;45.2555;6.3351
73133;45.5328;6.2081
76368;49.6526;0.3995
76609;49.6375;0.2366
77046;48.2952;2.5428
77434;48.4108;3.2992
78558;48.9416;1.5544
80141;49.9092;2.9380
88166;48.3119;6.3033
88203;48.2228;6.6981
88402;48.3562;6.6454
02019;49.7351;3.1703
11422;43.2183;2.4917
17383;45.9472;-0.4881
19048;45.1312;1.7100
23167;46.1329;2.4610
31328;43.4015;1.7281
33493;45.3178;-0.9215
36078;46.6050;1.8379
36226;46.6050;1.8379
46184;44.6155;1.1969
50069;48.8293;-1.2184
50117;48.7284;-1.4599
51486;49.1559;4.5429
52346;48.4375;5.1425
53196;48.4289;-0.3424
55053;49.3404;5.6285
55271;48.8463;4.9967
58270;47.5134;3.0868
60568;49.4052;2.4292
60671;49.1416;2.8329
61051;48.5848;0.1537
61348;48.4945;0.5865
61408;48.7856;-0.2528
62686;50.3777;2.3104
65055;42.9460;-0.1636
67037;48.9316;7.7556
68142;48.0539;7.1061
74091;46.1858;6.7208
76025;49.5163;1.4814
77003;48.2952;2.5428
80114;49.7512;2.1621
80553;49.9961;2.3435
01009;45.7328;5.6572
01207;45.9977;5.0216
02826;49.8211;3.9145
12115;43.9902;3.2611
19150;45.0557;1.6594
27383;48.7417;0.9087
2B165;42.4880;8.8157
31423;43.4033;1.0988
36153;46.8406;1.1679
39032;46.4120;5.8706
39456;46.7588;5.4394
40011;43.6032;-0.7344
46336;44.4982;1.0872
49102;47.1224;-0.5173
50183;49.3441;-1.6662
52006;48.5070;4.9537
54206;48.5820;6.5353
57721;48.7890;7.2224
59050;50.1317;3.9232
64066;43.1182;-1.1799
64530;43.3303;-0.7874
79092;46.5544;-0.1757
80167;50.2392;1.9183
80293;49.6644;2.5930
84057;43.9245;5.2459
91180;48.4186;2.4623
03097;46.3585;2.7533
04144;43.8281;6.4812
17101;46.0200;-0.3370
17234;46.0720;-0.5378
27400;48.9602;1.4448
27564;49.1267;0.4626
30309;43.8845;4.0279
37223;47.5288;0.3098
40042;43.5480;-1.3174
46219;44.6395;1.4266
49012;47.1719;-0.5183
52189;47.6848;5.2877
57581;49.0412;6.9247
57738;49.1232;7.3585
60269;49.6664;1.9467
65159;43.0307;0.3876
65473;42.9464;-0.0299
67029;48.8530;7.1757
70157;47.6775;6.5035
71210;46.3488;4.7166
73280;45.1791;6.2462
76085;49.7971;1.1220
76176;49.7753;0.6404
77267;48.1730;2.6493
80427;50.1635;2.3412
81160;43.4692;2.1562
86280;46.9074;0.4136
95258;49.1403;2.1594
01432;46.3890;5.3034
02626;49.4580;3.9681
05140;44.4746;6.0712
07012;44.9172;4.2859
08164;49.3760;4.6848
12003;44.4875;2.2016
12053;44.4589;1.9830
16084;45.5978;0.4253
21369;47.4135;5.3038
24097;45.3702;0.3694
24373;44.6978;0.4365
24473;45.1556;1.0569
24559;44.9544;1.0753
27514;49.0110;0.5310
28419;48.3227;1.5067
32207;43.7008;0.6218
43047;44.9168;4.0339
50387;49.4011;-1.5526
60473;49.1416;2.8329
71165;47.0674;4.1166
72370;48.2253;0.1020
73094;45.8256;6.5140
76396;49.5595;1.3516
76439;49.5851;0.5010
78528;49.0329;1.5419
80246;49.8342;2.3995
80479;49.7720;1.9519
80669;49.7016;2.7754
82035;44.0234;1.0121
88111;48.2770;6.9444
89108;47.7490;3.6710
02288;49.8685;3.3018
04136;44.0284;6.5395
04222;44.3410;6.1165
05073;44.2953;5.8168
08386;49.4891;4.3377
16298;45.7890;-0.0524
17048;45.8685;-0.2970
21316;47.3192;5.3981
28037;48.6934;1.0846
28073;48.4174;1.7878
38211;45.4922;5.1350
40098;43.7483;-0.5556
46125;44.7779;2.0809
49334;47.5413;-0.3344
50462;48.5984;-0.8150
51107;48.8828;4.0352
51140;49.2287;3.7632
51313;48.7150;3.7134
54345;48.5875;6.2635
60305;49.3929;3.0040
60579;49.3929;3.0040
70344;47.7890;6.3571
70504;47.6496;5.9683
71161;46.6085;4.0143
77289;48.5415;3.3962
90025;47.5262;7.0264
12062;44.1639;2.9412
15157;44.7318;2.2254
15234;44.8792;2.4907
24351;44.7790;0.3900
27612;49.0940;1.4053
31576;43.4015;1.7281
33086;44.8154;-0.2027
36234;46.6174;2.0384
46332;44.6197;1.9991
52282;47.9325;5.0414
53165;47.8447;-0.9308
54570;49.0258;5.9467
57180;48.7426;7.0360
60390;49.5501;2.2286
61327;48.4242;0.4397
70330;47.6009;6.6927
71050;46.3368;4.5283
71316;46.3368;4.5283
72144;48.0902;0.7636
76156;49.7753;0.6404
76416;49.6749;1.2880
77236;48.4108;3.2992
80691;50.1558;1.6160
86018;46.9988;0.1395
02372;49.2129;3.3501
04127;44.0744;5.9765
05134;44.6693;6.6896
10276;48.1890;3.7434
11241;43.2164;2.6352
18143;47.0397;2.9746
19256;45.3827;2.2590
21035;47.0296;5.1327
24464;45.4018;1.1801
25223;47.0295;6.0801
27232;49.3313;1.5942
27625;49.2105;1.5928
32394;43.4788;0.4383
34044;43.4960;3.1922
37095;47.5924;0.8925
46051;44.6197;1.9991
49161;47.6290;-0.7330
51243;48.7312;3.9593
58007;47.5311;2.9189
59076;50.3120;3.9895
59531;50.0869;3.5816
60095;49.2430;1.8875
64291;43.4772;-0.9610
68067;47.4827;7.3052
71247;46.7093;4.6745
72234;48.1741;-0.1309
79297;46.2814;0.0312
86008;46.9988;0.1395
88237;48.1930;6.2184
08034;49.5754;5.0575
08153;49.6542;5.1922
10351;48.4791;3.6912
16249;46.0339;0.7003
24240;44.9192;0.7920
28326;48.3277;1.2582
29114;48.4665;-3.6845
31310;43.4015;1.7281
33079;44.8431;-0.3283
33512;44.4084;-0.0564
38356;45.0898;5.3986
38430;45.2307;5.9478
40185;43.6362;-0.3982
40221;43.8713;-0.2801
41087;47.7461;0.7846
45017;47.9909;2.4834
46199;44.4982;1.0872
46320;44.5040;1.6745
50450;48.6563;-0.9349
50525;48.7536;-1.0774
51548;48.9905;4.5616
51631;49.1724;4.0456
54360;48.7138;5.8731
59233;50.1317;3.9232
60339;49.4380;2.2466
62315;50.4710;1.7675
67088;48.9548;7.1976
72184;48.0067;-0.1219
80273;49.7720;1.9519
89347;47.3918;3.9929
89434;48.1364;3.5279
02461;49.5817;3.1917
02600;49.6393;3.8348
02753;49.8881;3.6413
08038;49.4891;4.3377
10375;48.2983;4.1549
14709;49.3341;-0.6461
14734;49.1830;-0.6348
16222;45.3315;0.0696
19135;45.5420;2.3448
24186;44.6978;0.4365
24300;44.7743;1.2133
25199;47.0295;6.0801
26364;44.9366;5.4223
28259;48.2004;1.4336
2B314;42.6512;9.2057
30139;44.0925;3.4184
38380;45.4430;5.4017
42277;45.9031;4.1301
43256;44.9233;3.5085
47277;44.5339;0.0738
50172;49.4818;-1.3480
54144;48.4627;6.3431
55490;49.3482;5.1985
60055;49.5706;3.0378
61400;48.5848;0.1537
62490;50.2642;2.4781
62640;50.1492;2.4713
67062;48.3397;7.2831
68104;47.9980;7.5293
73040;45.3065;7.0174
73309;45.5473;5.6982
76206;49.6375;0.2366
76554;49.4774;1.3133
77282;49.0219;2.5852
79203;46.9728;-0.1699
80142;49.8727;2.0689
80147;50.1191;1.8139
88183;48.4265;5.6727
88524;48.1820;5.8074
90031;47.6681;6.9888
02714;49.3180;3.5440
03282;46.5881;2.8054
05007;44.7398;6.8132
05018;44.5625;6.0687
09128;43.0228;1.1233
09303;42.8458;1.5712
12207;44.1739;2.5475
12239;44.4625;2.9830
17321;45.9788;-0.6802
21512;46.9857;4.7542
23246;46.0036;2.0402
28032;48.2900;1.6836
35159;48.4260;-1.7434
37207;47.6209;0.5682
39188;47.2159;5.5278
42203;46.1823;3.8718
42235;45.4185;4.0729
45158;48.0833;2.6011
49053;47.2079;-0.2900
50338;48.9224;-1.1680
51092;48.7150;3.7134
51142;49.0028;3.9238
54306;48.6894;5.7771
57304;48.7426;7.0360
63208;46.0656;3.0064
63356;45.4504;3.1969
65119;43.3759;0.0367
65192;42.8310;0.0357
70432;47.6775;6.5035
72107;48.0067;-0.1219
76747;49.6526;0.3995
77460;49.0212;3.0501
79252;46.8218;-0.1365
80058;49.8050;2.6838
86287;47.0822;0.0264
02639;49.7372;3.2792
08162;49.7815;4.6589
10131;48.4916;3.9335
10165;48.3497;4.3203
15207;45.1979;3.1653
16188;45.7776;0.5803
21057;47.2253;5.2015
21255;47.3937;4.9552
25274;47.4028;6.8756
31197;43.1080;0.5860
38106;45.0662;5.8468
50352;49.1154;-1.2554
51037;49.2287;3.7632
51192;49.0741;3.7149
54182;48.9170;5.8616
57681;49.3089;6.5075
59047;50.0472;3.2050
59100;50.4209;3.3754
60054;49.3553;2.0057
68027;47.6168;7.2950
68210;47.9955;7.0518
72345;48.0020;0.4657
77444;48.7633;3.3188
80566;50.0646;2.2246
81053;43.6113;2.5332
83044;43.7380;6.5295
84117;44.2363;4.9094
05104;44.7017;6.0860
08124;49.7134;4.4617
14411;48.9914;-0.4099
25142;46.6707;6.1692
25481;47.5134;6.7287
28178;48.7096;1.3675
31029;43.5604;1.6591
38171;45.3270;5.3635
44200;47.7785;-1.4504
47093;44.2985;0.0766
51596;48.8663;3.5945
52119;47.7926;5.4347
53112;48.4289;-0.3424
53233;47.8358;-0.4863
54175;48.5376;6.3927
57082;49.0096;6.7694
57147;48.9870;6.2104
62304;50.5540;2.2741
64146;43.4589;-0.3414
69230;45.9428;4.5565
76202;49.8397;1.4111
79131;46.8867;-0.2810
02029;49.8944;3.1649
02277;49.4211;3.1801
06097;43.8681;6.9380
16253;46.0205;0.0623
17386;45.1883;-0.1834
18256;47.4318;2.6580
21708;47.0296;5.1327
24480;45.0320;0.7357
27001;49.1944;0.7092
30030;44.0258;4.4117
32088;43.7476;0.2632
32091;43.7008;0.6218
32201;43.5936;0.6034
41141;47.9130;1.2078
43197;45.0731;3.7282
52444;48.2459;5.3811
58138;46.7882;3.1848
59498;50.0846;3.4650
63280;45.6408;3.3010
70328;47.6775;6.5035
72272;47.9301;0.7056
72283;47.6593;0.1519
76055;49.6137;0.7501
80548;50.1342;1.9757
01260;45.8985;5.1634
01317;46.2067;5.3861
03115;46.2575;3.1398
09086;43.0402;1.0445
15166;44.8597;2.1840
16083;45.9098;0.0012
16414;45.8752;0.1966
23056;45.9881;1.5952
24466;44.8666;0.0913
25561;47.1649;5.8964
27492;49.0700;0.8168
29141;48.2737;-3.8044
2B335;42.3298;9.5029
30110;44.0258;4.4117
32311;43.9634;0.6069
38103;44.7971;5.6038
45080;48.2104;2.0603
49067;47.6290;-0.7330
52510;48.5070;4.9537
61111;48.4709;0.0798
61199;48.7856;-0.2528
62546;50.8301;1.7103
63464;45.9530;2.9682
70109;47.4344;6.0525
77004;48.6400;2.7977
02236;49.5102;3.3401
02662;49.2129;3.3501
03062;46.2575;3.1398
12006;44.0865;2.7014
12071;44.4011;2.1585
16074;45.4826;-0.1625
24349;44.7790;0.3900
24390;45.1285;0.8693
26024;44.8733;5.0351
27021;49.2429;0.4229
27047;48.9728;0.9211
27609;49.1944;0.7092
28184;48.2537;1.8842
28248;48.5730;1.0576
30038;43.9709;3.5790
31388;43.7314;1.5789
31521;43.0781;0.9595
32122;43.3835;0.5907
33054;44.5793;-0.0315
34138;43.6139;3.3803
36061;46.4666;1.8337
39407;46.8352;5.5279
40159;43.7282;-0.8473
43092;44.9886;4.2154
56019;47.8390;-2.6477
57386;49.0669;6.6477
57636;49.0305;7.1696
58282;47.4642;3.4920
60112;49.4932;2.4185
62508;50.5605;2.4526
67441;48.8437;7.6070
71099;46.4475;4.8180
71434;46.2944;4.0641
73299;45.6800;5.7725
76284;49.6612;1.1778
77402;48.7633;3.3188
89452;47.9900;3.4003
08216;49.7815;4.6589
08406;49.3760;4.6848
16306;45.9796;0.8382
17020;45.5124;-0.3366
18022;47.4318;2.6580
21519;47.7772;4.8663
22018;48.6535;-3.3087
22318;48.4277;-2.2014
25295;46.8057;6.2814
27571;49.2622;0.5896
27649;49.3275;1.4216
27697;49.1855;1.1391
28389;48.0751;1.3674
2B229;42.1616;9.2735
32032;43.5973;0.2917
33150;44.6539;0.0759
37070;47.3096;1.0414
39413;46.2917;5.8211
44078;47.6419;-1.2247
47199;44.6787;0.2325
51378;49.0028;3.9238
54591;48.5293;6.1776
57145;49.0970;6.3719
57725;48.9138;6.8634
59664;50.8267;2.2562
64322;43.1182;-1.1799
65065;43.0733;-0.0282
68187;47.4827;7.3052
68327;47.6428;7.4261
71026;46.6466;4.8496
72311;47.6976;0.4012
73275;45.4670;5.7646
77157;49.0212;3.0501
77297;48.1730;2.6493
77426;48.5850;2.8965
77471;48.3613;2.5012
79340;46.5544;-0.1757
80590;50.1191;1.8139
80762;49.9564;3.0737
84111;44.2444;5.0525
86097;46.3481;0.3845
88153;48.3562;6.6454
89048;48.1187;3.6979
89459;48.1607;3.0808
12086;44.1929;3.1399
12160;44.1810;3.2526
14276;49.0219;-0.2319
19265;45.6009;1.9310
24496;45.4312;0.9255
27603;49.2341;0.5256
27652;49.0499;1.1747
28079;48.1142;1.1182
28159;48.5730;1.0576
30021;43.9622;4.2750
33507;44.4153;-0.2141
39083;46.7775;6.0809
46265;44.9554;1.5693
47107;44.3026;0.3688
50044;49.0159;-1.3169
51599;49.1185;4.1971
51644;49.0741;3.7149
54340;48.9170;5.8616
62260;50.3777;2.3104
62679;50.6278;1.7505
67144;48.4804;7.2102
67321;48.4804;7.2102
68308;47.7995;6.9577
68340;47.5481;7.1735
70001;47.7890;6.3571
71034;46.7093;4.6745
71266;47.0754;4.2773
72032;48.0902;0.7636
76138;49.6612;1.1778
80250;50.2392;1.9183
80693;49.9016;2.5356
81102;43.6943;1.8037
02216;49.2731;3.1234
04227;43.8917;5.6556
06037;43.7156;6.8480
07238;44.4641;4.1857
11070;43.2815;2.1944
14468;49.1880;-0.8225
14497;48.9808;-0.0400
19240;45.3660;1.6836
24357;44.7790;0.3900
25459;46.8057;6.2814
25618;47.3948;6.7294
30056;44.1345;4.3281
31464;43.4033;1.0988
32090;43.5910;0.9812
39344;46.7557;5.9028
40276;43.8559;-1.2746
47012;44.2985;0.0766
51464;49.3054;3.8330
54579;48.9082;6.0584
63251;46.1157;2.8841
64016;43.1256;-1.3770
64181;43.4861;-0.5804
67427;48.3397;7.2831
67552;48.9453;7.0590
71245;46.6466;4.8496
72019;47.9751;-0.2530
80763;50.1191;1.8139
89246;47.6036;3.9444
91037;48.5482;2.4876
01012;45.9724;5.5771
01230;46.4430;5.1230
02629;49.8881;3.6413
07189;44.5252;4.1455
08492;49.6866;4.8806
09039;43.0872;1.8537
10341;48.4791;3.6912
11313;43.3333;1.9782
14291;48.9914;-0.4099
17445;45.7056;-0.8998
21148;47.1013;5.2597
21178;47.2087;4.9017
23258;46.2460;1.4962
24088;44.8500;0.7304
24353;45.4528;0.4957
25447;47.1118;6.4343
27028;49.2880;0.6835
27055;49.1474;0.9580
27267;49.2880;0.6835
27320;49.2357;0.9352
32234;43.5910;0.9812
33302;44.9226;-0.2345
33488;44.8154;-0.2027
40023;43.7282;-0.8473
40087;44.0397;-0.1242
41255;47.7461;0.7846
47013;44.4066;0.0844
48005;44.5867;3.2477
54055;49.0258;5.9467
58212;47.0824;3.2422
60573;49.5501;2.2286
60613;49.2430;1.8875
62218;50.4256;2.5474
63259;45.6588;3.0833
68035;47.4827;7.3052
68100;47.6466;7.1067
68213;47.8912;6.9773
70299;47.6953;5.8168
71526;46.3488;4.7166
72010;47.8851;-0.1248
89430;47.9142;3.7752
07142;44.7442;3.9661
09040;43.2096;1.5955
10149;48.3963;4.1370
11432;43.1944;2.1878
14226;48.9914;-0.4099
17055;45.1692;-0.0733
21226;47.5309;4.5262
21385;47.5246;5.0664
23217;45.9881;1.5952
26262;44.5690;5.5049
26306;44.3687;5.1923
27061;49.1944;0.7092
27424;48.9728;0.9211
28029;48.1266;1.6821
29104;48.2480;-4.3127
2B135;41.9933;9.3078
30148;43.8845;4.0279
33499;44.8383;-0.0395
35258;48.2777;-1.8126
36236;46.6174;2.0384
40203;43.6032;-0.7344
41219;47.8835;1.4868
42031;45.4075;4.2083
43232;45.2102;3.5526
46005;44.4587;1.2657
46152;44.8071;1.4811
51488;49.0921;4.0082
54001;48.8815;6.2268
57563;49.0970;6.3719
62068;50.1489;2.7044
62107;50.4883;2.8477
62437;50.5712;1.9180
63241;45.6255;3.1981
64433;42.9480;-0.5969
82182;44.2460;1.0029
02184;49.7146;3.5969
03015;46.6592;3.2606
10391;48.3963;4.1370
17076;45.5124;-0.3366
31540;43.5298;1.7752
32082;43.9634;0.6069
33043;44.7209;-0.2227
35354;48.5413;-1.5736
43088;45.3173;3.1625
47251;44.2891;0.2601
49057;47.1670;-0.6093
53223;48.3269;-0.2436
53257;47.9617;-0.3931
57516;49.3089;6.5075
57569;49.4173;6.4226
60367;49.2430;1.8875
60535;49.5501;2.2286
63036;45.5449;3.2477
64034;43.3051;-1.0548
65120;43.1910;0.2471
65202;42.9460;-0.1636
67373;48.8530;7.1757
76022;49.5497;0.6877
76279;49.6510;0.6000
80109;50.2392;1.9183
89009;47.5102;3.8891
95119;49.1960;1.6981
02392;49.9653;3.2544
02687;49.2731;3.1234
03090;46.6099;3.0191
07048;44.8957;4.6151
07109;44.5629;4.2173
07113;44.3891;4.3984
11095;43.2164;2.6352
12247;44.4167;3.0704
21245;47.4355;5.0154
21714;47.1117;4.9798
23103;46.3044;1.6821
24183;45.0388;0.9944
24348;44.6978;0.4365
25235;47.1860;5.8234
26342;44.3544;4.8046
27630;49.1944;0.7092
33400;44.6539;0.0759
33429;44.4019;-0.4841
36097;47.0676;1.7967
38542;45.7153;5.2700
40029;43.6362;-0.3982
57364;49.4173;6.4226
57496;48.9138;6.8634
57592;48.8282;6.9772
59217;50.2907;3.6847
59529;50.1317;3.9232
59530;50.4614;3.6160
60557;49.5768;1.9657
63144;45.4132;2.8124
65422;43.2894;-0.0373
66204;42.6388;2.3541
74148;45.8239;6.1304
76153;49.6904;1.0289
76726;49.7291;0.3032
80462;50.2392;1.9183
87099;45.8514;1.5154
89216;47.5879;3.2448
03081;46.2667;2.7905
04109;44.0613;5.7944
07067;45.2575;4.7080
10121;48.4952;4.3181
11004;43.1188;2.0667
11061;43.1188;2.0667
12031;44.4348;2.3175
14245;49.0750;-0.0576
14467;48.8884;-0.2144
14733;49.2816;-0.7154
17233;45.4260;-0.4052
19249;45.4147;2.0299
33045;44.8383;-0.0395
34279;43.4587;3.1293
37029;47.0872;0.7995
46329;44.3312;1.5737
50637;48.9224;-1.1680
51568;49.3404;3.9587
54365;48.4610;6.7642
54392;48.5985;5.8544
54559;48.4627;6.3431
59174;50.1606;4.0863
59549;50.1880;3.5938
62320;50.3153;2.6903
62379;50.2552;2.6268
63449;45.6025;2.9728
63456;45.4504;3.1969
65444;43.0399;0.4803
70427;47.7821;6.0966
71173;46.7475;5.2539
71327;46.2126;4.3209
76721;49.6904;1.0289
80375;49.7720;1.9519
80476;50.0581;1.8863
80569;49.9195;2.7339
88039;48.3096;6.0977
89143;48.1607;3.0808
95462;49.1378;1.7801
01129;46.0114;5.1930
03066;46.0430;3.6956
03214;46.4061;3.0963
06078;43.9477;7.0793
16297;45.5885;-0.0877
17118;45.3143;-0.4056
17271;46.0200;-0.3370
18001;47.2853;2.6190
18042;46.7360;2.4965
24574;44.8750;1.3527
25109;47.0722;5.8982
27115;48.7688;1.0544
27512;49.1267;0.4626
28109;48.4394;1.0466
32098;43.5137;0.9477
34059;43.3496;2.6970
37127;47.1616;1.2108
38049;45.3939;5.2212
39307;46.4404;5.7191
39399;47.0181;5.6398
40053;44.1060;-0.3086
46305;44.4982;1.0872
51627;48.8828;4.0352
52480;48.2878;5.0954
54423;48.4879;6.8972
57599;49.1842;6.4959
58031;46.9863;3.4452
67096;48.6856;7.3662
72027;47.7457;0.5700
72177;47.9190;0.0348
73074;45.3947;6.2531
73292;45.6747;6.3695
76749;49.8397;1.4111
88506;48.3912;7.0206
89232;47.5102;3.8891
95690;49.1378;1.7801
02576;49.4211;3.1801
08389;49.7134;4.4617
10232;48.1160;4.4309
10254;48.4800;3.5157
12220;43.9902;3.2611
14668;49.2420;-0.9556
16040;45.3371;-0.0749
17256;45.8271;-0.4669
19154;45.3469;1.5146
24262;45.2732;0.8916
27326;49.0198;1.3552
30275;44.1345;4.3281
31111;43.2026;1.2352
36243;46.8582;1.4060
42107;45.5094;4.0434
51086;49.3054;3.8330
51515;49.1559;4.5429
54048;49.2643;5.8940
57502;49.3089;6.5075
57756;48.6839;6.9387
59176;50.1534;3.1968
62655;50.3777;2.3104
62783;50.3762;1.8536
64203;43.4589;-0.3414
64382;43.4861;-0.5804
68333;47.6168;7.2950
71185;46.3132;4.2805
72043;48.3895;0.1686
74095;45.8870;5.9437
76347;49.6137;0.7501
78472;48.5044;1.8580
79274;46.9728;-0.1699
80113;50.0646;2.2246
91495;48.4944;1.9962
03041;46.5881;2.8054
14256;49.2816;-0.7154
14337;49.1716;0.0767
17327;46.0720;-0.5378
25426;47.3300;6.8121
27360;48.9046;1.2730
28366;48.4174;1.7878
30291;44.1525;3.9960
30293;44.2639;4.3358
31074;43.6512;1.6466
31255;43.0210;0.6439
32460;43.7020;-0.1970
38342;44.9184;5.5781
42142;45.4185;4.0729
46255;44.7779;2.0809
47194;44.5995;0.3784
50553;48.5347;-1.3368
52522;48.2109;5.1180
53128;47.9578;-1.0948
54256;48.4627;6.3431
54486;48.4693;6.2093
55347;49.0721;5.4560
57605;48.9870;6.2104
60046;49.1331;2.9579
62787;50.4710;1.7675
63279;45.4696;2.7922
65394;43.0399;0.4803
66118;42.7715;2.6539
71107;46.8342;4.6165
71437;46.3132;4.2805
73194;45.2191;6.5241
80733;50.0227;2.6606
86003;46.3056;0.2456
89291;48.1264;3.3114
91507;48.3727;2.3581
02164;49.0863;3.5709
02767;49.3519;3.3202
10319;48.1890;3.7434
16231;45.9796;0.8382
17106;45.5124;-0.3366
19086;45.0199;1.9969
24075;44.6558;1.0771
25378;47.4028;6.8756
28396;48.2004;1.4336
29299;48.4609;-4.5932
32429;43.9634;0.6069
37041;47.6209;0.5682
39035;46.4292;5.3725
39149;47.0181;5.6398
39285;47.1361;5.6580
39431;46.6552;5.5739
43238;44.9244;3.7677
47098;44.1055;0.3898
47187;44.6787;0.2325
60190;49.1331;2.9579
60255;49.6646;3.0328
62732;50.4768;2.3789
67461;48.1885;7.5677
72036;48.3895;0.1686
76459;49.7407;1.4648
79303;46.3758;-0.0928
80749;50.1635;2.3412
12048;44.6558;2.5816
12107;44.3845;2.8448
14664;49.1056;-0.7815
21012;47.8294;4.5894
21575;47.1013;5.2597
27298;49.1474;0.9580
39209;46.4292;5.3725
39320;46.5636;5.4298
47023;44.5381;0.6045
50118;48.8293;-1.2184
50552;49.2025;-1.3920
51017;48.5970;4.6425
51117;49.0294;4.1667
51147;49.1559;4.5429
53030;47.9627;-0.5836
54320;48.9082;6.0584
57276;49.0811;6.5483
57613;48.8282;6.9772
57697;48.5927;7.1037
61451;48.7507;-0.7219
63039;45.4035;3.7092
64257;43.1417;-0.2429
64363;43.0837;-0.4059
67093;48.9316;7.7556
67102;48.6157;7.5786
70056;47.7821;6.0966
71121;46.8203;5.2172
71264;46.4607;4.6276
77043;48.9148;3.2299
77235;49.0212;3.0501
77498;48.9197;2.8032
78416;49.0237;1.7934
80025;50.3005;1.6843
80408;50.0646;2.2246
80603;50.0687;1.6499
89134;47.5358;4.0960
90084;47.6681;6.9888
91001;48.3976;2.1970
03005;46.3595;2.4478
04161;44.4048;6.4313
08322;49.7815;4.6589
10295;48.1160;4.4309
11427;43.0486;2.1802
15063;45.1183;2.4751
17258;45.5124;-0.3366
21401;46.9857;4.7542
24023;44.8500;0.7304
25003;47.4071;6.4928
25365;47.4568;6.5762
27059;49.2992;1.6801
28004;48.2900;1.6836
29115;48.2520;-3.9568
30134;44.2887;4.5096
36019;46.7523;1.9087
39308;47.1361;5.6580
40206;43.5734;-1.1103
43091;44.9168;4.0339
45118;48.0809;2.0575
47295;44.5305;0.8182
50166;49.3265;-1.4925
50285;49.4933;-1.6133
50617;49.3265;-1.4925
50619;49.5866;-1.3528
55497;49.0265;5.3023
56088;47.5912;-2.8005
57326;49.1842;6.4959
57394;48.9138;6.8634
60124;49.6134;2.8596
66119;42.6388;2.3541
68383;48.1777;7.2885
71044;46.7475;5.2539
71362;46.2282;4.7459
76040;49.8335;0.8472
76373;49.6904;1.0289
80387;49.8143;2.2995
90055;47.5262;7.0264
02366;49.9801;3.6427
02480;49.7146;3.5969
02491;49.7146;3.5969
02620;49.4107;3.5194
03259;46.4569;2.4075
08319;49.9132;4.3047
10313;48.4013;4.5341
10356;48.4916;3.9335
14003;49.2816;-0.7154
17198;45.8271;-0.4669
21414;47.1178;4.4806
24318;44.9192;0.7920
27247;49.3498;1.3307
2B361;42.4880;8.8157
30203;44.2836;3.9980
31288;43.8426;1.5086
41096;48.0175;1.0585
42077;45.8846;4.2526
47125;44.3073;0.5421
49010;47.7332;-1.1512
52315;48.0322;5.3092
53192;47.8297;-1.1708
54064;48.5581;6.9851
57001;49.3105;6.3588
60522;49.4932;2.4185
61415;48.5356;0.3516
62006;50.1523;2.7931
62677;50.3630;2.0044
64235;43.3051;-1.0548
65264;43.5049;0.0069
74030;46.2473;6.6361
77301;48.6967;3.4442
80319;49.8727;2.0689
95139;49.1378;1.7801
11074;43.3837;1.8553
12085;44.1851;2.3373
12158;44.4589;1.9830
14261;49.2820;0.2287
15233;44.9843;2.3999
22313;48.3058;-3.0086
25108;47.2518;6.7872
25236;47.0295;6.0801
28182;48.2085;1.1533
33391;44.4153;-0.2141
34005;43.8815;3.6618
34107;43.5945;2.7569
34216;43.5956;3.1551
37034;47.0141;0.3871
39289;46.4404;5.7191
41124;47.7959;1.0852
45056;48.1960;2.4368
45149;48.0463;3.0178
46098;44.7442;1.4111
46205;44.5549;1.3289
51597;49.0992;3.8671
54168;48.7569;6.2779
57088;49.0096;6.7694
57641;49.1232;7.3585
61149;48.7041;-0.5236
67381;48.9015;7.3290
68312;47.4827;7.3052
71459;46.7976;4.7275
72121;48.3093;-0.0220
84061;44.2363;4.9094
86144;46.7015;0.1582
90019;47.6056;6.9908
01052;45.9977;5.0216
03274;46.3831;3.5976
05106;44.5501;6.2567
12124;44.5271;2.8172
12155;43.8787;3.1499
16176;45.4826;-0.1625
24360;44.7520;1.0461
25300;47.1244;6.2691
26264;44.3964;5.3871
28202;48.6383;0.8925
34048;43.7408;3.9985
34083;43.6002;3.0617
38403;44.7990;5.7655
50086;49.6542;-1.4139
52289;48.2459;5.3811
55078;49.3482;5.1985
57430;49.0163;6.5920
60241;49.1907;2.6251
62258;50.3777;2.3104
62697;50.2131;3.0738
62749;50.3763;2.1293
64404;43.0978;-0.8959
72209;48.3093;-0.0220
76126;49.6749;1.2880
76531;49.6510;0.6000
79209;46.8867;-0.2810
80759;49.7016;2.7754
81125;43.7512;2.4576
02119;49.2129;3.3501
02511;49.9674;3.4414
02739;49.4239;3.3840
03069;46.5176;3.1740
03166;46.1154;3.1998
08195;49.4740;4.1207
09070;42.7096;1.6664
16362;45.3951;0.1233
17105;45.9763;-0.1892
17252;45.8646;-0.6574
18094;47.3016;2.8088
21111;47.3918;5.1164
23099;46.0034;1.8712
23185;46.1028;2.2260
25125;47.2515;6.6619
25176;46.8661;6.1644
26293;45.2134;4.9675
30187;44.1345;4.3281
31256;43.3507;1.4503
32115;43.7476;0.2632
32398;43.6464;-0.1249
33017;44.4153;-0.2141
39567;46.6552;5.5739
42131;46.1636;4.2356
47121;44.4066;0.0844
51369;48.7150;3.7134
54316;48.9170;5.8616
54550;48.4831;6.6644
57126;48.8273;6.5155
57610;49.3089;6.5075
60270;49.5706;3.0378
63161;45.5398;3.7752
63444;45.5449;3.2477
68186;47.4827;7.3052
70325;47.4344;6.0525
71409;46.8944;4.5385
77380;49.0542;2.9132
82168;44.2460;1.0029
02050;50.0019;3.7942
05097;44.3940;5.6937
07091;44.6053;4.4022
08064;49.4891;4.3377
14405;48.8884;-0.2144
17126;45.8685;-0.2970
18151;47.2853;2.6190
21241;47.0968;4.8050
21242;47.2253;5.2015
21363;47.1178;4.4806
26202;44.5059;5.1219
28390;48.1266;1.6821
33250;44.5793;-0.0315
33258;44.7209;-0.2227
33360;44.8116;0.2092
41291;47.7959;1.0852
45110;48.1873;2.2537
51066;48.7343;4.6063
51256;49.0921;4.0082
51320;49.0741;3.7149
57518;48.8282;6.9772
62495;50.6841;2.0790
64088;43.4860;-0.7527
64442;43.2986;-0.5861
76415;49.7407;1.4648
87186;45.5947;1.4503
08415;49.6014;4.4510
09111;42.8802;0.9760
16008;45.9098;0.0012
16135;45.6792;0.5080
17358;46.0200;-0.3370
21212;47.6439;4.3442
21251;47.2483;4.5245
25566;47.3580;6.2106
27550;49.2622;0.5896
34205;43.7451;3.3468
39068;46.2917;5.8211
47198;44.4571;0.6307
47321;44.6787;0.2325
53046;47.9627;-0.5836
54114;48.9082;6.0584
54120;48.5985;5.8544
58249;47.0872;3.8971
62775;50.7616;1.9321
63309;45.4286;3.8818
64500;43.4860;-0.7527
65465;42.7845;0.2492
68198;47.6428;7.4261
68361;47.7995;6.9577
71029;46.8995;5.2574
76094;49.5595;1.3516
86260;46.9074;0.4136
88054;48.2318;7.0821
89221;47.7205;3.2499
90079;47.7266;6.9162
03088;46.4569;2.4075
08187;49.7465;4.8136
12228;43.9974;2.6934
14161;49.2820;0.2287
15144;44.8597;2.1840
16213;45.7776;0.5803
17007;46.1996;-0.9108
24148;44.7790;0.3900
24405;44.9192;0.7920
24536;44.6978;0.4365
27271;48.9046;1.2730
31166;43.5121;1.1587
33379;44.6952;-0.0877
40099;43.7483;-0.5556
42124;45.3733;4.6747
46208;44.9554;1.5693
51027;49.1199;4.8359
54161;48.5815;6.7912
57259;49.4173;6.4226
57637;48.7426;7.0360
60648;49.6351;2.3029
61032;48.7128;0.5659
62556;50.4710;1.7675
65095;43.3061;0.3370
65125;43.1396;0.4067
67038;48.7056;7.8081
67053;48.1885;7.5677
67091;48.9453;7.0590
67288;48.9439;7.8821
70038;47.4344;6.0525
71141;46.3132;4.2805
72088;48.1733;0.2504
80331;50.2392;1.9183
80576;49.7518;3.0187
84013;43.9245;5.2459
87044;45.7932;0.8095
95094;49.0482;2.4028
02159;49.5467;3.2770
03012;46.5176;3.1740
10267;48.4952;4.3181
10274;48.4916;3.9335
14334;49.1310;0.2591
16057;45.5885;-0.0877
16264;46.0380;0.5350
16361;46.0169;0.2464
17356;45.9788;-0.6802
18262;47.3016;2.8088
18274;47.3016;2.8088
19091;45.0884;1.9258
23145;46.2179;2.3902
27234;49.0499;1.1747
28285;48.4174;1.7878
30121;43.8845;4.0279
31023;43.2381;0.8756
33059;44.7741;-0.3449
36004;47.1964;1.6976
36204;46.8406;1.1679
37198;47.4193;0.3123
42014;46.1669;4.3638
43187;45.1598;3.8152
46084;44.9554;1.5693
48012;44.8172;3.2692
53234;48.4003;-0.6439
54269;48.6421;6.3587
55058;48.7757;5.6142
57040;48.8874;6.4058
57064;48.7890;7.2224
58058;47.3502;3.3843
58210;47.2109;4.0589
59085;50.2255;3.1948
60487;49.2430;1.8875
63162;45.5204;3.5723
63374;45.5398;3.7752
64036;43.3051;-1.0548
70355;47.4344;6.0525
76529;49.7570;0.5238
76741;49.6375;0.2366
80214;49.7189;2.3729
80614;50.1635;2.3412
02827;49.7385;3.8042
10129;48.3497;4.3203
12051;44.8196;2.7840
14708;49.0707;-0.6488
16020;45.3008;0.1977
16307;45.8752;0.1966
21099;47.0093;4.8835
25622;47.2664;5.8304
27525;49.0940;1.4053
27694;49.0940;1.4053
36177;46.4603;1.4262
39138;46.9509;5.4123
40330;44.0293;-0.8867
46072;44.6395;1.4266
46129;44.5163;1.8295
51139;49.1199;4.8359
53232;48.0583;-0.4704
55532;48.9706;5.1149
61237;48.6893;-0.1609
62228;50.7978;2.0540
63033;46.0104;3.3632
63468;45.7736;3.5814
65098;42.9460;-0.1636
67384;48.3875;7.1481
76487;49.8397;1.4111
89462;47.7773;3.0949
01037;45.8059;5.4773
02456;49.5817;3.1917
07219;44.6930;4.6834
08220;49.3635;4.4330
09202;43.0413;1.6293
09274;43.0872;1.8537
12188;44.2739;2.7608
18259;47.4318;2.6580
19016;45.3545;1.8910
21135;47.4135;5.3038
23082;46.2024;1.7439
24175;45.0533;1.1586
24423;44.6978;0.4365
24444;45.0344;0.3444
27690;49.2105;1.5928
28141;48.3277;1.2582
29292;47.9104;-4.3000
31087;43.5121;1.1587
31183;43.0781;0.9595
36197;46.5287;1.1959
37048;46.8378;0.9322
41160;47.5556;1.5404
42047;45.9093;3.8502
45243;47.9909;2.4834
51284;48.7343;4.6063
51630;48.8828;4.0352
54201;48.4831;6.6644
57490;48.7720;6.5879
61411;48.4242;0.4397
65104;43.2779;0.1955
66099;42.6000;2.7620
67260;48.8788;7.6787
67553;48.7358;7.3547
69258;46.2083;4.6608
70004;47.6775;6.5035
71268;46.4335;4.2963
80033;49.9092;2.9380
80657;49.7189;2.3729
81157;43.6943;1.8037
83005;43.6913;6.2260
85184;46.4924;-0.6700
02800;48.9129;3.4404
05095;44.7017;6.0860
07080;45.0373;4.4081
07170;45.0786;4.6382
12242;44.3344;2.0080
15219;45.1183;2.4751
16399;45.6120;-0.2698
21322;47.0296;5.1327
28010;48.2966;1.0090
28040;48.4570;1.2308
31278;43.1295;0.7342
31570;43.4596;1.8786
32167;43.4165;0.3221
32219;43.6945;0.1109
32382;43.7476;0.2632
36037;46.9136;1.9462
50059;49.3873;-1.2723
50596;49.6542;-1.4139
60062;49.6646;3.0328
60200;49.5636;2.5505
62478;50.7616;1.9321
62739;50.2131;3.0738
63311;46.0185;3.2134
70564;47.7890;6.3571
72261;48.1041;-0.0315
73316;45.4524;6.1665
76407;49.8337;0.7274
76546;49.7961;0.9697
77167;48.4262;3.0951
79002;46.6764;-0.2202
79267;46.5544;-0.1757
82102;43.9686;0.8825
95181;49.0831;2.0263
02080;49.6040;3.5190
02581;49.3180;3.5440
11221;43.3926;2.2792
17288;45.9472;-0.4881
24031;44.9759;0.5487
25119;47.2664;5.8304
27572;49.2357;0.9352
31443;43.3503;0.8395
34021;43.4354;2.8976
37157;47.1616;1.2108
40318;43.7488;-0.7202
41265;47.7461;0.7846
46113;44.6395;1.4266
47212;44.2985;0.0766
47220;44.2891;0.2601
50227;49.4818;-1.3480
51090;48.7312;3.9593
55423;48.9706;5.1149
57108;49.1232;7.3585
57467;49.1174;6.2035
58229;47.2943;3.8757
60314;49.6179;2.0953
62241;50.5511;1.6977
62484;50.1507;2.9072
63041;45.9806;2.6955
65116;42.8316;0.3859
67344;48.9935;7.9709
67499;48.3397;7.2831
86119;46.2607;0.5096
89072;47.7194;2.9575
03139;46.0430;3.6956
07287;44.6199;4.5570
11053;43.0486;2.1802
16158;45.5978;0.4253
17181;45.8646;-0.6574
18136;46.6712;2.2998
21122;47.5309;4.5262
25383;47.2664;5.8304
31302;43.1295;0.7342
32005;43.7608;-0.0566
39390;46.6552;5.5739
39447;46.6552;5.5739
40143;43.7488;-0.7202
40262;44.1060;-0.3086
45206;48.0833;2.6011
47044;44.6509;0.5924
48177;44.8172;3.2692
51081;49.3054;3.8330
53058;47.9490;-0.9240
53202;48.3845;-1.0029
56208;48.0681;-2.3139
58033;47.5134;3.0868
58177;47.0872;3.8971
60072;49.3929;3.0040
61472;48.7402;-0.0318
62082;50.0913;2.9826
62402;50.6278;1.7505
62418;50.2642;2.4781
63147;45.4286;3.8818
70356;47.4220;5.8319
71129;47.0754;4.2773
71320;46.6732;4.3977
80249;50.0939;2.1056
80764;50.0653;1.7446
83015;43.6913;6.2260
84015;44.1923;5.1675
90077;47.6056;6.9908
02275;49.8908;4.1075
05077;44.7398;6.8132
06062;43.9800;7.5259
09321;42.8458;1.5712
10116;48.1632;4.0206
12307;44.1707;2.8059
14086;49.3302;0.0982
14524;49.2184;-0.0306
14657;49.1819;-0.1528
16038;46.0027;0.4178
16402;45.5885;-0.0877
18224;47.1579;2.8977
22294;48.3587;-3.1633
22295;48.2127;-2.9677
24004;45.1556;1.0569
24263;44.6558;1.0771
24513;45.2732;0.8916
27033;49.0499;1.1747
27611;49.0499;1.1747
33263;44.7741;-0.3449
37258;47.1546;0.2329
38275;45.2139;5.4122
38437;45.3573;5.4802
45185;47.9535;2.6969
51099;48.7267;4.3040
52391;48.4590;4.7836
54485;49.5332;5.6568
59294;50.2255;3.1948
62663;50.1492;2.4713
62671;50.2131;3.0738
68071;47.7235;7.0696
68080;47.6168;7.2950
69183;46.0727;4.4762
72136;47.9751;-0.2530
73267;45.2555;6.3351
81044;43.6943;1.8037
88356;48.2228;6.6981
90064;47.5262;7.0264
01035;46.1948;5.7148
01391;46.3890;5.3034
02008;49.4107;3.5194
02213;48.9761;3.5408
02517;49.7146;3.5969
07193;44.5629;4.2173
08026;49.8122;4.5255
11158;43.0486;2.1802
14492;49.3904;0.2417
16343;45.6120;-0.2698
17115;45.6644;-0.6608
25525;46.8057;6.2814
27672;49.4199;1.3696
31505;43.2049;1.0659
33520;44.6539;0.0759
36114;46.5287;1.1959
37106;47.5924;0.8925
39539;46.9334;5.7581
43198;44.9244;3.7677
45091;48.0888;2.8658
52258;48.0490;4.8864
52514;48.0957;5.1365
54291;48.4267;5.9699
57698;48.9946;6.4127
58241;46.8005;3.4767
61139;48.8980;0.2183
61298;48.7402;-0.0318
70226;47.5606;6.4497
73041;45.5328;6.2081
76570;49.7971;1.1220
83078;43.6913;6.2260
89289;47.9900;3.4003
10125;48.2495;3.8367
15192;44.9796;2.6572
16342;45.4826;-0.1625
18130;46.6712;2.2998
21256;47.3192;5.3981
21386;47.5309;4.5262
24470;44.8750;1.3527
25062;47.1647;6.7090
25514;46.7616;6.3586
2B058;42.7167;9.2642
2B315;42.2819;9.1230
33347;45.0165;0.0067
37184;46.9281;0.8485
47258;44.0578;0.1991
54421;48.5581;6.9851
55101;48.7770;5.1703
57334;48.6443;7.1663
57709;48.7890;7.2224
58053;47.3502;3.3843
58198;47.4642;3.4920
60117;49.5706;3.0378
60251;49.4380;2.2466
70007;47.7890;6.3571
70150;47.3218;5.7884
70243;47.4967;6.2428
72218;48.1741;-0.1309
73106;45.6548;6.1758
73271;45.6800;5.7725
76158;49.7257;0.7918
76346;49.7753;0.6404
76583;49.5862;1.1495
77151;48.7633;3.3188
77367;49.0212;3.0501
80207;50.0734;2.5120
89021;47.4457;3.7642
89179;47.5879;3.2448
89240;48.1970;3.2892
02223;48.9761;3.5408
02358;49.9674;3.4414
03164;46.1154;3.1998
05016;44.3940;5.6937
15035;45.1501;3.0136
24397;45.4018;1.1801
32247;43.6252;0.8822
39350;47.0181;5.6398
42213;45.9116;4.3046
45021;48.0647;2.3962
45045;48.1873;2.2537
47202;44.5305;0.8182
54042;48.4627;6.3431
55404;48.8869;5.3410
56068;47.9732;-2.5848
57237;49.0096;6.7694
62135;50.2219;2.6998
62312;50.4710;1.7675
65115;43.2779;0.1955
67017;48.8530;7.1757
69164;46.1152;4.3658
70011;47.8585;6.4868
73246;45.5083;5.8459
76553;49.8397;1.4111
77097;48.7633;3.3188
78565;48.8921;1.6742
80221;50.1625;2.1348
80642;50.1625;2.1348
80681;49.7189;2.3729
81152;43.9981;2.0807
81173;43.6943;1.8037
81236;43.6943;1.8037
82111;44.2460;1.0029
88269;48.0709;6.8812
03169;46.3298;3.2717
07103;45.0373;4.4081
08339;49.4891;4.3377
09057;42.8797;1.3469
12125;43.8550;2.6209
12182;44.4625;2.9830
14345;48.9808;-0.0400
14397;49.3171;-0.9153
16338;45.4826;-0.1625
19070;45.4147;2.0299
19173;45.1481;2.1059
21670;47.4530;4.6783
22284;48.3587;-3.1633
27228;49.3763;0.7043
28367;48.2537;1.8842
30310;44.1195;3.7683
31340;43.5091;1.4746
34124;43.6139;3.3803
34287;43.6689;3.4823
37274;47.6209;0.5682
41132;47.3123;1.3953
42238;45.8117;3.7727
45032;48.0888;2.8658
45198;48.1873;2.2537
46119;44.5549;1.3289
46252;44.5788;1.5970
46316;44.5549;1.3289
48059;44.8172;3.2692
48144;44.1928;3.7293
51592;49.0741;3.7149
60094;49.1992;3.0250
60645;49.3415;1.8240
62507;50.2642;2.4781
63406;46.0185;3.2134
64218;43.1182;-1.1799
67201;48.8530;7.1757
71062;46.8468;4.2035
71160;46.3132;4.2805
71578;46.8995;5.2574
72079;48.3895;0.1686
72366;48.0902;0.7636
79152;46.1514;0.0823
80393;49.7016;2.7754
82120;44.1184;1.2987
86220;46.1593;0.2769
05078;44.4208;5.9576
08472;49.6014;4.4510
10208;48.4800;3.5157
14175;49.2816;-0.7154
15084;44.7321;2.4780
17362;45.3705;-0.5998
18287;47.3016;2.8088
19141;45.6718;2.4307
21629;47.2948;4.2513
2B057;42.3063;9.4979
31208;42.9888;0.8129
31357;42.9888;0.8129
34250;43.5538;2.9220
39106;46.4404;5.7191
39216;46.5974;5.7779
41201;47.7461;0.7846
43013;45.0667;3.4902
47109;44.5305;0.8182
47254;44.2985;0.0766
50182;49.2025;-1.3920
51187;49.2287;3.7632
51295;48.7343;4.6063
53075;47.9490;-0.9240
59208;50.6204;2.9512
60108;49.6664;1.9467
60322;49.2430;1.8875
62069;50.5025;2.1152
63268;45.5449;3.2477
70385;47.6775;6.5035
76148;49.8397;1.4111
76380;49.7961;0.9697
76425;49.6526;0.3995
77332;49.0376;2.6801
79132;47.0026;-0.4675
80421;49.7016;2.7754
80713;50.3005;1.6843
85123;46.3637;-0.7291
86175;46.5635;0.8867
87031;45.5304;1.2163
02162;48.9734;3.3869
04167;44.1283;6.2518
07243;45.2925;4.7458
25540;47.5357;6.6689
26288;44.3964;5.3871
30054;43.8845;4.0279
30301;44.0258;4.4117
33048;44.4949;-0.1120
34006;43.3496;2.6970
35357;48.4830;-1.1863
36210;46.6050;1.8379
39558;46.6552;5.5739
40164;44.1060;-0.3086
50155;48.6305;-1.3132
50205;48.6860;-1.3332
50518;48.8293;-1.2184
52190;48.1143;5.3203
58158;46.7882;3.1848
59353;50.2232;3.6852
60458;49.5768;1.9657
60468;49.4932;2.4185
60572;49.3929;3.0040
61332;48.6912;-0.3983
62280;50.2550;2.9681
63100;46.0374;2.8071
64312;43.4860;-0.7527
65212;42.8316;0.3859
67417;48.7373;7.7018
68373;47.4827;7.3052
71281;46.6127;4.2171
71287;46.4607;4.6276
71307;46.2944;4.0641
78076;48.8501;1.6779
80077;49.9961;2.3435
88080;48.3562;6.6454
03002;46.5176;3.1740
03179;46.3047;3.4530
05181;44.9999;6.3639
06142;43.8499;7.3740
08297;49.7815;4.6589
09075;43.1379;1.3127
11025;43.3064;2.3749
14138;49.2420;-0.9556
14598;49.2184;-0.0306
16419;45.7923;0.1229
17204;45.4260;-0.4052
18102;46.8298;2.8972
25362;46.8057;6.2814
25461;47.4071;6.4928
27266;49.1944;0.7092
28277;48.2004;1.4336
36240;46.4858;2.0825
38308;45.3270;5.3635
41186;47.9130;1.2078
41192;47.7461;0.7846
42243;45.8653;3.9897
46207;44.6473;2.1330
51393;49.0992;3.8671
51556;48.7267;4.3040
54297;48.6799;6.5536
55481;49.3404;5.6285
57020;48.9946;6.4127
57084;48.8273;6.5155
59473;50.2907;3.6847
60140;49.2430;1.8875
63228;45.8787;2.6221
64551;43.1919;-0.6421
67051;48.3245;7.4249
68034;47.4827;7.3052
71518;46.3488;4.7166
78283;48.7270;1.6475
80159;49.9016;2.5356
80275;50.0173;2.8821
88006;48.3096;6.0977
90074;47.6213;6.9414
01247;46.3286;6.0306
02649;49.2129;3.3501
02665;49.2129;3.3501
04035;43.8472;5.9595
14250;49.2816;-0.7154
18013;46.7360;2.4965
19263;45.4147;2.0299
24048;44.8666;0.0913
28086;48.2966;1.0090
32044;43.9542;0.3833
50469;49.6491;-1.2863
51634;48.9342;4.2705
51655;48.8828;4.0352
52193;48.0957;5.1365
53076;47.9617;-0.3931
54198;49.2643;5.8940
54429;48.5525;6.1336
55097;48.5649;5.6827
61326;48.6167;-0.6190
62594;50.1507;2.9072
62786;50.6792;1.8616
64458;43.3303;-0.7874
65001;42.9464;-0.0299
65233;43.0733;-0.0282
67036;48.8530;7.1757
67333;48.8221;7.4333
68299;47.6466;7.1067
70094;47.8585;6.4868
80313;49.9092;2.9380
03129;46.2667;2.7905
04058;44.4208;5.9576
05038;44.7398;6.8132
10193;48.4013;4.5341
10339;48.3775;3.7959
10371;48.1632;4.0206
16289;45.7776;0.5803
21652;47.2483;4.5245
24401;45.2285;0.9647
24468;45.0320;0.7357
27057;49.0048;1.0647
27312;49.0198;1.3552
27451;49.0048;1.0647
31241;42.9888;0.8129
33524;44.9990;-0.3983
39552;46.6552;5.5739
43093;45.3022;3.6763
45263;48.1873;2.2537
46034;44.7466;1.9153
51116;48.7203;3.5315
51633;49.3404;3.9587
57471;49.1842;6.4959
58105;46.9269;3.2989
59425;50.1880;3.5938
59665;50.9638;2.4340
60538;49.5564;2.7315
62669;50.4768;2.3789
63171;46.0374;2.8071
64246;43.2728;-0.1852
70160;47.6009;6.6927
73014;45.6747;6.3695
73131;45.3740;6.5315
73256;45.2191;6.5241
80527;50.0606;1.5186
86040;46.5635;0.8867
88271;48.2142;5.9735
89111;48.2460;3.5190
89171;48.2460;3.5190
09240;42.8458;1.5712
14097;49.0219;-0.2319
15030;44.8597;2.1840
15104;44.7318;2.2254
17217;45.8560;-0.1800
31179;43.5298;1.7752
32340;43.8574;0.1017
33383;45.3178;-0.9215
40215;44.0293;-0.8867
41138;47.7959;1.0852
50577;49.4114;-1.7564
52383;47.8592;5.2713
53115;48.4100;-0.8319
53177;48.3845;-1.0029
54172;49.4160;5.7406
54208;48.7138;5.8731
57453;49.0096;6.7694
57723;48.9250;6.6294
60204;49.6134;2.8596
60285;49.4441;2.6340
62030;50.1492;2.4713
64313;43.2946;-1.1827
65146;43.2687;0.1107
67078;48.6179;7.4214
67269;48.7504;7.4725
70326;47.4344;6.0525
70373;47.6953;5.8168
76611;49.6677;0.9084
77461;48.4788;3.1219
80079;49.7512;2.1621
86132;46.4460;1.0603
89104;47.7905;3.7907
95151;49.0668;2.2984
02123;49.7791;3.4434
03020;46.3270;2.9368
03031;46.3585;2.7533
03293;46.6639;2.7066
04041;43.9432;5.9685
05172;44.3940;5.6937
11165;42.8643;2.2143
12195;43.9346;2.8483
14571;49.1310;0.2591
17438;45.5824;-0.6940
18039;47.3016;2.8088
19169;44.9960;1.8080
21578;47.2782;4.7991
23081;45.8337;2.3493
25150;47.2664;5.8304
28192;48.2966;1.0090
28410;48.0751;1.3674
30247;44.2404;4.2200
31173;43.3507;1.4503
31331;43.5298;1.7752
41234;47.6159;1.1303
45328;48.0833;2.6011
46163;44.9082;1.8494
46272;44.6473;2.1330
50528;49.3265;-1.4925
51623;49.1724;4.0456
52212;48.4375;5.1425
56103;47.9732;-2.5848
57075;48.9946;6.4127
57131;49.3089;6.5075
57538;48.8273;6.5155
58035;47.1123;3.4820
62275;50.3762;1.8536
62366;50.4256;2.5474
63190;45.5550;2.5854
65436;43.2779;0.1955
70102;47.3218;5.7884
71111;46.6085;4.0143
71171;46.8342;4.6165
72125;47.9301;0.7056
80362;49.9917;1.5957
80832;50.2392;1.9183
87016;46.0084;1.4724
03181;46.3490;3.8344
04086;44.3555;6.6568
09081;43.1248;1.6040
14378;49.3177;-1.0550
18112;46.6712;2.2998
24580;45.1194;1.2979
27276;49.3313;1.5942
32146;44.0062;0.7584
33282;44.8383;-0.0395
36099;46.4666;1.8337
38090;44.9184;5.5781
39103;46.9201;5.9041
39145;46.6552;5.5739
50214;48.9843;-1.0651
57300;48.6474;7.2378
60653;49.4932;2.4185
61459;48.6912;-0.3983
61490;48.8350;0.0330
62061;50.3597;2.4626
62180;50.3777;2.3104
62206;50.4710;1.7675
63363;45.8468;2.8445
63445;45.7741;3.2953
64450;43.4861;-0.5804
68371;47.5717;7.3215
70130;47.4220;5.8319
72210;47.8404;0.5027
76619;49.9896;1.4244
77310;48.4108;3.2992
77530;48.6367;3.3826
78196;48.8750;1.9692
78406;48.7176;2.0503
81188;43.6890;2.8233
82172;44.2619;1.7949
08473;49.4740;4.1207
16395;45.7890;-0.0524
17287;45.2421;-0.2906
17345;45.4260;-0.4052
17479;45.5824;-0.6940
18252;46.5559;2.3320
19239;45.2237;1.3144
24180;45.5667;0.9580
27027;48.9046;1.2730
27142;49.1558;1.3062
32202;43.7608;-0.0566
34019;43.7273;3.1142
36087;46.6565;1.1364
36144;46.6443;1.3813
37256;47.1271;0.4421
40177;43.7488;-0.7202
41228;47.7461;0.7846
42067;45.3043;4.5495
43017;45.3778;3.3970
43122;45.1598;3.8152
45209;48.0647;2.3962
46238;44.7803;1.6965
58157;47.2943;3.8757
60328;49.5063;2.0075
60424;49.4441;2.6340
62740;50.4768;2.3789
64469;43.1417;-0.2429
65006;42.8993;0.2841
65040;43.0733;-0.0282
65418;43.3754;0.1573
66042;42.7715;2.6539
70253;47.4220;5.8319
70537;47.6868;6.3022
71233;46.4282;4.1016
76364;49.5163;1.4814
80151;50.0227;2.6606
80801;49.9092;2.9380
88376;48.3527;5.7500
91619;48.5236;2.2181
01410;46.2402;5.5491
02565;49.3989;3.7382
03317;46.4569;2.4075
08236;49.6405;4.6369
10098;48.0240;4.1239
10255;48.2596;4.2496
12273;44.6915;2.8164
14651;49.1819;-0.1528
18101;46.9399;2.9688
19233;45.5420;2.3448
21435;47.8294;4.5894
24512;44.8968;1.2177
25227;47.1495;6.3482
25233;47.1244;6.2691
25627;46.9453;6.0897
27074;49.1944;0.7092
28081;48.3277;1.2582
31276;43.1698;0.5481
32372;43.7068;0.9678
32449;43.8659;-0.1439
33399;44.6952;-0.0877
35199;47.9292;-1.2368
35286;48.4260;-1.7434
39323;47.2159;5.5278
39406;46.7557;5.9028
39412;46.9509;5.4123
42303;45.8653;3.9897
47204;44.5399;0.3053
51509;48.9342;4.2705
52061;48.2459;5.3811
54581;49.1534;5.8474
55204;49.0721;5.4560
58208;47.2312;3.7046
60445;49.5706;3.0378
60484;49.5468;2.0291
62059;50.8469;1.9756
62223;50.2106;2.8785
62503;50.8301;1.7103
62719;50.3763;2.1293
62831;50.3777;2.3104
64165;43.2986;-0.5861
65435;42.9464;-0.0299
69166;45.6117;4.6396
70341;47.7821;6.0966
74175;46.3699;6.6553
79118;46.6633;-0.3489
81008;44.1239;2.1871
88050;48.2228;6.6981
88444;48.3912;7.0206
95301;49.0867;1.6444
08060;49.4891;4.3377
11193;43.1822;1.9666
11392;43.0809;2.5915
16195;45.9169;0.4609
18146;47.3016;2.8088
22085;48.8388;-3.1407
24288;44.8666;0.0913
27245;49.4119;1.5125
28095;48.3277;1.2582
30197;44.1624;4.1539
31005;43.2381;0.8756
46124;44.9082;1.8494
46200;44.6155;1.1969
52141;48.0957;5.1365
54473;48.3910;6.0978
61402;48.6912;-0.3983
61473;48.6893;-0.1609
62675;50.6841;2.0790
76320;49.8397;1.4111
80473;49.7016;2.7754
80490;50.0173;2.8821
88131;48.2228;6.6981
03175;46.2575;3.1398
03284;46.3831;3.5976
03311;46.1429;3.0387
07149;44.8207;4.4791
11010;42.9167;2.3471
14025;48.8884;-0.2144
14195;49.0067;-0.6820
18174;47.0878;2.5267
23097;46.1028;2.2260
23229;46.0849;2.0174
24101;45.5151;0.8024
25202;46.8661;6.1644
26224;44.8733;5.0351
33431;44.7741;-0.3449
36214;46.4858;2.0825
39034;46.9509;5.4123
41114;47.7125;1.4546
45107;47.8858;2.5139
45135;48.2104;2.0603
48045;44.6437;3.6805
51566;48.9342;4.2705
52158;47.6848;5.2877
52349;48.0957;5.1365
54146;48.5985;5.8544
54179;48.8815;6.2268
59093;50.1317;3.9232
61487;48.5203;-0.6035
62022;50.7367;1.8148
62499;50.4710;1.7675
62821;50.6278;1.7505
64017;43.0978;-0.8959
68194;47.4827;7.3052
70296;47.4967;6.2428
70417;47.6496;5.9683
76023;49.7257;0.7918
76243;49.5595;1.3516
77094;48.9494;2.7161
77110;48.1730;2.6493
77366;49.0300;2.8082
82059;43.8709;0.9947
85261;46.5446;-1.2156
87093;45.6831;1.5988
01425;46.0747;5.3139
01433;46.4430;5.1230
02614;49.8944;3.1649
06129;44.0922;7.1271
10012;48.2425;4.7115
11407;43.3333;1.9782
16036;45.4909;0.0543
19115;45.0557;1.6594
21037;46.9857;4.7542
21478;47.3545;4.8932
23179;45.9608;2.1890
27370;49.3275;1.4216
27407;49.3275;1.4216
28355;48.8653;1.4846
30234;43.9770;4.1101
32172;43.4788;0.4383
46094;44.6447;1.8144
52001;48.1143;5.3203
54331;48.4443;6.5661
57418;48.9138;6.8634
57459;49.4173;6.4226
58255;47.2943;3.8757
62388;50.3630;2.0044
64492;43.1182;-1.1799
71441;46.3368;4.5283
80499;49.7772;2.5059
80536;49.9092;2.9380
84121;43.7676;5.5650
87153;45.8082;1.6584
01128;46.4430;5.1230
02196;49.5539;3.5934
05176;44.4746;6.0712
07065;44.6420;4.2368
12193;44.5838;2.4644
18029;46.7613;2.6677
18167;47.1585;1.8792
23065;46.3044;1.6821
24302;45.2509;1.1449
25155;47.0295;6.0801
28407;48.2966;1.0090
34201;43.4354;2.8976
40137;44.1060;-0.3086
47276;44.3073;0.5421
51003;49.0294;4.1667
51031;49.1184;4.3414
59175;50.1687;4.0194
61100;48.7128;0.5659
61406;48.7128;0.5659
62597;50.1523;2.7931
62742;50.4710;1.7675
65017;42.7845;0.2492
71368;47.0754;4.2773
73140;45.6800;5.7725
76107;49.5595;1.3516
80493;50.0734;2.5120
89087;47.7772;4.1587
89364;47.4457;3.7642
89400;47.5879;3.2448
90007;47.6082;6.8142
02398;49.4239;3.3840
05111;44.5289;6.5355
07060;44.8957;4.6151
14316;49.2640;-0.0844
17326;45.5124;-0.3366
23113;45.9976;2.3290
24034;44.9759;0.5487
24261;44.9453;0.9211
2B320;42.1586;9.4398
38313;44.9382;5.8349
38438;44.9184;5.5781
39387;47.0181;5.6398
40141;43.7488;-0.7202
47284;44.5305;0.8182
50302;49.1154;-1.2554
51345;48.9023;3.7817
51387;49.0028;3.9238
57286;49.4173;6.4226
59306;50.1606;4.0863
60137;49.4441;2.6340
62424;50.2103;2.9767
64385;43.4589;-0.3414
70441;47.4344;6.0525
79111;46.1222;-0.2637
80740;49.7189;2.3729
80774;49.9016;2.5356
80803;49.7016;2.7754
81121;43.4851;2.5226
88259;48.3527;5.7500
88301;48.3562;6.6454
89084;47.6888;3.5467
89437;47.8736;3.6828
89474;47.9421;3.8475
02267;49.2731;3.1234
02716;49.6403;3.2963
05055;44.5715;5.7130
12034;44.4011;2.1585
14665;49.2638;-0.2330
16013;45.5885;-0.0877
24015;44.9453;0.9211
39274;46.2797;5.9120
40138;43.6285;-0.5937
43069;45.1188;4.2996
46188;44.4542;1.4651
51269;48.5970;4.6425
55214;48.6841;5.3388
58301;46.9712;3.7752
59532;50.9885;2.1477
61283;48.8350;0.0330
62009;50.1489;2.7044
65224;43.2122;0.3897
65427;42.9422;0.5471
67401;48.9453;7.0590
70343;47.7821;6.0966
70487;47.5606;6.4497
70507;47.4344;6.0525
70572;47.8418;5.8916
72347;47.8851;-0.1248
80245;50.1625;2.1348
80291;49.7189;2.3729
82053;43.8709;0.9947
90006;47.7547;6.8332
01042;46.2467;4.8854
11119;43.0486;2.1802
12103;44.6558;2.5816
12251;43.9346;2.8483
14320;48.9914;-0.4099
14732;49.2816;-0.7154
15082;44.7321;2.4780
22315;48.4277;-2.2014
24459;45.0320;0.7357
25537;47.1021;6.0839
32163;43.6042;0.0669
33153;44.8383;-0.0395
40158;44.0397;-0.1242
42171;45.9031;4.1301
43079;45.2102;3.5526
47188;44.5995;0.3784
50395;49.5866;-1.3528
51360;48.7150;3.7134
53093;48.4739;-0.9584
54558;48.7450;6.3640
58024;47.0705;3.6596
59461;50.0896;3.8302
60048;49.4684;2.7499
61148;48.7672;-0.5540
62131;50.1523;2.7931
62272;50.1489;2.7044
62797;50.3777;2.3104
63428;46.1157;2.8841
63439;45.5677;3.4177
68184;47.4827;7.3052
68196;47.6466;7.1067
71425;46.8342;4.6165
72126;48.0067;-0.1219
72166;48.0067;-0.1219
73149;45.6800;5.7725
80359;49.7016;2.7754
81066;43.4763;2.3662
84066;43.9245;5.2459
90096;47.5262;7.0264
03086;46.4660;3.7982
07112;44.7013;4.3424
12074;44.5816;2.9350
14206;48.9036;-0.0520
14335;49.2184;-0.0306
14540;49.1310;0.2591
21483;47.5246;5.0664
21536;47.5892;5.2274
24126;44.7422;0.6032
24277;44.9031;0.3446
24563;45.0533;1.1586
25124;47.2892;6.9261
27319;49.3763;0.7043
27323;48.9289;0.6860
27627;49.1267;0.4626
31011;42.9888;0.8129
31461;42.9888;0.8129
33231;44.6408;-0.2811
37262;47.1271;0.4421
38429;44.9184;5.5781
39025;46.5636;5.4298
39201;46.5974;5.7779
39553;46.7426;5.6286
47035;44.6188;0.4833
50235;49.4114;-1.7564
51014;49.2287;3.7632
52105;47.9125;5.4592
57381;48.8874;6.4058
60377;49.5501;2.2286
60474;49.6134;2.8596
60594;49.5631;1.8175
60672;49.2420;2.9827
61121;48.4242;0.4397
61433;48.4709;0.0798
62581;50.4735;2.2572
62731;50.0913;2.9826
62733;50.1496;2.6216
64505;43.4860;-0.7527
67126;48.9015;7.3290
67142;48.8278;8.0354
71013;46.8995;5.2574
71343;46.8900;4.7691
72309;48.3093;-0.0220
73047;45.3065;7.0174
76485;49.7961;0.9697
76542;49.7257;0.7918
78070;48.9394;1.7273
88245;48.3912;7.0206
89479;47.7652;3.6173
03224;46.0430;3.6956
10395;48.0240;4.1239
12041;44.1851;2.3373
14751;48.8884;-0.2144
15008;45.3190;2.4929
21527;46.9890;4.6164
27066;49.4119;1.5125
28323;48.5968;1.2694
30261;44.0513;4.1895
31265;43.7515;1.0584
40319;44.1586;-0.7280
47141;44.5305;0.8182
50563;48.9843;-1.0651
51278;49.1184;4.3414
55566;49.0265;5.3023
57128;49.1842;6.4959
59633;50.0748;4.1381
62184;50.2131;3.0738
63294;45.9495;2.8584
63407;45.6539;2.9513
64262;43.3830;-0.2320
64391;43.2027;-0.8933
67178;48.8530;7.1757
67387;48.3962;7.4116
67531;48.4804;7.2102
72190;47.9301;0.7056
74041;46.2907;6.7396
76362;49.4548;0.7260
76622;49.4717;0.6014
80626;49.8727;2.0689
82175;44.1429;0.9367
83114;43.6398;5.8468
02409;49.5725;3.9635
07133;44.4662;4.6372
08151;49.4949;4.5877
09177;43.1248;1.6040
09254;43.1248;1.6040
10104;48.2056;4.1125
11320;42.8371;1.9818
16137;45.5978;0.4253
17006;45.4260;-0.4052
17206;46.0200;-0.3370
21346;47.7772;4.8663
23117;46.3044;1.6821
24248;45.5369;0.6442
25616;47.1860;5.8234
28041;48.3277;1.2582
28305;48.2004;1.4336
28349;48.6497;1.5083
33024;44.5793;-0.0315
40325;43.6362;-0.3982
54242;48.5985;5.8544
54358;48.7450;6.3640
55085;48.7757;5.6142
57617;48.9870;6.2104
59439;50.1133;3.7395
59442;50.2405;4.0386
60207;49.2804;2.9877
60698;49.5636;2.5505
61015;48.5848;0.1537
62551;50.4534;1.9387
64172;43.4861;-0.5804
65044;43.2779;0.1955
71397;46.4607;4.6276
72060;47.6593;0.1519
72368;47.8336;0.6915
80115;49.9092;2.9380
88520;48.0072;6.2536
95610;49.0802;1.9139
02752;49.7575;3.1720
03201;46.0430;3.6956
12232;43.9484;3.0227
14427;48.8817;-0.3834
17290;45.8685;-0.2970
18053;47.1579;2.8977
22352;48.3802;-1.9979
25002;47.0722;5.8982
27359;48.8419;0.7041
28290;48.4570;1.2308
2A099;41.9339;9.1865
32271;43.8659;-0.1439
45251;47.5591;2.6982
48166;44.5503;3.4880
51033;48.9023;3.7817
53052;48.4038;-0.1217
58056;47.1860;3.0747
63081;45.5398;3.7752
65084;43.1625;0.1054
66063;42.4667;2.8308
67094;48.3245;7.4249
76214;49.7971;1.1220
76375;49.8337;0.7274
76629;49.7961;0.9697
80023;49.7016;2.7754
80266;50.0227;2.6606
81250;43.7194;2.1291
82174;44.1565;1.5437
83006;43.6398;5.8468
88458;48.3747;6.2660
89465;48.3049;3.2038
90062;47.6681;6.9888
95154;49.0485;2.5187
02681;49.8211;3.9145
09322;42.7993;1.2327
19102;45.3827;2.2590
21240;47.5246;5.0664
25372;47.4568;6.5762
26278;44.2694;5.3363
28162;48.3227;1.5067
30097;44.2404;4.2200
32446;43.4165;0.3221
33464;44.7209;-0.2227
36175;46.9845;1.6365
37035;47.0141;0.3871
38427;45.3270;5.3635
42247;45.7003;3.8911
51611;48.8828;4.0352
55124;49.3482;5.1985
55248;48.5183;5.4976
55466;48.7770;5.1703
57301;49.0414;7.5069
59182;50.9241;2.2333
60210;49.4441;2.6340
60599;49.6664;1.9467
67068;48.8437;7.6070
67181;48.6157;7.5786
70060;47.3218;5.7884
71207;46.8995;5.2574
71286;46.6732;4.3977
78009;48.5044;1.8580
80230;49.7735;2.9160
80807;50.0227;2.6606
88061;48.0079;5.9568
89281;47.8527;3.3103
90082;47.5714;6.9356
01087;46.1948;5.7148
02324;50.0019;3.7942
03137;46.3047;3.4530
03178;46.3490;3.8344
10281;48.3775;3.7959
18009;46.7360;2.4965
25095;47.2515;6.6619
32283;43.4055;0.1982
33308;44.6408;-0.2811
38404;45.1843;5.8828
43264;45.1586;3.3936
45166;48.0107;1.8694
46178;44.8071;1.4811
50362;48.5704;-1.0675
53142;48.4289;-0.3424
55001;48.5183;5.4976
55449;49.0721;5.4560
57139;48.9870;6.2104
60449;49.4441;2.6340
62102;50.6792;1.8616
62615;50.9032;1.8227
65161;43.3754;0.1573
66044;42.6000;2.7620
67070;48.9453;7.0590
74295;46.3413;6.5052
76048;49.4839;1.6393
76149;49.6904;1.0289
80501;50.2392;1.9183
80624;49.9961;2.3435
89331;47.5879;3.2448
02518;48.9761;3.5408
03232;46.2217;3.4472
14244;48.8884;-0.2144
15211;44.9868;2.1919
18221;46.8351;2.3602
19029;45.0557;1.6594
21128;47.2483;4.5245
23142;45.9608;2.1890
24458;45.5369;0.6442
24504;45.2430;0.3402
25317;47.2664;5.8304
28030;48.6934;1.0846
28283;48.1266;1.6821
28284;48.2537;1.8842
33359;44.6539;0.0759
34235;43.6529;2.9962
40054;43.6032;-0.7344
41253;47.8058;1.4353
42100;45.6128;4.4028
45242;47.8346;2.6798
46136;44.5549;1.3289
47105;44.3849;0.8443
51023;49.0294;4.1667
52297;48.0957;5.1365
53041;47.8986;-1.1039
55328;48.5649;5.6827
55489;49.1850;5.3383
57504;48.5927;7.1037
57507;49.1842;6.4959
57761;48.7890;7.2224
59267;50.0657;3.1314
59395;50.0869;3.5816
62553;50.4768;2.3789
64381;43.3303;-0.7874
80089;50.0939;2.1056
80709;49.9470;1.7540
86217;46.9074;0.4136
89041;48.0651;3.7731
89045;47.8736;3.6828
89285;48.3049;3.2038
02283;49.7385;3.8042
12187;44.5816;2.9350
14032;49.2820;0.2287
17335;45.3705;-0.5998
18017;46.8298;2.8972
21419;47.8578;4.3858
23261;46.2179;2.3902
32304;43.3835;0.5907
32418;43.4456;0.9073
36084;46.6050;1.8379
37168;46.9873;0.7032
41182;47.6159;1.1303
45086;48.2104;2.0603
45088;48.2104;2.0603
45325;48.0809;2.0575
45337;48.0142;1.6697
47076;44.0949;0.6927
52230;48.2878;5.0954
57387;49.4173;6.4226
60347;49.6701;1.7733
61244;48.6466;0.5032
70254;47.6775;6.5035
71273;46.6538;3.7693
77522;48.4694;3.3403
80066;49.9961;2.3435
80183;49.9470;1.7540
80312;50.0173;2.8821
80647;49.8237;2.8249
87090;46.3148;1.3582
88150;48.3247;5.8676
95304;49.1403;2.1594
02806;49.1936;3.5598
03051;46.4569;2.4075
03154;46.3490;3.8344
03312;46.4485;2.8463
08084;49.4740;4.1207
10095;48.5835;4.1609
10425;48.1632;4.0206
11302;42.7658;2.1667
23136;46.3347;1.8902
24190;45.0320;0.7357
27584;49.1944;0.7092
30090;44.3724;3.9922
30124;44.2887;4.5096
33329;44.4368;-0.3760
33482;44.6952;-0.0877
35244;48.3345;-1.5140
36135;46.9845;1.6365
37032;47.0872;0.7995
39187;46.7775;6.0809
39445;46.6552;5.5739
39480;46.6552;5.5739
40016;43.6285;-0.5937
42274;45.8653;3.9897
47058;44.2891;0.2601
49056;47.7332;-1.1512
50360;49.5258;-1.4865
51185;48.7203;3.5315
51277;48.5970;4.6425
51354;48.8713;4.4893
55509;49.5006;5.3752
60551;49.2665;2.3686
60553;49.4441;2.6340
61476;48.4242;0.4397
62111;50.2642;2.4781
63175;45.7561;2.6014
68079;47.6466;7.1067
70208;47.6011;6.1559
70322;47.6868;6.3022
70407;47.4344;6.0525
77484;48.8616;2.9501
80583;49.7512;2.1621
81242;43.4692;2.1562
97352;3.9138;-53.3985
02624;49.8881;3.6413
02671;49.5817;3.1917
03079;46.3831;3.5976
03266;46.3047;3.4530
05057;44.4746;6.0712
11416;43.3064;2.3749
18124;47.1276;2.0736
25456;47.1647;6.7090
33288;44.6408;-0.2811
36178;46.6565;1.1364
37140;47.0141;0.3871
43192;44.8427;3.7908
51290;48.7580;4.8347
52407;48.2459;5.3811
52488;48.0322;5.3092
54363;49.3750;5.8750
54406;48.5815;6.7912
55568;48.7770;5.1703
59236;50.1420;3.1601
59412;50.0869;3.5816
61277;48.5537;0.4662
61304;48.4709;0.0798
62636;50.8301;1.7103
71103;46.7997;4.3454
71136;46.6085;4.0143
71355;46.8995;5.2574
71553;46.3132;4.2805
76134;49.8335;0.8472
79226;46.6159;-0.4253
80116;49.7368;2.6493
80276;49.7720;1.9519
91184;48.3727;2.3581
01045;45.9977;5.0216
02353;49.6393;3.8348
07248;44.8862;4.4065
10124;48.2495;3.8367
19257;45.1312;1.7100
21272;47.4845;4.3373
23250;46.0849;2.0174
24413;44.9031;0.3446
24552;45.0533;1.1586
26203;44.4372;4.8611
26259;45.2134;4.9675
32347;43.7787;0.6218
39437;46.7557;5.9028
40115;43.8185;-0.9590
50282;48.7459;-1.3066
51363;48.7343;4.6063
52021;48.5070;4.9537
54016;48.7138;5.8731
54047;48.5368;5.9113
58082;47.0872;3.8971
58147;47.1910;3.3323
61005;48.3286;0.5527
62398;50.3630;2.0044
65360;43.0866;-0.1534
69082;46.2558;4.6751
71403;46.7976;4.7275
72194;48.2253;0.1020
76692;49.7753;0.6404
78417;48.8921;1.6742
80395;49.6644;2.5930
02017;49.6765;3.3923
03024;46.3490;3.8344
04138;43.9527;5.7868
07303;44.8234;4.6514
14759;48.8884;-0.2144
15159;44.9796;2.6572
17388;45.5959;-0.5045
17426;45.8271;-0.4669
18204;46.9117;2.6018
21271;47.5309;4.5262
24482;45.3702;0.3694
25184;47.4550;6.3461
28050;48.8653;1.4846
31412;43.2618;0.6826
33027;44.5793;-0.0315
33181;44.8383;-0.0395
34190;43.3496;2.6970
35134;48.2777;-1.8126
36105;46.7244;1.0046
39502;47.0181;5.6398
47267;44.2891;0.2601
48178;44.2838;3.8246
50514;48.7317;-0.9210
51402;48.7203;3.5315
54283;49.1534;5.8474
55531;48.8463;4.9967
58306;46.8005;3.4767
60186;49.4932;2.4185
63152;46.0374;2.8071
63286;46.0656;3.0064
64171;43.4095;-0.5548
64228;43.3051;-1.0548
64375;43.3051;-1.0548
65456;43.1396;0.4067
66105;42.5769;2.0852
67136;48.8530;7.1757
67394;48.9439;7.8821
71021;46.4335;4.2963
71146;46.4607;4.6276
71576;46.5458;4.8719
76345;49.6189;1.5439
82092;44.2251;1.6242
83002;43.6913;6.2260
86150;46.7015;0.1582
02035;49.8881;3.6413
02512;49.0973;3.1992
02711;49.3180;3.5440
02713;49.1936;3.5598
03130;46.6639;2.7066
03167;46.1959;2.6188
10258;48.4013;4.5341
18034;46.7360;2.4965
21172;46.9897;5.0885
24146;45.0320;0.7357
31171;43.4581;1.5834
32209;43.6464;-0.1249
33156;44.7209;-0.2227
37244;47.1271;0.4421
38245;45.1571;5.3036
42314;45.9518;3.7748
43067;45.2102;3.5526
52377;47.9435;5.7168
54592;48.4908;6.0695
55388;48.8463;4.9967
60016;49.3234;2.3236
60020;49.1331;2.9579
62343;50.2106;2.8785
63184;45.9654;3.5179
64358;43.2728;-0.1852
64512;43.3739;-0.6566
67099;48.9548;7.1976
67209;48.7485;7.5653
68282;47.6466;7.1067
70221;47.6009;6.6927
71065;46.4607;4.6276
71529;46.4917;4.4322
73042;45.6800;5.7725
73090;45.6548;6.1758
73242;45.1791;6.2462
79243;46.2814;0.0312
82014;43.8533;1.1685
82162;44.2251;1.6242
88021;48.3562;6.6454
88121;48.3420;6.4424
89261;48.2460;3.5190
89336;47.3918;3.9929
02097;49.6393;3.8348
02158;49.4878;3.6830
02332;49.1936;3.5598
02730;49.3989;3.7382
07077;44.5772;4.4897
08006;49.4949;4.5877
08203;49.6405;4.6369
11345;42.9849;2.7968
14135;49.2135;-0.5214
14455;48.9914;-0.4099
16125;45.4895;0.2971
19055;45.3827;2.2590
21301;47.0296;5.1327
22006;48.6535;-3.3087
27674;49.0198;1.3552
28170;48.7096;1.3675
2B047;42.3286;8.9825
30194;44.2983;4.0972
33209;44.8154;-0.2027
37105;47.0141;0.3871
47129;44.3026;0.3688
52544;47.9435;5.7168
55512;49.0265;5.3023
59061;50.1133;3.7395
60289;49.6664;1.9467
60564;49.5636;2.5505
62429;50.7367;1.8148
62460;50.5511;1.6977
63289;45.7561;2.6014
70195;47.6775;6.5035
71376;47.0674;4.1166
76620;49.7407;1.4648
76695;49.6526;0.3995
77041;48.2952;2.5428
77066;48.7633;3.3188
77523;48.4108;3.2992
78404;48.8051;1.7471
80185;49.7016;2.7754
81179;43.5672;1.8913
81210;43.5606;2.0205
88065;48.1086;6.0777
89272;47.7205;3.2499
90036;47.6681;6.9888
91578;48.5358;2.1811
03272;46.2073;3.6605
11398;42.9151;2.9410
14369;49.1880;-0.8225
15259;45.1979;3.1653
19116;44.9960;1.8080
19128;45.5420;2.3448
24548;45.5369;0.6442
25059;47.4568;6.5762
26019;44.6445;5.2635
26285;44.4553;5.0169
27144;48.9046;1.2730
27315;49.2404;1.4152
28060;48.4965;1.4545
28342;48.3163;0.8760
2A232;41.7990;8.8769
30205;44.1082;4.5334
32384;43.7494;0.4911
40024;43.7483;-0.5556
40116;43.8530;-0.7905
40121;43.7488;-0.7202
41093;47.6159;1.1303
46144;44.8876;1.5053
47104;44.3073;0.5421
47181;44.5305;0.8182
50334;48.9224;-1.1680
53263;48.4617;-0.4868
55267;48.9934;5.7278
57461;48.5927;7.1037
60488;49.5706;3.0378
60617;49.5706;3.0378
61193;48.7988;0.4886
64466;43.3303;-0.7874
64494;43.4772;-0.9610
64543;43.1256;-1.3770
65113;43.1910;0.2471
65409;43.3754;0.1573
70215;47.6009;6.6927
71337;46.3132;4.2805
76339;49.7753;0.6404
77526;49.0542;2.9132
88366;48.3247;5.8676
89433;47.5102;3.8891
01002;46.0338;5.4215
02791;49.5688;3.7297
04233;44.2004;5.9040
05110;44.8269;6.4236
08417;49.9158;4.5115
11035;42.8643;2.2143
14529;49.2816;-0.7154
15127;45.1979;3.1653
16047;45.4895;0.2971
17195;46.0720;-0.5378
21088;47.1117;4.9798
21717;47.7772;4.8663
22317;48.4277;-2.2014
24414;44.9759;0.5487
25216;47.3948;6.7294
25281;47.3948;6.7294
27038;48.7417;0.9087
27063;49.0700;0.8168
27136;49.0198;1.3552
30150;43.9496;3.9906
33134;45.3178;-0.9215
36048;46.5948;1.5730
41013;47.5556;1.5404
43240;45.2368;4.0063
51484;49.2287;3.7632
52374;47.7926;5.4347
54018;49.2643;5.8940
55171;49.1964;5.5975
55229;48.9104;5.5708
55298;48.7770;5.1703
57489;48.9918;7.4158
63462;46.0971;2.6628
66019;42.7715;2.6539
70015;47.7021;6.0529
73314;45.5008;6.0585
80226;49.7518;3.0187
80285;49.7512;2.1621
80301;49.7720;1.9519
80374;50.2392;1.9183
82040;44.2251;1.6242
02419;50.0019;3.7942
02567;49.8908;4.1075
07267;44.9172;4.2859
07290;44.9913;4.6100
10162;48.2596;4.2496
12190;44.4011;2.1585
14280;49.1716;0.0767
18153;46.6712;2.2998
21259;47.6439;4.3442
25115;47.2664;5.8304
25583;47.3300;6.8121
2B347;42.1616;9.2735
30322;44.0515;3.8329
31571;43.5298;1.7752
32020;43.4165;0.3221
32300;43.5000;0.6080
33115;44.4019;-0.4841
35185;48.2437;-1.1789
45299;48.0142;1.6697
46192;44.8876;1.5053
50106;49.2231;-1.1741
51316;48.5970;4.6425
51625;48.7203;3.5315
53132;48.4100;-0.8319
55274;48.9104;5.5708
58171;47.0705;3.6596
59187;50.2276;3.9287
60618;49.2265;2.8507
61030;48.7672;-0.5540
62504;50.7592;2.2329
64426;43.1919;-0.6421
65301;43.2779;0.1955
69180;45.6117;4.6396
70037;47.5819;5.6836
71465;46.5999;4.6268
73076;45.6697;5.8501
80659;50.1635;2.3412
80726;49.7518;3.0187
89408;47.7773;3.0949
95316;49.0746;2.4276
02061;49.9674;3.4414
03071;46.3831;3.5976
04216;44.2004;5.9040
06086;43.9118;7.4342
07147;44.4500;4.0742
08158;49.6517;4.7787
09101;43.0413;1.6293
10195;48.5835;4.1609
11054;43.3333;1.9782
14293;49.1904;0.3493
14605;49.3171;-0.9153
15264;44.8209;2.3447
19053;45.5420;2.3448
19271;44.9960;1.8080
21429;47.6439;4.3442
22092;48.3587;-3.1633
25121;46.6707;6.1692
25489;47.0295;6.0801
31511;43.6512;1.6466
35114;47.8326;-1.3053
36076;46.7244;1.0046
38535;45.7153;5.2700
40172;43.6285;-0.5937
42255;45.9093;3.8502
43022;45.2693;3.3650
43254;45.0731;3.7282
50589;48.5681;-1.4776
51523;49.2287;3.7632
51524;48.5867;3.7574
52118;48.4375;5.1425
52274;48.0490;4.8864
54163;48.5815;6.7912
57037;48.9946;6.4127
57172;49.1842;6.4959
57517;49.1232;7.3585
58081;47.2832;3.2261
63340;45.4754;3.4445
63343;45.6791;3.4814
65221;43.0347;0.1428
65415;43.0733;-0.0282
67013;48.8530;7.1757
77220;48.2952;2.5428
80637;50.1191;1.8139
80784;49.9016;2.5356
81324;43.6943;1.8037
82043;43.8533;1.1685
89273;47.5879;3.2448
04162;44.0486;5.6113
09173;43.0413;1.6293
17138;46.0200;-0.3370
17209;45.5124;-0.3366
17476;45.4260;-0.4052
21441;47.2483;4.5245
21560;47.2948;4.2513
22276;48.4126;-2.9253
25263;46.6707;6.1692
26192;44.4553;5.0169
27162;48.9728;0.9211
27641;49.1474;0.9580
31008;43.3503;0.8395
33467;44.8116;0.2092
34262;43.6689;3.4823
34334;43.5538;2.9220
37255;47.1271;0.4421
40204;43.7488;-0.7202
43037;44.9244;3.7677
48119;44.4744;3.9068
51496;48.7343;4.6063
54434;48.4523;6.1239
58195;46.8027;3.7623
58275;47.1123;3.4820
58312;47.4642;3.4920
62886;50.5712;1.9180
63053;45.6767;2.6843
64268;43.2027;-0.8933
65045;42.9460;-0.1636
65439;43.2894;-0.0373
70081;47.6775;6.5035
76736;49.7753;0.6404
88143;48.3420;6.4424
88308;48.3527;5.7500
88410;48.3562;6.6454
88521;48.3562;6.6454
02445;49.8908;4.1075
02699;49.1936;3.5598
02728;49.9025;3.8968
03182;46.1154;3.1998
03213;46.4826;2.6565
03313;46.5881;2.8054
07093;44.7657;4.3521
08193;49.4949;4.5877
10288;48.0053;4.4627
16246;45.3951;0.1233
23041;46.3823;2.0019
24245;44.6558;1.0771
25029;47.0026;6.3101
30220;43.9871;3.7147
31143;43.0210;0.6439
35005;47.9292;-1.2368
41004;47.7461;0.7846
45101;47.9489;2.2986
46133;44.6447;1.8144
51051;49.3404;3.9587
51337;49.2287;3.7632
51552;48.8713;4.4893
54598;49.3326;5.7781
57497;48.9138;6.8634
58011;47.4642;3.4920
61206;48.5268;0.7998
62539;50.3777;2.3104
62698;50.4710;1.7675
72259;48.1973;0.4291
86085;46.7882;0.1512
88294;48.2558;6.4203
88334;48.3096;6.0977
02637;49.8685;3.3018
05026;44.6693;6.6896
11323;43.0486;2.1802
14744;49.2816;-0.7154
21002;47.2782;4.7991
23214;46.0849;2.0174
24293;44.7520;1.0461
30099;43.9523;3.8724
32243;43.8659;-0.1439
38379;45.2530;5.2261
40092;43.7483;-0.5556
40199;43.5793;-0.9162
46112;44.4542;1.4651
47218;44.5995;0.3784
48003;44.4947;3.7151
50195;48.7317;-0.9210
50317;48.6305;-1.3132
52172;48.3636;4.9313
60031;49.1504;3.0662
60400;49.4932;2.4185
60656;49.1504;3.0662
62715;50.0847;2.8521
62805;50.4768;2.3789
64073;43.3794;-0.4500
66051;42.6388;2.3541
71156;46.4475;4.8180
77012;48.6367;3.3826
77416;48.5606;3.0374
89057;47.5372;3.6418
89148;47.6135;3.4456
95024;49.1378;1.7801
01359;46.0917;5.1480
03191;46.3270;2.9368
08358;49.8122;4.5255
11042;43.2164;2.6352
11153;43.1822;1.9666
13011;43.7214;4.8116
18106;46.8298;2.8972
18116;47.3016;2.8088
18173;46.9117;2.6018
21133;47.2087;4.9017
21702;47.5246;5.0664
24009;45.3309;1.0822
26309;44.9366;5.4223
27380;49.1944;0.7092
27490;49.2105;1.5928
30265;43.9496;3.9906
32112;43.6691;0.7626
32457;43.8484;0.6403
39253;46.4077;5.4533
41283;47.7959;1.0852
54031;48.8291;6.0399
54238;48.4627;6.3431
55093;48.9104;5.5708
60263;49.6646;3.0328
62018;50.4710;1.7675
62070;50.3597;2.4626
62760;50.5971;2.0997
63029;45.4492;3.3416
63402;45.9229;3.6103
64368;43.3051;-1.0548
65189;43.2894;-0.0373
67166;48.8437;7.6070
70196;47.8605;6.2465
70358;47.6011;6.1559
71447;46.7976;4.7275
72265;48.1973;0.4291
72327;47.7504;0.2764
76162;49.7971;1.1220
76175;49.8397;1.4111
76422;49.9896;1.4244
80835;49.9553;2.0974
82029;44.2619;1.7949
88205;47.9435;6.5170
89061;47.9421;3.8475
01282;46.1000;5.5423
02060;49.8123;3.1325
02808;49.9653;3.2544
07234;45.2925;4.7458
08148;49.4891;4.3377
08373;49.7820;4.2978
09204;42.9619;1.1680
12069;43.8038;2.7426
19084;45.1426;1.8597
25257;47.2664;5.8304
28028;48.1266;1.6821
28080;48.1792;0.9101
29083;48.0380;-4.8566
2B332;42.4948;9.1656
30025;43.9505;3.4632
32321;43.5137;0.9477
32339;43.6005;1.0782
33427;44.6952;-0.0877
33536;44.5167;-0.6351
39449;47.2159;5.5278
45174;48.2104;2.0603
51553;49.1559;4.5429
60585;49.5636;2.5505
61213;48.5604;-0.1273
62685;50.5025;2.1152
64043;43.4589;-0.3414
65043;43.0347;0.1428
65248;43.5049;0.0069
67145;48.7504;7.4725
70111;47.6868;6.3022
71071;46.2944;4.0641
80002;49.8237;2.8249
80593;49.9195;2.7339
80595;49.7772;2.5059
80640;50.0227;2.6606
80723;49.8727;2.0689
81180;44.1239;2.1871
84079;44.0935;5.3950
87037;45.6750;0.7686
01198;45.8985;5.1634
01411;45.8773;5.3260
02801;49.6857;4.0229
02813;49.7791;3.4434
03218;46.6099;3.0191
07029;44.5629;4.2173
07044;45.2925;4.7458
07153;44.6740;4.1122
07276;44.8862;4.4065
08499;49.6014;4.4510
09009;43.0067;1.4206
10370;48.4800;3.5157
11263;42.8643;2.2143
11311;43.0809;2.5915
14096;49.0067;-0.6820
14602;48.9153;-0.5064
19251;45.3545;1.8910
21367;47.1835;5.3733
21636;46.9890;4.6164
23038;46.3478;2.2251
25565;46.7616;6.3586
27567;49.3313;1.5942
28308;48.6934;1.0846
32452;43.8771;0.8048
34220;43.7451;3.3468
36081;46.4730;1.6590
36193;46.8582;1.4060
40012;43.9331;-0.5266
51129;48.7150;3.7134
54104;48.6421;6.3587
54249;49.1534;5.8474
57747;48.7784;7.1592
60604;49.6664;1.9467
61054;48.9095;0.3567
63130;46.1866;2.8334
64234;43.5232;-0.4426
71389;46.6538;3.7693
80662;49.9470;1.7540
95110;49.1531;1.9923
07196;44.5629;4.2173
14723;49.1716;0.0767
15131;45.3190;2.4929
18230;46.6712;2.2998
21150;46.9857;4.7542
21432;47.9217;4.7867
24518;45.0320;0.7357
26373;44.5059;5.1219
27204;49.3313;1.5942
27472;48.9728;0.9211
2B290;42.6078;9.0461
36023;46.9845;1.6365
36209;46.9136;1.9462
38472;45.2521;5.7666
39534;46.5136;5.5833
40003;43.7691;-1.0741
42058;45.5094;4.0434
45113;48.0463;3.0178
45205;47.9909;2.4834
47059;44.6787;0.2325
47240;44.6268;0.7384
48188;44.6861;3.4562
51216;49.2685;4.3106
55346;49.2425;5.1020
61281;48.7507;-0.7219
61435;48.7988;0.4886
62015;50.3891;1.6689
62622;50.7978;2.0540
62868;50.3763;2.1293
64008;43.1182;-1.1799
64244;43.1919;-0.6421
64308;43.4589;-0.3414
64452;43.3625;-0.0459
65245;43.1396;0.4067
68105;47.6466;7.1067
68106;47.8611;7.0886
71547;46.3368;4.5283
71586;46.4335;4.2963
72254;48.3895;0.1686
76049;49.9057;1.3140
76612;49.8828;1.5974
77364;49.0300;2.8082
79256;46.5341;-0.0691
80580;50.3005;1.6843
82166;44.0665;0.8462
83109;43.7380;6.5295
88240;48.2228;6.6981
91508;48.3976;2.1970
01206;46.1000;5.5423
01387;46.3400;5.1330
04027;44.2004;5.9040
10076;48.2425;4.7115
10215;48.2444;4.4801
14368;49.0355;0.1271
15096;45.0490;2.6165
19204;45.5420;2.3448
23083;46.1329;2.4610
24562;45.1226;0.4155
26352;44.5517;4.9465
27083;49.2880;0.6835
29286;48.4526;-4.2228
30079;44.3724;3.9922
32133;43.9566;0.1719
32444;43.7068;0.9678
33172;45.1614;-0.6351
38173;45.0896;6.1682
47009;44.0578;0.1991
47247;44.6787;0.2325
55025;49.5012;5.1835
55571;49.3482;5.1985
59556;50.1991;3.7943
62149;50.7592;2.2329
62169;50.6841;2.0790
62406;50.1523;2.7931
63046;45.4504;3.1969
65406;43.3119;0.0820
66188;42.5769;2.0852
71422;46.7093;4.6745
76076;49.6526;0.3995
76104;49.8337;0.7274
76130;49.7407;1.4648
76177;49.5862;1.1495
77140;48.4892;3.0229
80461;49.8998;2.3714
82160;44.1429;0.9367
88123;48.0701;5.8035
89451;48.1364;3.5279
02006;49.9674;3.4414
03037;46.6639;2.7066
09342;43.1552;1.4156
11207;43.0486;2.1802
21045;47.2782;4.7991
24242;44.8599;0.5968
27078;48.9046;1.2730
30160;43.9770;4.1101
31108;43.2618;0.6826
34252;43.7273;3.1142
41069;47.7125;1.4546
52237;48.1917;5.6051
57379;48.9250;6.6294
57590;49.1232;7.3585
62808;50.4735;2.2572
62867;50.8301;1.7103
62871;50.3630;2.0044
64105;43.3051;-1.0548
81280;44.0839;2.0693
86023;46.9022;0.2077
88400;48.3096;6.0977
02341;49.8211;3.9145
03239;46.3490;3.8344
10270;48.3497;4.3203
12039;43.7904;2.9580
17450;45.9788;-0.6802
21556;47.3192;5.3981
22285;48.2127;-2.9677
23160;46.1329;2.4610
23236;46.1729;1.6344
24537;45.2430;0.3402
2B002;42.1586;9.4398
39048;47.0181;5.6398
39172;47.1361;5.6580
46312;44.9555;1.6903
48139;44.7870;3.6351
50278;48.8892;-1.4424
50421;49.4818;-1.3480
50442;49.5227;-1.7886
50598;49.6542;-1.4139
51550;48.7267;4.3040
53230;48.4617;-0.4868
54072;48.8291;6.0399
54463;48.8064;5.9249
55077;49.5006;5.3752
58039;47.4363;3.6063
59010;50.1534;3.1968
60381;49.6134;2.8596
61035;48.5957;-0.3367
65400;42.9460;-0.1636
71206;46.6882;5.1007
72199;48.2253;0.1020
73190;45.3740;6.5315
76538;49.6749;1.2880
79198;46.1222;-0.2637
81083;43.4431;2.0782
89352;47.6325;3.0472
01067;46.1000;5.5423
02734;49.2731;3.1234
03142;46.3490;3.8344
04240;44.1743;6.6246
10361;48.5835;4.1609
11209;42.9167;2.3471
14198;49.2184;-0.0306
14399;49.2820;0.2287
14706;49.2820;0.2287
16423;45.7923;0.1229
17470;45.8271;-0.4669
19044;44.9960;1.8080
21004;47.6698;4.7496
25099;47.0026;6.3101
27445;49.2458;1.6818
39477;46.9509;5.4123
45256;47.8858;2.5139
50315;48.5704;-1.0675
51163;48.9023;3.7817
51654;48.7580;4.8347
52455;48.1917;5.6051
54287;48.4610;6.7642
55040;48.9706;5.1149
57442;49.0163;6.5920
63166;45.4504;3.1969
64219;43.2158;-0.4415
64292;43.2250;-0.0930
73252;45.5044;6.3048
77314;48.7633;3.3188
77424;48.7633;3.3188
81186;44.1239;2.1871
90098;47.6082;6.8142
90101;47.5262;7.0264
02208;49.3989;3.7382
05072;44.7017;6.0860
06017;43.8114;7.1241
10132;48.4916;3.9335
12233;43.9452;2.6173
14484;49.1904;0.3493
14565;49.3274;-0.5834
15041;45.1198;2.8364
15149;44.9549;2.8123
18062;46.9399;2.9688
18091;46.7360;2.4965
19155;45.4300;1.8401
21236;46.9857;4.7542
21284;47.4842;4.8055
21340;47.0296;5.1327
24535;44.8750;1.3527
27501;49.0198;1.3552
28166;48.4394;1.0466
28263;48.6934;1.0846
30115;44.1345;4.3281
32424;43.6464;-0.1249
34121;43.7331;3.2053
36065;47.0476;1.9851
36190;46.9136;1.9462
37040;47.1271;0.4421
38366;44.7990;5.7655
39024;47.1361;5.6580
39159;46.8404;5.6855
41278;47.6757;0.9717
47071;44.4351;0.4564
47197;44.1055;0.3898
50158;48.7536;-1.0774
54346;48.8064;5.9249
55264;48.9104;5.5708
57249;49.0970;6.3719
62630;50.2642;2.4781
63057;45.7022;3.6815
64276;43.0758;-0.7251
65230;42.9422;0.5471
70097;47.8605;6.2465
70202;47.9305;6.1007
72072;47.7600;0.1392
76062;49.6612;1.1778
77190;48.5606;3.0374
77228;48.8662;3.2761
81191;44.0807;1.9336
81287;43.8198;2.2263
88256;48.1317;6.7831
89361;47.8527;3.3103
89463;47.8736;3.6828
04148;43.8281;6.4812
07039;45.0786;4.6382
07244;44.8957;4.6151
08163;49.6014;4.4510
10234;48.4916;3.9335
10300;48.4952;4.3181
24124;45.3309;1.0822
25298;47.3534;6.3679
28117;48.7096;1.3675
31496;43.6739;1.1697
31568;43.4581;1.5834
32035;43.8146;0.4349
39141;47.2159;5.5278
39291;46.9201;5.9041
41090;47.8538;0.8666
47084;44.6509;0.5924
47085;44.1901;0.0303
52504;47.9435;5.7168
52538;47.9325;5.0414
62012;50.3542;2.5746
62146;50.2052;2.7629
62859;50.2560;2.1258
64116;43.0837;-0.4059
71005;46.8342;4.6165
72076;48.3895;0.1686
73001;45.5319;5.7837
73139;45.6548;6.1758
76578;49.6189;1.5439
76642;49.8335;0.8472
77112;48.2952;2.5428
80505;50.0227;2.6606
81020;43.8810;1.9300
88489;48.1930;6.2184
03114;46.4502;3.4394
06093;43.9759;6.9452
07026;44.8232;4.1283
07034;44.3799;4.5601
07054;44.9172;4.2859
08413;49.6447;4.2076
21446;47.6439;4.3442
27363;49.3763;0.7043
28296;48.1266;1.6821
28344;48.4174;1.7878
32066;43.8484;0.6403
38243;44.7971;5.6038
40047;43.6032;-0.7344
42105;45.6194;4.0612
43118;45.1586;3.3936
46337;44.8876;1.5053
54015;49.3750;5.8750
54023;48.6799;6.5536
54502;48.6799;6.5536
60552;49.2265;2.8507
60654;49.5564;2.7315
61384;48.5604;-0.1273
62010;50.6841;2.0790
62152;50.2052;2.7629
66112;42.6000;2.7620
67555;48.6179;7.4214
81279;43.9169;1.6238
82024;44.2460;1.0029
02478;49.5539;3.5934
10429;48.5835;4.1609
11431;42.9849;2.7968
14045;49.1819;-0.1528
18200;47.3016;2.8088
18225;46.5559;2.3320
21406;47.3349;4.6950
23049;46.3347;1.8902
25116;47.2569;6.2911
25246;47.4071;6.4928
25339;47.0501;6.2559
25597;47.3147;6.5585
27318;49.1944;0.7092
27594;49.2622;0.5896
31368;43.4015;1.7281
36082;47.0499;1.3807
36092;47.1569;1.5243
43207;45.2693;3.3650
47184;44.6268;0.7384
48152;44.2838;3.8246
50522;49.4114;-1.7564
51604;49.3054;3.8330
55389;48.9706;5.1149
57175;48.6839;6.9387
57291;48.7890;7.2224
59077;50.3077;3.8084
60304;49.5768;1.9657
62527;50.5511;1.6977
62695;50.2805;2.2855
62709;50.2103;2.9767
62872;50.3763;2.1293
65281;43.0347;0.1428
65338;43.0347;0.1428
70229;47.6775;6.5035
70284;47.8605;6.2465
71485;46.7093;4.6745
73214;45.6016;5.6829
73318;45.2555;6.3351
76483;49.7257;0.7918
77224;48.7913;2.9964
79278;46.5544;-0.1757
80018;50.0913;1.5236
80051;50.0034;1.8509
86191;46.4017;0.8598
09158;43.0979;1.1426
10032;48.2425;4.7115
11236;43.2068;1.7939
14121;49.1880;-0.8225
14389;49.0707;-0.6488
14419;49.1310;0.2591
17467;45.9472;-0.4881
18085;47.1585;1.8792
19241;45.6739;2.1411
21685;47.6255;4.6155
22109;48.6838;-2.9337
23254;46.3478;2.2251
24408;45.2957;0.7803
25439;47.3580;6.2106
27660;49.0110;0.5310
28265;48.4394;1.0466
30016;43.9709;3.5790
31258;43.3057;1.2139
32143;44.0093;0.5051
32158;43.8771;0.8048
32397;43.4788;0.4383
40205;43.7282;-0.8473
42078;46.1823;3.8718
48026;44.8172;3.2692
50574;48.5681;-1.4776
51035;48.7312;3.9593
51121;49.0741;3.7149
51581;49.3054;3.8330
52370;48.4375;5.1425
53242;47.8986;-1.1039
58235;47.2109;4.0589
59667;50.8083;2.4648
60152;49.4441;2.6340
62319;50.2550;2.9681
62522;50.4534;1.9387
71186;46.9192;5.0173
71311;46.6399;5.2217
72222;48.2679;0.2885
79164;46.2096;-0.1195
81322;44.0839;2.0693
82055;43.8709;0.9947
84022;44.2444;5.0525
02390;49.8944;3.1649
02413;49.4878;3.6830
08004;49.4740;4.1207
10178;48.2444;4.4801
11032;43.1188;2.0667
14606;49.2184;-0.0306
19144;45.4578;1.3967
21327;46.9890;4.6164
23196;45.8339;2.1588
24045;44.7422;0.6032
25042;47.1647;6.7090
25460;47.0722;5.8982
33072;44.4949;-0.1120
33479;44.5793;-0.0315
37145;46.9873;0.7032
40258;43.8713;-0.2801
42188;45.6194;4.0612
45151;48.0647;2.3962
46134;44.5549;1.3289
46270;44.3819;1.7702
54515;48.4908;6.0695
55405;49.3404;5.6285
57307;49.0970;6.3719
60514;49.6179;2.0953
61319;48.3286;0.5527
61373;48.6466;0.5032
62633;50.3777;2.3104
62723;50.3762;1.8536
62789;50.6792;1.8616
63391;46.0656;3.0064
65242;43.3754;0.1573
66109;42.6388;2.3541
67044;48.9008;7.4721
85134;46.9003;-0.8937
86022;47.0822;0.0264
02599;49.5817;3.1917
03177;46.4660;3.7982
09145;43.1248;1.6040
09270;43.1248;1.6040
11055;42.9167;2.3471
12116;44.7074;2.6883
14639;49.1716;0.0767
16256;45.3371;-0.0749
18006;46.9638;2.4408
18199;46.7848;2.1807
21407;47.2087;4.9017
25001;47.1649;5.8964
25517;47.0026;6.3101
27560;49.0499;1.1747
30035;44.1345;4.3281
31463;43.4596;1.8786
34316;43.7451;3.3468
37265;47.0649;1.0117
38268;45.3351;6.1077
39581;47.2211;5.6850
50347;48.5347;-1.3368
50471;49.4114;-1.7564
54399;48.4627;6.3431
60199;49.6179;2.0953
60320;49.1992;3.0250
60627;49.6351;2.3029
62483;50.6278;1.7505
65206;43.1910;0.2471
65322;43.0307;0.3876
68181;47.4827;7.3052
72049;47.6976;0.4012
76450;49.4839;1.6393
76664;49.7753;0.6404
80176;49.7016;2.7754
80252;49.7518;3.0187
80351;49.9961;2.3435
86250;47.0822;0.0264
89316;47.5102;3.8891
90066;47.7312;6.9656
02310;49.9674;3.4414
02438;49.2731;3.1234
02787;49.5539;3.5934
08376;49.6542;5.1922
14506;49.1880;-0.8225
14677;48.8884;-0.2144
22148;48.1983;-2.3941
24132;44.7422;0.6032
25154;47.0722;5.8982
30354;43.9770;4.1101
31085;42.9888;0.8129
38513;44.9184;5.5781
39464;47.2211;5.6850
45078;47.9909;2.4834
47064;44.4073;0.9808
48129;44.6949;3.7984
50361;48.8091;-1.4036
53105;48.1479;-0.5292
57293;48.9946;6.4127
57713;48.7784;7.1592
60158;49.5636;2.5505
62466;50.5712;1.9180
65131;43.2779;0.1955
65268;43.1697;-0.0225
70452;47.6011;6.1559
72070;48.0067;-0.1219
74059;46.0625;6.3190
74066;46.0202;5.9296
79200;46.4780;-0.4096
79343;46.1222;-0.2637
80135;50.0581;1.8863
80824;49.8050;2.6838
87053;46.3148;1.3582
87100;46.1126;0.8967
90015;47.5946;6.8817
90050;47.6681;6.9888
02084;48.9876;3.2783
02148;49.4107;3.5194
08138;49.6542;5.1922
10133;48.0520;3.9325
11015;42.9167;2.3471
11183;43.0946;2.3432
12303;44.3845;2.8448
15179;45.1183;2.4751
16180;45.3008;0.1977
17384;46.0720;-0.5378
19120;45.2237;1.3144
21134;47.8294;4.5894
22041;48.6535;-3.3087
22291;48.4126;-2.9253
25599;47.3580;6.2106
27194;49.2404;1.4152
27435;49.2341;0.5256
28310;48.5730;1.0576
31190;42.8954;0.7228
31283;43.4033;1.0988
31289;43.1698;0.5481
32181;43.4165;0.3221
33450;44.2832;-0.2259
35190;48.4830;-1.1863
36077;47.1569;1.5243
39211;46.9509;5.4123
39446;46.9334;5.7581
39490;46.9509;5.4123
46106;44.9554;1.5693
51433;48.7343;4.6063
51527;49.2287;3.7632
53191;47.8986;-1.1039
54134;49.4669;5.5580
54221;48.4693;6.2093
54417;48.4908;6.0695
57099;48.7177;6.7895
60201;49.5636;2.5505
60399;49.6351;2.3029
60485;49.5501;2.2286
63142;45.5204;3.5723
63333;46.0104;3.3632
65020;43.0733;-0.0282
70187;47.6009;6.6927
71142;46.9427;4.1052
71246;46.6882;5.1007
76204;49.7265;1.1185
81158;43.7712;2.5777
89292;47.9421;3.8475
89392;47.5102;3.8891
04219;44.0284;6.5395
07119;44.8185;4.0192
09221;42.8458;1.5712
10055;48.1160;4.4309
10246;48.1391;4.2390
10251;48.0520;3.9325
11058;43.1188;2.0667
12097;44.6558;2.5816
14322;49.2816;-0.7154
15137;45.1902;2.5323
16050;45.5885;-0.0877
18163;47.2853;2.6190
18288;46.9638;2.4408
21304;47.6313;4.9775
21615;47.1707;4.3011
21692;47.5246;5.0664
24058;45.2430;0.3402
24567;45.4312;0.9255
25172;47.2664;5.8304
25174;47.2892;6.9261
28026;48.2537;1.8842
2B084;42.5549;8.9182
30316;44.3724;3.9922
33255;44.2832;-0.2259
34167;43.3338;3.0062
37280;47.0872;0.7995
39493;46.5974;5.7779
39513;47.1361;5.6580
43237;45.3022;3.6763
45005;48.2104;2.0603
45189;48.0888;2.8658
46159;44.8464;1.9089
47037;44.6268;0.7384
51235;48.7150;3.7134
53156;48.1953;-0.7960
57728;48.9946;6.4127
60410;49.5706;3.0378
60466;49.4932;2.4185
60561;49.2420;2.9827
60677;49.4574;1.8983
62221;50.3597;2.4626
62459;50.2805;2.2855
63383;45.4771;2.9324
64078;43.4589;-0.3414
70263;47.6868;6.3022
71147;46.5999;4.6268
71341;46.9192;5.0173
71517;46.9192;5.0173
80112;49.9016;2.5356
80445;50.1635;2.3412
81058;43.6265;2.1131
86020;46.6847;0.6055
89202;47.7652;3.6173
89266;47.5372;3.6418
02142;49.8079;3.2409
04156;43.9432;5.9685
09065;42.8797;1.3469
10150;48.2425;4.7115
14202;49.3929;0.1286
15174;45.1183;2.4751
18168;47.4318;2.6580
19199;45.5420;2.3448
19260;44.9960;1.8080
21587;47.5246;5.0664
24025;45.1556;1.0569
24056;45.5369;0.6442
24317;44.9881;1.3326
26073;44.4372;4.8611
26181;44.2316;5.5820
28274;48.2900;1.6836
30262;44.0258;4.4117
32341;43.7787;0.6218
34306;43.7451;3.3468
38420;45.5317;5.6544
38564;45.4612;5.6299
41293;47.7959;1.0852
45214;48.0809;2.0575
47115;44.4066;0.0844
48087;44.7073;3.1306
53047;48.4100;-0.8319
57203;49.4546;6.2400
57587;48.9250;6.6294
60657;49.5706;3.0378
61014;48.7402;-0.0318
61099;48.3286;0.5527
62885;50.5540;2.2741
64039;43.1919;-0.6421
64321;43.4589;-0.3414
64441;43.3051;-1.0548
66060;42.4640;2.5709
67369;48.8530;7.1757
70020;47.6011;6.1559
70189;47.4344;6.0525
76293;49.7257;0.7918
80043;50.0734;2.5120
02585;49.2129;3.3501
03226;46.3490;3.8344
04231;44.2004;5.9040
08379;49.3635;4.4330
10005;48.2444;4.4801
10433;48.2444;4.4801
14252;49.0219;-0.2319
14640;49.1819;-0.1528
21074;47.1835;5.3733
21092;47.0968;4.8050
22024;48.4068;-3.4339
22088;48.3587;-3.1633
22132;48.4068;-3.4339
22269;48.6935;-3.1588
23148;46.3823;2.0019
24429;45.3309;1.0822
26346;44.7390;5.0687
27201;49.1474;0.9580
28215;48.2900;1.6836
28421;48.4174;1.7878
31536;43.1295;0.7342
31554;43.0781;0.9595
32203;43.8809;0.2468
33094;44.8116;0.2092
36100;46.6174;2.0384
36213;46.7244;1.0046
39479;46.9334;5.7581
43201;45.3161;3.8663
46049;44.5163;1.8295
46052;44.6197;1.9991
50121;48.8293;-1.2184
54014;48.5815;6.7912
54333;48.8815;6.2268
55007;48.9104;5.5708
55526;48.7757;5.6142
57087;49.1842;6.4959
58020;46.8005;3.4767
60499;49.6134;2.8596
61164;48.5848;0.1537
62834;50.3630;2.0044
62855;50.0847;2.8521
63409;45.5536;3.0871
68025;47.4827;7.3052
70029;47.6775;6.5035
74045;45.8719;6.3330
76118;49.6526;0.3995
76182;49.6510;0.6000
77137;48.6367;3.3826
88275;48.3052;7.1076
01310;45.7328;5.6572
02364;49.3989;3.7382
02369;49.8211;3.9145
03171;46.4502;3.4394
03277;46.2575;3.1398
14248;48.9914;-0.4099
15103;44.7321;2.4780
15245;45.0331;3.1188
16420;45.4909;0.0543
18162;47.2853;2.6190
19238;45.6739;2.1411
24208;45.0320;0.7357
24305;45.4312;0.9255
24576;45.0320;0.7357
25351;47.1647;6.7090
26020;44.7390;5.0687
32432;43.5137;0.9477
33158;44.5793;-0.0315
39436;46.9201;5.9041
40321;43.6362;-0.3982
51134;48.7343;4.6063
51479;49.2281;3.8969
57686;49.0163;6.5920
60109;49.6664;1.9467
61274;48.5268;0.7998
61436;48.7672;-0.5540
62664;50.1496;2.6216
62887;50.5511;1.6977
63062;46.1866;2.8334
66194;42.4106;2.4745
70351;47.6868;6.3022
71581;46.2944;4.0641
73313;45.6800;5.7725
76151;49.8337;0.7274
77119;48.5606;3.0374
77417;48.8662;3.2761
77421;48.7633;3.3188
80287;50.1558;1.6160
80369;50.1625;2.1348
80617;49.7016;2.7754
81090;43.8810;1.9300
86138;46.2181;0.7822
89442;48.1607;3.0808
90020;47.6082;6.8142
02198;49.4239;3.3840
07040;44.9913;4.6100
07151;45.0373;4.4081
07221;44.8260;4.7518
08405;49.5311;4.8217
08452;49.4891;4.3377
10056;48.3497;4.3203
11257;43.2183;2.4917
11385;43.3837;1.8553
12064;44.5271;2.8172
14569;49.2806;-0.5333
14684;49.1830;-0.6348
16260;45.3008;0.1977
17047;45.5959;-0.5045
17227;45.5959;-0.5045
21655;47.8294;4.5894
21682;47.4135;5.3038
27555;48.9046;1.2730
27569;49.1002;0.5976
2B173;42.5549;8.9182
30218;44.2639;4.3358
31138;43.2618;0.6826
31472;43.0210;0.6439
32440;43.6042;0.0669
34105;43.4960;3.1922
35160;47.9061;-2.0001
37121;47.0141;0.3871
38418;45.3560;5.9182
39162;46.6552;5.5739
39180;46.5136;5.5833
40324;43.7282;-0.8473
42113;45.7464;4.2205
42282;45.9093;3.8502
43117;45.2693;3.3650
43191;45.3430;3.3029
43245;44.9233;3.5085
45177;48.1873;2.2537
52113;47.6848;5.2877
52171;48.3636;4.9313
55335;48.6841;5.3388
55387;49.3404;5.6285
58179;47.2312;3.7046
61328;48.7674;0.1431
62501;50.4534;1.9387
62858;50.2103;2.9767
63342;45.5536;3.0871
65306;43.0681;0.2918
67491;48.9015;7.3290
71387;46.4917;4.4322
76432;49.6189;1.5439
78072;48.9658;1.6466
80052;50.0227;2.6606
80836;50.1191;1.8139
81185;43.9169;1.6238
86154;46.7882;0.1512
86156;46.9988;0.1395
88128;48.3912;7.0206
05114;44.5645;6.3652
05165;44.3940;5.6937
08045;49.3760;4.6848
15025;45.1198;2.8364
16251;45.3371;-0.0749
19026;44.9960;1.8080
24365;45.0320;0.7357
24407;44.9192;0.7920
28053;48.5968;1.2694
31002;43.2904;1.5150
34071;43.7273;3.1142
34170;43.3338;3.0062
37107;46.9281;0.8485
38209;45.3626;5.0340
40082;43.6362;-0.3982
42116;45.9093;3.8502
42337;46.1823;3.8718
47281;44.1899;0.8174
48074;44.2076;3.4086
50268;49.4818;-1.3480
54568;49.4160;5.7406
55378;48.8463;4.9967
57070;49.1842;6.4959
58142;46.9712;3.7752
63230;45.5727;3.6189
64187;43.2027;-0.8933
65398;42.9422;0.5471
70080;47.4450;5.5835
70403;47.6775;6.5035
71561;46.3132;4.2805
76438;49.9896;1.4244
77348;48.2323;2.7147
77518;48.5045;2.6143
80599;50.2392;1.9183
82185;44.3360;0.9985
87056;46.2184;1.0407
87076;46.0622;1.4688
89350;48.0323;3.2061
01210;46.2797;5.9120
02281;48.9129;3.4404
02403;49.8881;3.6413
02638;49.7146;3.5969
07306;44.4494;4.3253
08350;49.3760;4.6848
10402;48.2056;4.1125
12141;43.9452;2.6173
15185;45.2494;2.6450
16346;45.2720;0.0511
21198;47.4940;4.1911
21622;47.2253;5.2015
23047;46.1729;1.6344
28092;48.4174;1.7878
30113;44.1345;4.3281
40223;43.6285;-0.5937
41112;47.4244;1.6258
45260;48.1873;2.2537
47026;44.2985;0.0766
47108;44.4962;0.1739
51019;49.1559;4.5429
52422;48.0490;4.8864
55554;49.5006;5.3752
58297;46.9024;3.4638
59496;50.0869;3.5816
62093;50.0847;2.8521
62293;50.4534;1.9387
64420;43.3303;-0.7874
65049;43.5049;0.0069
71089;46.6466;4.8496
72114;48.1855;0.6263
76691;49.6189;1.5439
80267;49.9092;2.9380
80792;49.9961;2.3435
87006;46.3221;1.1213
08057;49.4368;4.9590
08478;49.6405;4.6369
10441;48.0520;3.9325
14040;49.2816;-0.7154
14184;49.2816;-0.7154
16221;45.9098;0.0012
16390;45.9098;0.0012
21201;47.8294;4.5894
23086;46.0036;2.0402
24514;44.8666;0.0913
26233;44.3687;5.1923
28207;48.4174;1.7878
32396;43.9634;0.6069
32458;43.7608;-0.0566
33053;44.4153;-0.2141
34004;43.3496;2.6970
36008;46.9625;1.1800
46318;44.7466;1.9153
47287;44.1055;0.3898
50101;49.6542;-1.4139
51616;48.8713;4.4893
52318;47.9435;5.7168
54002;49.1534;5.8474
54359;48.5376;6.3927
55286;49.0265;5.3023
58006;46.9863;3.4452
58030;47.0705;3.6596
59649;50.2405;4.0386
63264;45.7042;2.8469
64049;43.3051;-1.0548
64465;43.3830;-0.2320
65343;43.0733;-0.0282
65442;43.2892;0.5135
68057;47.6466;7.1067
69134;45.9428;4.5565
70040;47.5606;6.4497
70349;47.5606;6.4497
71548;46.6882;5.1007
73152;45.5905;5.7703
73177;45.2555;6.3351
76582;49.7971;1.1220
80087;50.3005;1.6843
80196;50.0034;1.8509
86063;46.1358;0.3964
89303;47.6930;4.0014
95447;49.1531;1.9923
01268;45.7328;5.6572
02410;49.2731;3.1234
02560;49.6765;3.3923
02663;49.3519;3.3202
03307;46.3298;3.2717
06100;43.8756;7.1427
10086;48.5769;3.9804
18171;46.7360;2.4965
21333;47.0296;5.1327
23007;46.0036;2.0402
24420;45.0344;0.3444
25316;47.5134;6.7287
28074;48.4174;1.7878
31105;43.5298;1.7752
31468;43.2381;0.8756
36054;46.9625;1.1800
37023;47.1616;1.2108
37037;47.5288;0.3098
45250;48.0888;2.8658
46161;44.7779;2.0809
54021;48.8078;6.2608
54394;49.3326;5.7781
55255;49.5006;5.3752
55262;49.5006;5.3752
57377;48.6839;6.9387
59083;50.9638;2.4340
60058;49.6351;2.3029
60194;49.6664;1.9467
60426;49.3710;2.2067
62163;50.2805;2.2855
62353;50.0847;2.8521
62362;50.3597;2.4626
63331;45.5294;3.9087
63401;45.5628;2.8948
65353;43.1910;0.2471
67424;48.3875;7.1481
74071;46.0202;5.9296
77090;48.5897;3.2433
81146;44.0807;1.9336
81262;44.0807;1.9336
82003;44.0234;1.0121
86109;46.9022;0.2077
88141;48.3247;5.8676
02030;49.9653;3.2544
02172;49.3519;3.3202
02362;49.5817;3.1917
04133;44.0284;6.5395
04229;44.2004;5.9040
09022;43.1248;1.6040
09314;43.0872;1.8537
11130;42.8371;1.9818
11310;42.9167;2.3471
14033;49.1716;0.0767
14093;49.2184;-0.0306
16164;46.0380;0.5350
25550;47.2225;6.5213
25600;47.1343;6.5362
28169;48.4174;1.7878
30314;43.9770;4.1101
36030;46.6050;1.8379
37181;46.9281;0.8485
37229;47.5924;0.8925
38391;44.9184;5.5781
39421;46.7426;5.6286
41118;47.3812;1.7661
46020;44.3819;1.7702
46075;44.6197;1.9991
46085;44.6473;2.1330
50296;49.6542;-1.4139
50326;48.9112;-1.3215
51244;48.7267;4.3040
52235;48.6466;4.9122
52276;48.0957;5.1365
57388;49.4173;6.4226
59164;50.1472;3.5918
60316;49.3441;2.1588
62299;50.4735;2.2572
62475;50.2642;2.4781
62696;50.5971;2.0997
63105;45.4035;3.7092
67475;48.9008;7.4721
68165;47.4827;7.3052
70074;47.8418;5.8916
70115;47.6011;6.1559
70133;47.7021;6.0529
77193;49.0300;2.8082
79357;46.4780;-0.4096
81001;43.5672;1.8913
81129;43.4692;2.1562
88152;48.2228;6.6981
02658;49.8123;3.1325
02766;49.5132;3.4497
07166;44.9913;4.6100
07192;45.0373;4.4081
09170;43.2096;1.5955
14269;49.2820;0.2287
14501;48.8817;-0.3834
15176;45.1183;2.4751
16189;46.0169;0.2464
16229;46.0205;0.0623
17162;45.9763;-0.1892
17229;45.2421;-0.2906
18232;46.5167;2.2263
19039;45.2414;2.0102
21062;47.2483;4.5245
21437;47.3192;5.3981
21480;47.0968;4.8050
23146;46.3478;2.2251
24438;44.7520;1.0461
26340;44.2316;5.5820
32193;43.9191;-0.0422
32289;43.4456;0.9073
33136;44.6539;0.0759
34200;43.5956;3.1551
34261;43.6986;3.5705
35192;48.2437;-1.1789
36027;46.9136;1.9462
36160;46.4730;1.6590
37033;46.8378;0.9322
39401;46.8404;5.6855
40028;43.6226;-0.8307
40144;43.7488;-0.7202
47196;44.3026;0.3688
50405;49.3265;-1.4925
51188;49.2281;3.8969
51254;48.7150;3.7134
57494;48.9138;6.8634
59072;50.3120;3.9895
59198;50.0748;4.1381
60311;49.6351;2.3029
61442;48.5957;-0.3367
62074;50.2552;2.6268
62182;50.2560;2.1258
62296;50.5712;1.9180
62596;50.3630;2.0044
62729;50.5712;1.9180
64047;43.1182;-1.1799
64190;43.5419;-0.2263
64205;43.4772;-0.9610
65318;43.2122;0.3897
67279;48.7358;7.3547
70043;47.4450;5.5835
71338;46.5458;4.8719
72307;47.9751;-0.2530
76091;49.7753;0.6404
80540;50.0227;2.6606
88172;48.2228;6.6981
91374;48.3976;2.1970
02338;49.7146;3.5969
04234;44.4746;6.0712
07141;44.6053;4.4022
08032;49.3635;4.4330
09165;42.8999;1.8267
10416;48.2056;4.1125
11428;43.3722;2.1741
15246;45.2494;2.6450
17116;45.3705;-0.5998
19003;45.1312;1.7100
21421;47.5246;5.0664
23115;45.8337;2.3493
24575;44.7743;1.2133
25314;47.2892;6.9261
25325;47.2221;6.4085
27403;49.1855;1.1391
2B109;42.7088;9.3667
31102;43.5298;1.7752
31196;43.2381;0.8756
31309;43.3074;1.0431
31530;43.2049;1.0659
33440;44.5992;-0.1937
34112;43.7408;3.9985
36227;46.4858;2.0825
39039;47.1361;5.6580
39355;46.9334;5.7581
39571;46.9509;5.4123
40057;43.6362;-0.3982
46226;44.6473;2.1330
46260;44.7466;1.9153
49038;47.7119;-1.0008
55011;48.8463;4.9967
55327;48.6676;5.5894
55442;48.8869;5.3410
58311;46.9863;3.4452
59342;50.1606;4.0863
60240;49.6179;2.0953
61453;48.5604;-0.1273
62167;50.8070;1.8319
66193;42.5209;2.2559
69181;45.9115;4.4132
73147;45.6800;5.7725
76411;49.7548;1.6736
76424;49.7407;1.4648
77286;48.4788;3.1219
82041;44.1522;1.7419
82153;44.3360;0.9985
83122;43.6913;6.2260
89147;47.7205;3.2499
95543;49.0828;1.7139
02790;49.6393;3.8348
03122;46.5176;3.1740
07336;44.5252;4.1455
09132;43.2096;1.5955
12099;43.7904;2.9580
15061;45.1198;2.8364
15069;45.1501;3.0136
16035;45.9169;0.4609
18169;46.7360;2.4965
19071;45.5327;2.1256
19170;44.9960;1.8080
22335;48.4509;-3.0949
26327;44.6918;5.5471
28341;48.5968;1.2694
2A071;41.7771;8.9514
2B182;42.6078;9.0461
31142;42.7819;0.5640
31237;43.0781;0.9595
31474;43.2026;1.2352
32065;43.6571;0.4307
32183;43.7008;0.6218
36164;46.4858;2.0825
37087;47.0141;0.3871
39086;46.3647;5.5594
39269;46.3284;5.7443
39554;46.7557;5.9028
40289;43.7483;-0.5556
40323;44.0932;-0.5728
42106;45.8653;3.9897
46130;44.4982;1.0872
50384;49.5866;-1.3528
51040;48.7343;4.6063
51168;48.9342;4.2705
51429;49.3054;3.8330
53087;47.9627;-0.5836
54444;48.8815;6.2268
54508;48.8815;6.2268
54565;48.5376;6.3927
57302;48.6494;6.9955
57506;48.8282;6.9772
60549;49.6179;2.0953
61507;48.4945;0.5865
62514;50.3597;2.4626
62843;50.5025;2.1152
64435;43.4030;-0.9224
65299;43.3759;0.0367
65371;42.9460;-0.1636
69002;46.2388;4.4429
70426;47.7021;6.0529
71130;46.5999;4.6268
76211;49.8828;1.5974
76756;49.5862;1.1495
77303;48.7633;3.3188
80335;49.9195;2.7339
80736;50.0034;1.8509
82010;44.0665;0.8462
82086;44.0300;1.1182
83014;43.6913;6.2260
89098;47.8602;3.9618
02156;49.7146;3.5969
02672;49.4211;3.1801
07033;44.3891;4.3984
08342;49.7028;5.0539
08456;49.8989;4.7905
08481;49.6866;4.8806
09327;43.0413;1.6293
10225;48.4800;3.5157
14498;48.8884;-0.2144
15042;45.1979;3.1653
16075;45.4909;0.0543
17068;45.5624;-0.8253
18192;46.5559;2.3320
19186;45.1426;1.8597
19216;45.4578;1.3967
21592;47.3349;4.6950
23111;46.1729;1.6344
24051;44.9031;0.3446
24303;45.3702;0.3694
25013;47.5134;6.7287
25535;47.1244;6.2691
27281;48.9728;0.9211
31114;42.9888;0.8129
31119;43.3074;1.0431
31141;43.2618;0.6826
33481;44.6539;0.0759
36085;47.0676;1.7967
39156;46.5974;5.7779
39304;46.7426;5.6286
39458;46.6552;5.5739
39463;46.3284;5.7443
46164;44.6658;1.3035
46169;44.7442;1.4111
51070;48.8663;3.5945
51314;49.2287;3.7632
51588;49.1199;4.8359
51657;49.2281;3.8969
52446;47.6848;5.2877
57404;48.8147;6.7559
58089;47.3797;3.1563
59060;50.1807;3.5125
64243;43.4861;-0.5804
64380;43.5232;-0.4426
67353;49.0227;7.7684
67556;48.6179;7.4214
71312;46.8190;5.0403
71453;46.2944;4.0641
71572;46.6466;4.8496
76601;49.6663;0.9824
79338;46.2814;0.0312
80380;50.0747;2.0176
80767;49.9470;1.7540
81221;43.7512;2.4576
88130;48.2228;6.6981
88295;48.3096;6.0977
88479;48.0072;6.2536
90059;47.6681;6.9888
08166;49.9975;4.7285
08175;50.1134;4.8201
14637;49.1819;-0.1528
16352;45.5885;-0.0877
18021;46.7613;2.6677
18056;47.0880;2.7343
18064;47.1276;2.0736
21707;47.3846;4.5363
25377;47.4550;6.3461
25619;46.6707;6.1692
26282;44.7766;5.3514
27411;48.8037;1.1940
27495;49.2404;1.4152
31155;42.9888;0.8129
31332;43.3507;1.4503
34066;43.7951;3.8692
38192;45.3270;6.0092
40058;44.1060;-0.3086
46174;44.6473;2.1330
51288;48.7343;4.6063
51342;49.0028;3.9238
51587;49.1184;4.3414
52167;48.2459;5.3811
52267;48.6466;4.9122
58090;47.3502;3.3843
58120;47.2943;3.8757
60229;49.3856;2.6928
60279;49.2420;2.9827
60702;49.5636;2.5505
61210;48.6893;-0.1609
62358;50.3570;2.8302
62824;50.3630;2.0044
64369;43.4696;-0.1198
64554;43.4095;-0.5548
67385;48.9548;7.1976
77476;49.0212;3.0501
80022;49.9470;1.7540
80054;49.9092;2.9380
80651;49.8385;1.7822
80781;49.8530;2.6934
88512;48.2228;6.6981
89312;47.6036;3.9444
02320;49.8079;3.2409
02452;49.8944;3.1649
02677;48.9761;3.5408
03021;46.1154;3.1998
03078;46.1429;3.0387
04182;43.9535;6.2318
05171;44.4605;6.2196
08058;49.7815;4.6589
09213;43.0872;1.8537
10082;48.5835;4.1609
10181;48.1391;4.2390
11157;42.9849;2.7968
14745;49.3171;-0.9153
19235;45.2304;1.8356
21270;47.2787;4.9645
23104;46.3478;2.2251
24307;44.7571;0.7862
24465;45.0344;0.3444
25331;47.1244;6.2691
27346;49.3275;1.4216
28019;48.1266;1.6821
2B112;42.5549;8.9182
32206;43.4456;0.9073
36186;46.6174;2.0384
43172;45.1673;4.3468
47182;44.4801;0.5085
49288;47.4268;-0.5428
51130;48.9240;4.8314
53187;48.4038;-0.1217
54433;48.9082;6.0584
55237;49.0949;5.6529
55383;49.1165;5.1112
60035;49.6134;2.8596
60292;49.6134;2.8596
61053;48.6466;0.5032
62493;50.0913;2.9826
65220;43.1697;-0.0225
65310;43.0347;0.1428
67386;48.8530;7.1757
67559;48.9015;7.3290
71407;46.8468;4.2035
83142;43.7380;6.5295
87145;46.3148;1.3582
89004;47.7034;4.2240
90013;47.6681;6.9888
90100;47.6681;6.9888
02032;49.8123;3.1325
03054;46.4502;3.4394
08249;49.8122;4.5255
10320;48.4346;3.9188
10348;48.3775;3.7959
11328;43.1188;2.0667
16279;45.2720;0.0511
16290;45.6792;0.5080
17062;45.8560;-0.1800
18129;46.9638;2.4408
24083;44.9374;0.1002
24532;44.6978;0.4365
26175;44.7766;5.3514
26236;44.2694;5.3363
27683;49.2404;1.4152
2A108;42.2752;8.8286
2B088;42.3063;9.4979
31006;43.5298;1.7752
33426;44.8803;-0.1545
34342;43.7838;3.6963
35261;48.2908;-1.3947
41088;48.0175;1.0585
46060;44.4587;1.2657
48111;44.5167;3.5174
51521;48.7580;4.8347
53118;48.4617;-0.4868
53206;47.9627;-0.5836
53266;48.2445;-0.3322
54299;48.4693;6.2093
55221;48.7770;5.1703
58017;47.0705;3.6596
59333;50.0518;3.9213
59643;50.7487;3.0053
60110;49.6701;1.7733
60183;49.6351;2.3029
61242;48.5268;0.7998
61379;48.3286;0.5527
64069;43.0837;-0.4059
64110;42.9183;-0.3959
64266;43.2728;-0.1852
65330;43.3759;0.0367
70431;47.4344;6.0525
72017;48.0067;-0.1219
72273;48.2253;0.1020
76297;49.4839;1.6393
85074;46.5446;-1.2156
87043;45.8082;1.6584
89123;47.7905;3.7907
02765;49.5539;3.5934
07233;44.8207;4.4791
15049;45.2494;2.6450
15186;45.1183;2.4751
17060;45.5624;-0.8253
21399;47.2483;4.5245
23027;45.9354;1.7259
28216;48.7096;1.3675
30058;43.9523;3.8724
31018;43.1506;0.9020
31386;43.2381;0.8756
32222;43.7608;-0.0566
32373;43.4165;0.3221
32390;43.7608;-0.0566
33278;44.6952;-0.0877
40170;44.1060;-0.3086
41048;48.0175;1.0585
46059;44.7803;1.6965
46295;44.8464;1.9089
50186;49.5258;-1.4865
50423;49.1200;-1.0889
51072;49.2281;3.8969
51286;48.5970;4.6425
51572;48.9905;4.5616
54539;48.4879;6.8972
55459;48.5183;5.4976
55521;48.9104;5.5708
57703;48.7890;7.2224
58115;46.7882;3.1848
61358;48.7402;-0.0318
62302;50.5712;1.9180
63123;45.6588;3.0833
64081;43.2027;-0.8933
65010;43.1996;0.1381
65462;43.5049;0.0069
66098;42.5769;2.0852
67274;48.9548;7.1976
70137;47.4967;6.2428
73192;45.6779;6.0887
76732;49.7753;0.6404
77198;48.2952;2.5428
80821;49.9484;1.9286
81272;43.9169;1.6238
81316;44.0175;1.7816
86084;46.4460;1.0603
86196;47.0822;0.0264
88040;48.2558;6.4203
02391;49.8211;3.9145
02779;49.9801;3.6427
04102;44.4048;6.4313
05022;44.4605;6.2196
08352;49.6405;4.6369
10122;48.0520;3.9325
10290;48.1890;3.7434
10308;48.3775;3.7959
12128;44.2188;2.1946
13061;43.8116;4.6870
14159;49.1830;-0.6348
14595;49.1310;0.2591
17433;45.3143;-0.4056
18122;46.9638;2.4408
21368;47.1117;4.9798
23072;46.1904;2.1007
23223;45.9354;1.7259
25559;47.2892;6.9261
28210;48.2537;1.8842
28289;48.6497;1.5083
30304;44.2887;4.5096
32101;43.8484;0.6403
36014;46.4580;1.5590
39019;46.9334;5.7581
54177;48.6799;6.5536
55191;49.1964;5.5975
55474;48.5649;5.6827
57448;48.7720;6.5879
57612;49.1986;6.3008
61233;48.5957;-0.3367
61307;48.8980;0.2183
62492;50.4534;1.9387
62496;50.5511;1.6977
64330;42.9480;-0.5969
67006;48.7504;7.4725
68303;47.6168;7.2950
70193;47.3218;5.7884
71088;46.6085;4.0143
71112;46.4607;4.6276
76584;49.7407;1.4648
77263;48.4788;3.1219
77489;48.2431;2.8843
78194;48.8060;1.6253
01356;46.1331;4.9986
03299;46.3831;3.5976
07114;44.9989;4.4998
08291;49.6542;5.1922
08336;49.6542;5.1922
10335;48.1890;3.7434
12015;44.1739;2.5475
18161;46.8298;2.8972
19109;45.2879;1.3971
19133;45.0199;1.9969
19259;45.0199;1.9969
21344;47.0296;5.1327
21459;47.4135;5.3038
22378;48.6429;-3.0124
27124;49.1112;1.2634
27590;48.9214;0.4815
30198;44.1081;3.7132
31544;42.9888;0.8129
33235;44.4084;-0.0564
34271;43.5538;2.9220
39179;46.4404;5.7191
39504;46.5136;5.5833
43210;44.9168;4.0339
46171;44.5549;1.3289
47308;44.1923;0.2805
51154;48.8828;4.0352
51603;48.8828;4.0352
52087;48.0957;5.1365
57121;49.1842;6.4959
59415;50.2500;3.4501
61284;48.5356;0.3516
62326;50.0847;2.8521
62574;50.3542;2.5746
62888;50.6278;1.7505
63119;45.5677;3.4177
63186;45.8787;2.6221
63253;45.9654;3.5179
70025;47.6953;5.8168
71228;46.8190;5.0403
76510;49.7257;0.7918
78305;48.9115;1.8546
86110;46.5635;0.8867
88488;48.1930;6.2184
02356;49.2129;3.3501
03219;46.3270;2.9368
07059;44.9316;4.8123
07190;44.6053;4.4022
12072;44.0898;3.1062
14216;48.9036;-0.0520
14482;49.0750;-0.0576
16099;45.3371;-0.0749
18135;46.6712;2.2998
21619;47.4135;5.3038
22383;48.7461;-3.2926
25026;46.9453;6.0897
31083;43.2381;0.8756
32165;43.6252;0.8822
32258;43.7787;0.6218
33137;44.4084;-0.0564
36222;46.9136;1.9462
37069;47.1616;1.2108
40032;44.3533;-0.7860
43023;45.3161;3.8663
46227;44.3819;1.7702
50152;48.7246;-1.1858
51016;48.5970;4.6425
53198;48.3269;-0.2436
54370;48.8064;5.9249
55061;48.6841;5.3388
55495;49.3404;5.6285
57318;48.6494;6.9955
57743;48.7890;7.2224
59563;50.1317;3.9232
60550;49.5768;1.9657
60663;49.4380;2.2466
61480;48.5848;0.1537
62337;50.2805;2.2855
62641;50.3777;2.3104
62668;50.4735;2.2572
62690;50.3630;2.0044
63441;45.5398;3.7752
64251;43.4030;-0.9224
65238;43.0347;0.1428
66070;42.5986;2.5162
70134;47.6011;6.1559
76086;49.6904;1.0289
83013;43.7380;6.5295
88167;48.1368;6.6273
88446;48.1820;5.8074
02661;49.5539;3.5934
02693;49.2129;3.3501
03152;46.2107;3.0200
05116;44.6693;6.6896
08207;50.1134;4.8201
08368;49.4740;4.1207
10444;48.1890;3.7434
11043;43.2183;2.4917
12151;44.7074;2.6883
14559;48.8545;-1.0274
14667;49.2420;-0.9556
18054;46.9512;2.8014
18072;46.9512;2.8014
21426;47.4940;4.1911
22141;48.7461;-3.2926
23029;46.3347;1.8902
28045;48.7096;1.3675
36059;46.9136;1.9462
36104;46.7244;1.0046
37246;47.0649;1.0117
39570;46.9509;5.4123
40327;44.0397;-0.1242
41172;47.9130;1.2078
43121;45.3649;3.2524
43136;44.9274;3.6300
45094;48.0888;2.8658
47183;44.6509;0.5924
48121;44.8172;3.2692
48173;44.2409;3.9025
50193;48.6788;-0.8070
53148;47.8447;-0.9308
53235;48.4617;-0.4868
55276;49.1850;5.3383
55397;48.5649;5.6827
57158;48.8874;6.4058
58140;46.9309;3.9665
58166;47.2943;3.8757
60217;49.5631;1.8175
61072;48.8980;0.2183
63098;45.5116;2.7236
64437;43.3051;-1.0548
65374;43.3061;0.3370
66030;42.8238;2.8525
70516;47.6011;6.1559
71229;46.5259;3.9437
71435;46.7456;4.4806
76703;50.0026;1.3012
77103;48.5045;2.8345
80330;49.9470;1.7540
81165;44.0807;1.9336
83074;43.7380;6.5295
01193;45.7328;5.6572
02553;49.5725;3.9635
02645;49.0863;3.5709
10169;48.4800;3.5157
12017;44.0865;2.7014
15170;45.3181;2.7988
17135;45.8685;-0.2970
19099;45.0557;1.6594
21547;47.4845;4.3373
21571;47.3192;5.3981
25626;47.3534;6.3679
26141;44.7390;5.0687
27592;49.1944;0.7092
27695;49.1474;0.9580
31504;43.1506;0.9020
32075;43.9542;0.3833
36124;46.6443;1.3813
38089;45.4868;5.4823
38154;44.9086;6.0213
40153;43.7488;-0.7202
41030;47.8538;0.8666
48193;44.2654;3.6125
50135;49.6542;-1.4139
57281;48.9250;6.6294
57532;48.9870;6.2104
57718;49.0970;6.3719
58110;47.2312;3.7046
59655;50.8083;2.4648
60174;49.6134;2.8596
60236;49.6646;3.0328
60596;49.6701;1.7733
62185;50.2106;2.8785
62599;50.7367;1.8148
63238;45.8468;2.8445
63293;46.0971;2.6628
63450;45.7561;2.6014
64201;43.3303;-0.7874
64515;43.3830;-0.2320
65156;43.2779;0.1955
65445;43.0681;0.2918
71272;46.5999;4.6268
76205;49.7971;1.1220
81313;44.0175;1.7816
87074;46.3148;1.3582
88454;48.2228;6.6981
95309;49.1378;1.7801
02207;49.5817;3.1917
02386;49.9801;3.6427
08085;49.4368;4.9590
08450;49.7815;4.6589
09198;43.0979;1.1426
10052;48.5769;3.9804
11342;43.2183;2.4917
14131;49.3302;0.0982
15002;45.0331;3.1188
19022;45.5279;1.5584
19157;45.3827;2.2590
21712;46.9857;4.7542
23144;45.8339;2.1588
23202;46.0034;1.8712
24066;45.1556;1.0569
26316;44.9670;5.2827
29013;48.3712;-3.7883
33432;44.5338;-0.2659
34055;43.6529;2.9962
36110;46.5586;1.7164
36145;46.8406;1.1679
39229;46.7588;5.4394
39543;46.7557;5.9028
46092;44.4542;1.4651
47207;44.1923;0.2805
47303;44.6787;0.2325
54313;48.8815;6.2268
55109;49.5006;5.3752
55456;48.5649;5.6827
57086;48.8282;6.9772
57424;48.8874;6.4058
60262;49.5636;2.5505
60363;49.2430;1.8875
62316;50.2642;2.4781
62521;50.3630;2.0044
70017;47.9305;6.1007
70338;47.9305;6.1007
70485;47.9305;6.1007
70511;47.5819;5.6836
76745;49.9896;1.4244
80703;49.8385;1.7822
81247;44.0068;2.4100
86038;46.3481;0.3845
86090;47.0822;0.0264
95054;49.1561;1.9192
02418;49.9666;3.9113
07335;45.0786;4.6382
08170;49.7361;4.9588
08333;49.3052;4.8792
10002;48.2425;4.7115
10196;48.0520;3.9325
10438;48.1160;4.4309
15019;45.3190;2.4929
16052;45.3951;0.1233
16237;45.9116;0.2698
17066;45.5124;-0.3366
17137;46.0720;-0.5378
17374;45.8271;-0.4669
21139;47.2948;4.2513
24257;44.6784;0.8997
27605;49.2429;0.4229
28143;48.6934;1.0846
28270;48.2004;1.4336
29261;48.2520;-3.9568
32078;43.8484;0.6403
32174;43.5314;0.1696
33326;45.2724;-0.6254
39063;46.5974;5.7779
39555;46.8352;5.5279
45215;48.0647;2.3962
47010;44.2985;0.0766
47282;44.1400;0.5385
50150;49.5866;-1.3528
51307;49.1559;4.5429
58276;46.8973;3.8600
62165;50.6792;1.8616
62211;50.3542;2.5746
62307;50.8770;1.6650
69130;45.9922;4.3609
70077;47.5606;6.4497
70213;47.7890;6.3571
71195;46.5458;4.8719
72120;48.2253;0.1020
76544;49.6189;1.5439
76569;49.8337;0.7274
77133;48.4262;3.0951
79040;46.5468;-0.3105
80179;49.7720;1.9519
80357;49.7720;1.9519
80477;50.2392;1.9183
80671;50.0939;2.1056
81006;43.5672;1.8913
81035;44.0807;1.9336
88222;48.2228;6.6981
89222;47.5879;3.2448
89247;47.8808;4.1035
03032;46.3270;2.9368
03278;46.2575;3.1398
04059;43.9662;6.3676
08427;49.4891;4.3377
09076;43.2096;1.5955
11307;43.1662;2.7889
12027;44.5271;2.8172
14064;48.9808;-0.0400
14196;49.2806;-0.5333
17122;45.5959;-0.5045
19287;45.3545;1.8910
23210;45.9608;2.1890
24119;45.3702;0.3694
26335;44.4553;5.0169
27190;49.0198;1.3552
2B199;42.6078;9.0461
2B350;42.5324;9.4210
31034;43.1506;0.9020
32089;43.7494;0.4911
33171;44.5793;-0.0315
37146;47.5288;0.3098
39403;46.9882;5.8114
39472;46.8352;5.5279
51056;48.5867;3.7574
53178;47.9164;-0.7842
54210;48.5815;6.7912
57008;49.0163;6.5920
58132;47.2569;3.5250
60128;49.6701;1.7733
62095;50.5540;2.2741
62234;50.2805;2.2855
62898;50.7332;2.2284
64003;43.3739;-0.6566
64186;43.3303;-0.7874
67022;48.3397;7.2831
67231;48.8278;8.0354
71060;46.2944;4.0641
71567;46.3488;4.7166
72292;48.0902;0.7636
72322;48.0902;0.7636
73189;45.3260;6.2616
76283;49.7407;1.4648
79336;46.2814;0.0312
80161;50.1191;1.8139
80776;50.0734;2.5120
84114;43.9245;5.2459
88169;48.2228;6.6981
89131;47.8818;4.2163
90044;47.7312;6.9656
01437;46.4430;5.1230
02462;49.1936;3.5598
05184;44.4208;5.9576
07258;45.1830;4.5069
10188;48.0240;4.1239
11079;43.3926;2.2792
11378;43.0809;2.5915
14227;49.2184;-0.0306
14260;49.1310;0.2591
14380;49.1830;-0.6348
17095;45.2421;-0.2906
21205;47.4845;4.3373
23018;46.3628;1.5393
24385;44.7422;0.6032
26028;45.1245;4.9818
28087;48.6934;1.0846
2A160;41.7771;8.9514
2A186;41.7771;8.9514
33283;44.6952;-0.0877
41122;47.2793;1.8548
48032;44.5867;3.2477
51073;49.2287;3.7632
51145;49.3054;3.8330
51270;48.5970;4.6425
54348;48.8064;5.9249
54441;49.1534;5.8474
55069;48.8463;4.9967
55332;48.6841;5.3388
57098;48.8147;6.7559
58244;47.0872;3.8971
60389;49.6646;3.0328
62303;50.4735;2.2572
63059;45.6408;3.3010
64167;43.3830;-0.2320
64347;43.5232;-0.4426
70384;47.5460;5.8613
72201;48.2679;0.2885
73005;45.6779;6.0887
76139;49.6749;1.2880
76197;49.7971;1.1220
76630;49.9057;1.3140
77033;48.6630;3.1409
82016;44.3360;0.9985
02433;49.6857;4.0229
02740;49.8211;3.9145
03058;46.3270;2.9368
03260;46.4061;3.0963
08255;49.6542;5.1922
14019;49.2816;-0.7154
14282;49.1056;-0.7815
14546;49.0219;-0.2319
15189;44.9868;2.1919
18266;46.7848;2.1807
21058;47.9722;4.6386
27327;49.1474;0.9580
29246;48.3534;-4.1981
32224;43.8622;0.3912
33117;44.7424;0.0684
36248;46.9136;1.9462
39296;46.8352;5.5279
40005;43.6362;-0.3982
43044;45.1586;3.3936
46040;44.5040;1.6745
46126;44.6155;1.1969
47103;44.1055;0.3898
50096;49.6542;-1.4139
50311;48.9112;-1.3215
52311;47.9125;5.4592
54243;48.4610;6.7642
54275;48.9170;5.8616
54408;49.1534;5.8474
59493;50.0919;4.0256
60434;49.5564;2.7315
63011;46.1866;2.8334
64232;43.4589;-0.3414
64411;43.2027;-0.8933
65133;43.2779;0.1955
65142;43.2779;0.1955
67249;48.7373;7.7018
71357;46.8995;5.2574
72312;47.8851;-0.1248
73083;45.3947;6.2531
76052;49.8397;1.4111
79177;46.2814;0.0312
80095;50.0734;2.5120
80150;49.9092;2.9380
80200;50.0331;1.9640
80769;50.0227;2.6606
81047;44.0068;2.4100
81259;44.0068;2.4100
82082;44.2619;1.7949
88318;48.3562;6.6454
02628;49.2731;3.1234
02708;49.9653;3.2544
02804;49.2129;3.3501
03124;46.4502;3.4394
08347;49.5991;5.2788
08401;49.4949;4.5877
09062;42.8802;0.9760
10090;48.4916;3.9335
10228;48.4013;4.5341
11316;42.9737;2.0269
12183;43.9452;2.6173
12229;43.9484;3.0227
15223;45.3190;2.4929
16301;45.4826;-0.1625
18099;47.1579;2.8977
19067;45.0557;1.6594
21266;47.3918;5.1164
21366;47.1013;5.2597
23249;45.8612;1.9107
24381;45.6404;0.6496
27071;49.2429;0.4229
30017;43.9505;3.4632
30318;44.1624;4.1539
33131;44.6952;-0.0877
39014;47.2159;5.5278
39105;46.7557;5.9028
40232;43.6285;-0.5937
45076;48.0888;2.8658
47082;44.2690;0.8675
47132;44.6509;0.5924
47294;44.6787;0.2325
55300;48.6841;5.3388
55386;48.9934;5.7278
56086;47.4440;-3.0514
61020;48.6893;-0.1609
62465;50.2103;2.5395
62517;50.6358;2.3677
64019;43.3051;-1.0548
64083;43.4030;-0.9224
64481;43.1919;-0.6421
68261;47.7995;7.0924
70268;47.4220;5.8319
74129;46.3413;6.5052
88015;48.3527;5.7500
89017;47.7772;4.1587
02388;49.7487;4.1440
08103;49.4949;4.5877
08126;49.5450;4.2165
08418;49.6447;4.2076
09228;42.6879;1.8646
10369;48.5835;4.1609
12250;44.7074;2.6883
15033;44.9549;2.8123
15046;45.1474;2.2664
22312;48.3196;-2.1406
25189;47.3534;6.3679
25371;47.2664;5.8304
26154;44.2316;5.5820
26304;44.3687;5.1923
27048;49.4119;1.5125
27137;48.7461;0.7878
28212;48.1266;1.6821
31487;43.1295;0.7342
37191;47.0141;0.3871
39053;46.7775;6.0809
41190;47.7959;1.0852
45305;47.9489;2.2986
46004;44.7466;1.9153
48063;44.6861;3.4562
50269;49.3873;-1.2723
54411;48.4693;6.2093
55244;49.1964;5.5975
55396;48.6676;5.5894
62468;50.3777;2.3104
62879;50.2642;2.4781
64149;43.3303;-0.7874
66116;42.4640;2.5709
72274;48.0067;-0.1219
73091;45.8305;5.8341
76058;49.9896;1.4244
76242;49.4839;1.6393
78478;48.5044;1.8580
80698;49.8727;2.0689
87179;46.2184;1.0407
88105;48.0079;5.9568
02761;49.4580;3.9681
03303;46.4826;2.6565
04128;43.8917;5.6556
08479;49.6405;4.6369
09150;43.0872;1.8537
10058;47.9930;4.3078
10171;48.4013;4.5341
10306;48.2425;4.7115
14669;48.9808;-0.0400
14756;48.9153;-0.5064
15031;45.1501;3.0136
15201;44.9549;2.8123
15232;45.0331;3.1188
17173;45.1692;-0.0733
18284;47.4318;2.6580
21020;47.2483;4.5245
21630;47.2483;4.5245
26025;44.5690;5.5049
26238;44.3687;5.1923
28163;48.4965;1.4545
31534;43.5298;1.7752
32007;43.7068;0.9678
32264;43.9191;-0.0422
32414;43.6464;-0.1249
33223;44.7424;0.0684
38289;45.1681;6.0657
39356;46.7557;5.9028
45065;48.1873;2.2537
45152;48.0142;1.6697
51246;48.7343;4.6063
54103;49.1534;5.8474
57536;49.0096;6.7694
58299;47.4361;3.3967
60520;49.5501;2.2286
60630;49.2430;1.8875
65334;43.0733;-0.0282
67383;48.6179;7.4214
70234;47.4967;6.2428
70278;47.7021;6.0529
70525;47.6953;5.8168
71085;46.9890;4.6164
76129;49.7257;0.7918
76746;49.7570;0.5238
79167;46.8218;-0.1365
80475;49.9564;3.0737
80541;49.6644;2.5930
80560;50.0227;2.6606
80734;49.7512;2.1621
81187;43.7691;2.0056
81216;43.7194;2.1291
82154;44.2467;1.1695
84151;43.7676;5.5650
86181;46.9988;0.1395
88110;48.3562;6.6454
89302;48.3049;3.2038
02407;49.5539;3.5934
08011;49.9166;4.6631
10347;48.4791;3.6912
12235;44.0745;2.5189
18182;46.9675;2.1484
19014;45.1481;2.1059
21306;47.3349;4.6950
21674;47.9217;4.7867
22124;48.2162;-3.1568
27176;49.3313;1.5942
27508;48.8419;0.7041
32192;43.6464;-0.1249
32221;43.6691;0.7626
33210;44.8028;0.0747
39079;46.6552;5.5739
41081;47.7959;1.0852
41290;47.7959;1.0852
42007;46.0940;4.2484
47030;44.2690;0.8675
48097;44.1928;3.7293
50422;49.2869;-1.2654
50618;49.6542;-1.4139
51203;49.1184;4.3414
51640;49.1199;4.8359
54404;48.8064;5.9249
57189;48.9250;6.6294
58075;47.2312;3.7046
58248;47.3141;3.0188
60275;49.4574;1.8983
62665;50.2560;2.1258
62761;50.2106;2.8785
68274;47.8970;7.2239
70002;47.8418;5.8916
70512;47.9248;6.3351
71098;46.7260;4.1292
72326;48.3843;0.2877
78385;48.9658;1.6466
80337;49.8342;2.3995
80521;50.0173;2.8821
80558;49.7512;2.1621
81025;43.6943;1.8037
86134;46.1593;0.2769
88083;48.3527;5.7500
89036;48.1607;3.0808
89308;48.2460;3.5190
01150;46.2067;5.3861
04193;44.5297;6.7964
10145;48.3522;3.6264
12088;44.6915;2.8164
14007;49.0707;-0.6488
14283;48.9036;-0.0520
15072;45.0470;2.4009
15225;45.1198;2.8364
16254;45.3008;0.1977
16302;45.2720;0.0511
19054;44.9960;1.8080
21109;47.9722;4.6386
22069;48.3196;-2.1406
23134;45.8612;1.9107
23203;46.1329;2.4610
23232;45.8612;1.9107
24531;45.0533;1.1586
2B239;42.6332;9.3481
31363;43.3503;0.8395
31519;43.4015;1.7281
39206;46.9334;5.7581
39313;46.5974;5.7779
39318;46.4404;5.7191
40093;44.0239;0.0326
40106;43.6808;-1.0321
40297;44.0932;-0.5728
45059;47.9388;1.7989
52524;48.2878;5.0954
54034;48.8064;5.9249
54326;49.2643;5.8940
57586;49.4301;6.0119
60192;49.6134;2.8596
60556;49.5636;2.5505
62368;50.1492;2.4713
62444;50.8770;1.6650
62450;50.4768;2.3789
62816;50.3542;2.5746
63015;45.7736;3.5814
63209;45.4504;3.1969
64204;42.9183;-0.3959
66223;42.6388;2.3541
67227;48.3962;7.4116
70542;47.4450;5.5835
71395;46.5278;4.1929
71577;46.8190;5.0403
72353;48.0902;0.7636
80006;50.2392;1.9183
80068;50.1625;2.1348
80232;49.7016;2.7754
86051;46.2232;0.1762
02176;49.4107;3.5194
03004;46.2073;3.6605
03256;46.3270;2.9368
07222;44.8862;4.4065
16029;45.2720;0.0511
17039;45.5959;-0.5045
17379;45.5959;-0.5045
18228;47.1585;1.8792
19179;45.0557;1.6594
21125;47.8578;4.3858
21268;47.1835;5.3733
25162;47.1860;5.8234
28243;48.2537;1.8842
31189;43.4033;1.0988
33277;44.7424;0.0684
34026;43.3496;2.6970
34132;43.7451;3.3468
36029;47.0676;1.7967
46008;44.6155;1.1969
46022;44.4587;1.2657
48190;44.7971;3.1261
50072;49.0681;-1.4630
51253;49.1199;4.8359
51455;48.7343;4.6063
54259;48.5815;6.7912
55200;49.1850;5.3383
60066;49.2971;2.8641
62416;50.3777;2.3104
62726;50.5025;2.1152
63140;46.1866;2.8334
64180;43.5419;-0.2263
64309;43.3625;-0.0459
68086;47.6466;7.1067
72202;48.2679;0.2885
80215;50.1342;1.9757
82095;44.2251;1.6242
82183;44.2467;1.1695
87172;46.1044;1.0435
88005;48.4501;6.9709
08380;49.5450;4.2165
10157;48.4791;3.6912
10250;48.2425;4.7115
11363;43.0809;2.5915
15070;45.1183;2.4751
17069;45.5959;-0.5045
19008;45.5327;2.1256
21651;47.3937;4.9552
24508;45.2571;0.5303
25621;46.9453;6.0897
28108;48.1266;1.6821
2A035;41.6455;8.8937
30143;44.2887;4.5096
32073;43.8574;0.1017
32175;43.5314;0.1696
32194;43.9542;0.3833
32197;43.9542;0.3833
33044;44.7209;-0.2227
38073;44.9086;6.0213
39166;46.3647;5.5594
39540;46.7557;5.9028
46203;44.7779;2.0809
48004;44.4744;3.9068
50461;49.4818;-1.3480
51071;48.7203;3.5315
51632;49.1199;4.8359
52271;48.0322;5.3092
52494;48.0957;5.1365
57029;48.9946;6.4127
57335;48.9138;6.8634
60097;49.3415;1.8240
60460;49.5063;2.0075
60461;49.4380;2.2466
60497;49.4932;2.4185
62072;50.2552;2.6268
62109;50.4735;2.2572
62700;50.3630;2.0044
63355;45.7022;3.6815
64071;43.4030;-0.9224
64539;43.3051;-1.0548
67483;48.9015;7.3290
70147;47.6009;6.6927
76530;49.7257;0.7918
77068;48.4788;3.1219
77313;48.3010;2.9785
82068;43.8709;0.9947
88263;48.1317;6.7831
88293;48.4265;5.6727
90086;47.7312;6.9656
02016;49.6765;3.3923
02099;49.0643;3.3913
02782;49.8944;3.1649
03076;46.6114;3.5787
07130;44.7442;3.9661
07212;45.1830;4.5069
07273;44.5772;4.4897
11071;42.9849;2.7968
12095;44.4348;2.3175
12186;43.8550;2.6209
14063;49.3171;-0.9153
15226;44.6960;2.3632
17282;45.3143;-0.4056
28049;48.2900;1.6836
30005;44.2887;4.5096
31266;43.4033;1.0988
32130;43.5446;0.7384
32150;43.8484;0.6403
32156;43.4788;0.4383
32173;43.7656;0.8346
32379;43.6252;0.8822
34049;43.7273;3.1142
37080;46.9873;0.7032
39492;46.6552;5.5739
41037;47.8185;1.2816
42339;45.9093;3.8502
48169;44.8984;3.3558
51392;49.0921;4.0082
51534;49.2287;3.7632
58219;46.8973;3.8600
61034;48.6389;0.7244
61036;48.5848;0.1537
62106;50.3300;2.9800
62346;50.2805;2.2855
63115;45.8787;2.6221
65329;43.0399;0.4803
71208;46.8995;5.2574
72074;48.0067;-0.1219
80030;50.3005;1.6843
80596;50.1635;2.3412
89117;47.6888;3.5467
89485;47.6119;3.7459
95012;49.0828;1.7139
02493;49.5688;3.7297
03188;46.3298;3.2717
07224;44.7724;4.1028
08305;49.6405;4.6369
09071;43.0067;1.4206
09073;43.0689;1.3366
10023;48.3522;3.6264
10109;48.1391;4.2390
11357;43.2815;2.1944
16241;45.8752;0.1966
17381;45.9472;-0.4881
17427;45.8560;-0.1800
21387;47.0093;4.8835
22036;48.3196;-2.1406
23227;45.9354;1.7259
24525;45.5369;0.6442
27531;49.2823;0.8208
28008;48.5968;1.2694
28076;48.7096;1.3675
2B238;42.2819;9.1230
31545;43.1506;0.9020
32018;43.5446;0.7384
33453;44.5793;-0.0315
34030;43.4354;2.8976
34233;43.7331;3.2053
39076;47.1361;5.6580
39102;46.3239;5.6555
42035;45.7453;4.0081
42229;46.1669;4.3638
45013;48.2828;2.4016
45323;47.6035;2.8824
46013;44.3312;1.5737
47307;44.4073;0.9808
54211;48.5815;6.7912
54290;49.4761;5.7554
57374;48.5927;7.1037
57687;48.9250;6.6294
60391;49.2665;2.3686
60407;49.6701;1.7733
60673;49.6179;2.0953
62027;50.3597;2.4626
62216;50.2103;2.5395
63324;45.4483;3.5745
71124;46.7093;4.6745
71562;46.4335;4.2963
76405;49.7971;1.1220
80133;50.2392;1.9183
80354;49.9470;1.7540
82056;44.2619;1.7949
88449;48.3747;6.2660
89402;48.0651;3.7731
91613;48.3701;2.0054
02121;49.2129;3.3501
03136;46.3595;2.4478
08041;49.6405;4.6369
08275;49.5991;5.2788
08489;49.3760;4.6848
09276;43.1248;1.6040
10202;48.0240;4.1239
11275;43.2886;1.8014
12082;43.9902;3.2611
21050;46.9890;4.6164
21195;46.9890;4.6164
22289;48.4509;-3.0949
22350;48.6314;-3.6040
26059;44.9670;5.2827
27134;49.3763;0.7043
27376;48.7822;1.3134
27552;49.0110;0.5310
29126;48.5614;-4.3236
2A118;41.7089;8.9963
31170;43.2618;0.6826
31352;43.6434;1.5500
32038;43.6005;1.0782
34317;43.8418;3.4169
39200;46.5136;5.5833
41012;48.0018;0.8990
45114;48.0833;2.6011
47124;44.5305;0.8182
50146;48.6305;-1.3132
50504;48.9843;-1.0651
51008;48.5970;4.6425
51137;48.7203;3.5315
52307;47.9429;5.2580
52547;48.2878;5.0954
56056;48.0867;-2.4601
56225;48.0681;-2.3139
57063;49.0096;6.7694
60168;49.5636;2.5505
60248;49.6701;1.7733
60530;49.4380;2.2466
61301;48.5848;0.1537
61419;48.5604;-0.1273
62591;50.0913;2.9826
62635;50.4534;1.9387
62683;50.2560;2.1258
64154;43.1182;-1.1799
64334;43.4772;-0.9610
64514;43.5232;-0.4426
65231;43.0307;0.3876
65270;43.1910;0.2471
65279;43.0307;0.3876
65294;43.1396;0.4067
67159;48.8530;7.1757
67502;48.9564;7.6442
76733;49.6749;1.2880
80208;50.1625;2.1348
81022;43.6943;1.8037
81061;43.9344;2.0310
82181;44.0665;0.8462
88145;48.2228;6.6981
88380;48.1317;6.7831
89233;47.6119;3.7459
02027;49.7146;3.5969
02505;48.9129;3.4404
04130;44.0613;5.7944
05130;44.5645;6.3652
07025;44.6740;4.1122
07235;44.7724;4.1028
09328;42.7096;1.6664
10185;48.0240;4.1239
14716;49.1880;-0.8225
17087;45.9788;-0.6802
17405;45.3705;-0.5998
21072;47.4135;5.3038
23170;46.1634;1.8617
23201;46.0849;2.0174
24334;44.8500;0.7304
26239;44.2694;5.3363
27345;49.0065;0.7393
27366;49.4199;1.3696
30176;43.9709;3.5790
31140;42.9888;0.8129
31538;43.4033;1.0988
39273;46.4077;5.4533
39420;46.5136;5.5833
42158;46.0411;3.8858
42194;46.1823;3.8718
47014;44.5995;0.3784
50476;49.1141;-0.9656
51177;49.2281;3.8969
51258;48.7150;3.7134
53199;48.4100;-0.8319
54126;48.8815;6.2268
54545;48.4267;5.9699
55110;49.5006;5.3752
55583;48.9934;5.7278
57493;48.8147;6.7559
60113;49.5501;2.2286
60227;49.6134;2.8596
61123;48.8350;0.0330
61510;48.7505;0.6601
65324;43.1910;0.2471
67380;48.7504;7.4725
70438;47.5460;5.8613
71424;46.8944;4.5385
71531;46.8468;4.2035
76440;49.4839;1.6393
79141;46.8218;-0.1365
80099;49.9484;1.9286
80682;49.8050;2.6838
85087;46.4924;-0.6700
86218;46.8728;0.0622
87162;45.8771;1.0279
02262;49.6403;3.2963
02294;49.5539;3.5934
02528;49.2731;3.1234
08225;49.5450;4.2165
09016;42.8458;1.5712
09247;42.9619;1.1680
10004;48.5835;4.1609
14390;49.1002;-0.5083
21637;47.0296;5.1327
25465;47.3534;6.3679
26180;44.2694;5.3363
27471;49.2436;1.2750
27488;49.4199;1.3696
28153;48.2004;1.4336
2A026;41.8575;8.9924
32212;44.0093;0.5051
34264;43.7838;3.6963
45011;48.0809;2.0575
45330;48.0813;1.8838
48015;44.4744;3.9068
48086;44.5872;3.8544
50513;49.0159;-1.3169
54344;48.4627;6.3431
54396;48.4879;6.8972
57367;49.3105;6.3588
58005;47.3658;3.6649
58192;46.8005;3.4767
61195;48.5957;-0.3367
61267;48.7856;-0.2528
62002;50.1489;2.7044
62076;50.7616;1.9321
62365;50.3763;2.1293
63320;45.8787;2.6221
64378;43.2027;-0.8933
65093;43.0399;0.4803
70192;47.4220;5.8319
70340;47.5819;5.6836
70469;47.8637;6.5904
70546;47.5819;5.6836
77467;48.3779;2.9643
88133;48.1845;6.4853
88232;48.3527;5.7500
88399;48.1368;6.6273
95379;49.1378;1.7801
02205;49.4878;3.6830
02473;49.6765;3.3923
02749;49.1801;3.1465
05090;44.7017;6.0860
08404;49.4740;4.1207
09067;43.2096;1.5955
11078;43.0486;2.1802
12289;44.4875;2.2016
14054;48.8545;-1.0274
14165;49.3171;-0.9153
14205;49.1830;-0.6348
16250;45.6792;0.5080
18114;46.7848;2.1807
18185;47.3631;2.4129
21518;47.6439;4.3442
21676;47.4845;4.3373
23188;46.2997;2.0617
25458;47.2892;6.9261
28217;48.5730;1.0576
30297;44.0925;3.4184
31329;43.4596;1.8786
31542;43.0210;0.6439
32060;43.5936;0.6034
32109;43.6042;0.0669
32346;43.7476;0.2632
32443;43.6464;-0.1249
33180;44.4153;-0.2141
46239;44.8876;1.5053
46281;44.8464;1.9089
50397;48.7317;-0.9210
51087;48.8713;4.4893
51359;48.8663;3.5945
52134;47.7926;5.4347
54343;48.9170;5.8616
55114;48.7757;5.6142
55570;48.8869;5.3410
57149;49.3089;6.5075
60422;49.1907;2.6251
63095;45.9654;3.5179
64170;43.4772;-0.9610
64226;43.5232;-0.4426
64360;43.1157;-0.6230
66078;42.5366;2.4058
70063;47.7708;6.6059
71100;46.5458;4.8719
76190;49.8335;0.8472
80061;49.8385;1.7822
80154;49.9092;2.9380
80758;49.7189;2.3729
83010;43.7380;6.5295
95303;49.1531;1.9923
04218;44.0284;6.5395
09058;42.8458;1.5712
10316;48.4916;3.9335
10427;48.1160;4.4309
12029;44.2133;2.0219
14168;49.3171;-0.9153
16044;46.0169;0.2464
16128;46.0380;0.5350
16133;45.4909;0.0543
16142;46.0205;0.0623
16310;46.0027;0.4178
17254;45.9788;-0.6802
19034;45.0199;1.9969
21440;47.1013;5.2597
23053;46.0141;2.4803
23109;46.3347;1.8902
26112;44.3687;5.1923
26321;44.6445;5.2635
31164;43.7515;1.0584
33127;44.8383;-0.0395
33271;44.4084;-0.0564
33510;44.5992;-0.1937
40050;43.9331;-0.5266
41168;47.4120;2.0613
46091;44.3312;1.5737
47148;44.2985;0.0766
48135;44.4744;3.9068
51109;49.3054;3.8330
51466;49.2287;3.7632
52162;47.9981;5.5171
57395;48.9946;6.4127
62414;50.2550;2.9681
62441;50.4256;2.5474
64015;43.0978;-0.8959
64283;43.1182;-1.1799
64346;43.3830;-0.2320
64491;43.4861;-0.5804
65327;43.0399;0.4803
69186;46.2388;4.4429
70126;47.3157;5.5958
70541;47.7890;6.3571
72313;48.3843;0.2877
80317;49.7512;2.1621
80607;49.8727;2.0689
81068;44.0839;2.0693
87204;45.7932;0.8095
88434;48.2142;5.9735
02067;50.0068;3.6946
02727;49.7146;3.5969
03150;46.5881;2.8054
05027;44.9492;6.6604
09149;42.9619;1.1680
11362;43.3837;1.8553
18010;46.6712;2.2998
18041;46.5847;2.4973
18084;47.4318;2.6580
18119;46.9117;2.6018
18178;46.7360;2.4965
19225;45.2414;2.0102
24456;44.9759;0.5487
25485;47.3948;6.7294
27527;49.1944;0.7092
28237;48.3163;0.8760
2B352;42.5824;8.9894
30031;44.1082;4.5334
31139;42.8954;0.7228
32322;43.5137;0.9477
33105;44.6952;-0.0877
35346;48.3292;-1.8850
36073;46.4858;2.0825
47096;44.6509;0.5924
51175;48.8663;3.5945
52541;48.0322;5.3092
59169;50.2405;4.0386
62409;50.1496;2.6216
62542;50.3597;2.4626
62798;50.2642;2.4781
70239;47.4344;6.0525
70399;47.8418;5.8916
77080;48.6367;3.3826
80520;49.8050;2.6838
81197;44.0807;1.9336
89010;47.6930;4.0014
95682;49.0482;2.4028
01200;46.1108;5.4552
02130;49.8908;4.1075
02802;49.6857;4.0229
05024;44.4053;5.5315
06135;43.8681;6.9380
07030;44.8207;4.4791
08461;49.3760;4.6848
09091;43.0402;1.0445
09308;43.0228;1.1233
12163;43.8038;2.7426
12222;43.9346;2.8483
14360;48.8884;-0.2144
17435;45.8646;-0.6574
18088;47.3631;2.4129
18193;46.6712;2.2998
19012;44.9960;1.8080
21345;47.4842;4.8055
21455;47.8294;4.5894
21673;47.1310;4.6746
23260;46.0034;1.8712
24529;45.2430;0.3402
25208;47.1244;6.2691
27460;49.1002;0.5976
28144;48.1792;0.9101
31061;43.6739;1.1697
31482;43.3503;0.8395
32070;43.6464;-0.1249
32128;43.4788;0.4383
39465;47.1361;5.6580
39533;46.8352;5.5279
39550;46.6552;5.5739
40052;43.8713;-0.2801
40216;43.7282;-0.8473
41089;48.0175;1.0585
43215;44.7969;3.8872
50336;48.9112;-1.3215
50472;48.7246;-1.1858
51310;49.2281;3.8969
54044;48.5815;6.7912
55359;48.5475;5.3060
57246;48.8147;6.7559
61263;48.4709;0.0798
62830;50.1126;3.0716
65051;43.0619;0.5241
66079;42.5986;2.5162
72379;47.9751;-0.2530
79108;46.7035;-0.0656
80299;49.7189;2.3729
80388;49.9470;1.7540
86205;46.9988;0.1395
88221;48.0072;6.2536
02075;49.7791;3.4434
02373;49.8211;3.9145
02414;50.0068;3.6946
02441;49.2731;3.1234
02460;49.7385;3.8042
07274;44.8207;4.4791
07318;44.5629;4.2173
09041;43.0402;1.0445
10286;48.4013;4.5341
10418;48.1160;4.4309
14070;49.2184;-0.0306
21113;47.2087;4.9017
21258;47.8294;4.5894
21567;47.1178;4.4806
24006;44.8621;1.0657
25086;47.3580;6.2106
25562;47.4028;6.8756
27111;48.9046;1.2730
28313;48.2900;1.6836
2A359;41.8845;9.1669
32437;43.7608;-0.0566
38023;44.9184;5.5781
39227;46.6331;6.0291
42269;45.6194;4.0612
46139;44.7466;1.9153
46241;44.7442;1.4111
47229;44.6787;0.2325
51415;48.8713;4.4893
51508;48.7267;4.3040
53027;47.8358;-0.4863
55507;48.9934;5.7278
60184;49.3929;3.0040
60359;49.4574;1.8983
60518;49.5501;2.2286
61170;48.7402;-0.0318
61346;48.8980;0.2183
61395;48.4407;0.8319
61505;48.8350;0.0330
62880;50.7367;1.8148
70566;47.7021;6.0529
71039;46.4607;4.6276
76403;49.7753;0.6404
79348;46.1222;-0.2637
80132;49.7772;2.5059
81023;43.6890;2.8233
82069;44.1880;1.8804
88332;48.2142;5.9735
02443;49.0643;3.3913
02562;49.4211;3.1801
02667;49.3519;3.3202
02704;49.5817;3.1917
03198;46.7204;2.9564
14132;49.3177;-1.0550
15111;45.3513;2.4523
18147;47.4727;2.3938
19254;45.3933;1.3763
21142;47.4842;4.8055
21640;47.4940;4.1911
23006;46.0848;1.6423
24022;44.8500;0.7304
24415;45.0218;0.1614
24511;45.1753;0.1894
25226;47.4568;6.5762
28126;48.2004;1.4336
32302;43.5000;0.6080
34257;43.6529;2.9962
43160;44.8427;3.7908
43195;45.1586;3.3936
46276;44.5040;1.6745
46279;44.7466;1.9153
60566;49.6701;1.7733
61503;48.6893;-0.1609
64001;43.3625;-0.0459
64103;43.3625;-0.0459
67396;48.8530;7.1757
70289;47.4220;5.8319
76365;49.8335;0.8472
80547;50.0227;2.6606
81304;44.1239;2.1871
87007;46.1498;1.2729
02155;49.5539;3.5934
02705;49.5725;3.9635
03263;46.3831;3.5976
04150;44.4746;6.0712
07215;44.8862;4.4065
10310;48.2444;4.4801
10417;48.1890;3.7434
11002;43.3837;1.8553
14104;49.2820;0.2287
14731;49.3302;0.0982
16139;45.7158;-0.1843
17031;45.8685;-0.2970
19149;45.1426;1.8597
19160;45.6009;1.9310
21232;47.3862;4.3436
21616;46.9857;4.7542
23209;46.1028;2.2260
24326;44.9544;1.0753
31327;43.2049;1.0659
32102;43.8146;0.4349
32211;43.8659;-0.1439
36096;46.7244;1.0046
36133;46.5586;1.7164
39134;46.5136;5.5833
41179;48.0175;1.0585
43053;45.0369;4.0674
45322;48.0888;2.8658
46256;44.5040;1.6745
52347;48.5435;5.1165
54121;48.5376;6.3927
57643;48.9870;6.2104
59503;50.1133;3.7395
60084;49.5063;2.0075
60476;49.6701;1.7733
62404;50.1492;2.4713
64307;43.4696;-0.1198
65376;43.2122;0.3897
66202;42.5101;2.0189
66215;42.6444;2.5994
70169;47.6953;5.8168
71035;46.4475;4.8180
71232;46.4282;4.1016
71472;46.9427;4.1052
72178;47.9535;0.5516
77204;49.0796;3.1128
80278;49.6644;2.5930
86201;46.9022;0.2077
88182;48.3052;7.1076
02506;49.2731;3.1234
02657;49.8211;3.9145
03162;46.5176;3.1740
05048;44.3940;5.6937
07251;44.7657;4.3521
10120;48.0240;4.1239
10386;48.5835;4.1609
11072;43.1822;1.9666
14483;48.9914;-0.4099
14509;49.2889;-0.3978
17054;45.1883;-0.1834
17471;46.0200;-0.3370
21007;47.3862;4.3436
21254;47.2087;4.9017
25107;47.3580;6.2106
26068;45.1997;5.0997
27401;49.0499;1.1747
27640;49.0700;0.8168
2A254;41.8074;9.2006
32395;43.9634;0.6069
39073;46.8404;5.6855
39074;47.2159;5.5278
39092;46.5136;5.5833
45266;48.0813;1.8838
46162;44.5788;1.5970
47275;44.3073;0.5421
47298;44.4039;0.2016
48019;44.2654;3.6125
48107;44.5867;3.2477
50016;49.2869;-1.2654
54517;48.8815;6.2268
54535;49.1534;5.8474
56025;48.0681;-2.3139
60459;49.5564;2.7315
61485;48.8980;0.2183
62602;50.3891;1.6689
63346;45.4132;2.8124
63435;45.5536;3.0871
64285;43.3051;-1.0548
65273;43.3754;0.1573
68202;47.6466;7.1067
70114;47.8418;5.8916
70481;47.5460;5.8613
71082;46.4335;4.2963
71549;46.5784;5.0043
72002;48.3843;0.2877
76338;49.5163;1.4814
80069;50.0227;2.6606
82109;44.0234;1.0121
88016;48.1086;6.0777
88461;48.1820;5.8074
89188;47.5102;3.8891
02127;49.1936;3.5598
04023;44.3410;6.1165
09284;43.0413;1.6293
10113;48.2425;4.7115
14687;49.2820;0.2287
15222;44.7321;2.4780
16345;45.8762;0.7258
19247;45.5420;2.3448
21375;47.1707;4.3011
21434;47.2948;4.2513
24141;45.3702;0.3694
27222;49.2341;0.5256
27325;49.1944;0.7092
27615;49.0499;1.1747
35336;48.4182;-1.3885
36179;46.9136;1.9462
37036;47.5288;0.3098
37064;46.9281;0.8485
39040;46.8404;5.6855
39366;46.7557;5.9028
39388;46.7426;5.6286
39392;47.2159;5.5278
51638;48.8828;4.0352
52107;48.2459;5.3811
52394;47.7591;5.5836
54262;48.6799;6.5536
55445;49.3404;5.6285
57065;48.9250;6.6294
57705;49.1842;6.4959
58262;47.0705;3.6596
61068;48.5848;0.1537
62084;50.2642;2.4781
63173;45.5398;3.7752
65352;42.9460;-0.1636
69075;45.9115;4.4132
70205;47.6009;6.6927
71159;46.5999;4.6268
76140;49.8335;0.8472
82116;44.2467;1.1695
88495;48.1845;6.4853
89092;47.6930;4.0014
89214;48.2460;3.5190
02337;49.9666;3.9113
02411;49.2129;3.3501
03196;46.3490;3.8344
14435;49.1310;0.2591
14491;49.0707;-0.6488
17458;45.4260;-0.4052
18073;46.8351;2.3602
21043;47.6255;4.6155
21562;47.5438;5.3881
22235;48.6138;-3.4715
23221;45.7268;2.2962
26217;44.9670;5.2827
28368;48.5730;1.0576
2B201;42.1586;9.4398
30048;44.1345;4.3281
32198;43.5446;0.7384
32246;43.8659;-0.1439
32377;43.7068;0.9678
33353;44.6539;0.0759
36108;46.6050;1.8379
36122;47.0676;1.7967
38514;44.7990;5.7655
39031;47.1361;5.6580
39361;47.2159;5.5278
40305;43.6362;-0.3982
41292;47.7125;1.4546
46194;44.7442;1.4111
46243;44.7466;1.9153
46264;44.5549;1.3289
46280;44.5549;1.3289
50054;49.0498;-0.9275
52164;47.9435;5.7168
52165;47.9325;5.0414
55546;49.5006;5.3752
57024;49.1986;6.3008
60193;49.6664;1.9467
62776;50.1523;2.7931
63336;45.5116;2.7236
65314;43.3754;0.1573
67190;48.6856;7.3662
67232;48.9439;7.8821
71096;46.8468;4.2035
80616;49.7735;2.9160
80748;49.9564;3.0737
81183;43.8198;2.2263
88073;48.3747;6.2660
02183;49.5539;3.5934
02546;49.5817;3.1917
02763;49.3180;3.5440
03057;46.6114;3.5787
09024;42.7096;1.6664
10435;48.2056;4.1125
12181;44.4875;2.2016
15057;44.9868;2.1919
21120;47.1310;4.6746
21382;47.2483;4.5245
21488;47.8578;4.3858
21569;46.9857;4.7542
23066;46.0141;2.4803
23166;46.3044;1.6821
24421;45.1285;0.8693
25455;47.2664;5.8304
25534;46.6707;6.1692
32330;43.6042;0.0669
39426;46.8404;5.6855
43178;45.3510;3.5299
50304;48.8892;-1.4424
51490;48.8713;4.4893
57362;48.6839;6.9387
59490;50.0919;4.0256
62802;50.2642;2.4781
62883;50.3777;2.3104
63218;45.4035;3.7092
63394;45.5294;3.9087
64053;43.2728;-0.1852
64121;43.3794;-0.4500
64487;43.3051;-1.0548
67032;48.3962;7.4116
70247;47.6195;5.5498
70416;47.6868;6.3022
71104;46.9192;5.0173
71302;46.7093;4.6745
76526;49.8421;1.2420
76589;49.7971;1.1220
77481;48.5606;3.0374
80084;49.9470;1.7540
80146;50.1558;1.6160
80494;49.7189;2.3729
87080;46.3496;1.2591
04090;43.9778;6.6758
05074;44.4746;6.0712
08016;49.7820;4.2978
09035;42.8802;0.9760
10022;47.9930;4.3078
11003;43.0486;2.1802
19045;45.0199;1.9969
19208;45.2860;2.1593
21358;47.5309;4.5262
21546;47.2948;4.2513
21633;47.3846;4.5363
23213;46.3478;2.2251
25536;47.2664;5.8304
27053;49.2357;0.9352
2B007;42.3286;8.9825
31178;43.3503;0.8395
33074;44.4949;-0.1120
33121;44.7209;-0.2227
33270;44.4153;-0.2141
39265;46.5974;5.7779
40299;43.6285;-0.5937
46288;44.6197;1.9991
46324;44.6395;1.4266
47211;44.0578;0.1991
48170;44.2409;3.9025
50247;48.8091;-1.4036
52280;47.9125;5.4592
54070;48.8078;6.2608
54088;48.7138;5.8731
57551;48.8282;6.9772
57611;48.6839;6.9387
60276;49.5636;2.5505
60329;49.6134;2.8596
60345;49.4052;2.4292
60629;49.5631;1.8175
61012;48.7128;0.5659
64327;43.1182;-1.1799
64403;43.3303;-0.7874
70054;47.4450;5.5835
71006;46.3132;4.2805
71314;46.8203;5.2172
76012;49.6526;0.3995
76195;49.7570;0.5238
80605;49.7518;3.0187
82021;44.2467;1.1695
88315;48.2228;6.6981
89027;48.2460;3.5190
95331;49.1142;2.3984
01331;46.1108;5.4552
02115;49.5539;3.5934
03116;46.2575;3.1398
05121;44.4605;6.2196
06156;44.0251;7.3084
07082;44.8862;4.4065
07214;44.8957;4.6151
07284;44.4500;4.0742
09014;42.8802;0.9760
10062;48.2444;4.4801
12093;44.6558;2.5816
14400;49.2816;-0.7154
15230;45.2470;2.3376
21053;47.4135;5.3038
21163;47.5892;5.2274
21389;47.6439;4.3442
21541;46.9857;4.7542
23054;46.0141;2.4803
25273;47.2569;6.2911
25340;47.0722;5.8982
25544;47.3147;6.5585
26292;44.2694;5.3363
31537;43.1295;0.7342
33354;44.8116;0.2092
40226;43.6362;-0.3982
42025;46.0940;4.2484
46039;44.6447;1.8144
46277;44.4982;1.0872
46292;44.6447;1.8144
47073;44.3073;0.5421
47193;44.5381;0.6045
48072;44.5867;3.2477
50327;48.8892;-1.4424
51607;48.8663;3.5945
52406;47.7591;5.5836
54247;48.4908;6.0695
55182;49.2813;5.7133
55416;49.1165;5.1112
58233;47.1123;3.4820
61041;48.3286;0.5527
61308;48.7856;-0.2528
62378;50.2552;2.6268
63348;45.4754;3.4445
70075;47.3218;5.7884
70552;47.5606;6.4497
71030;46.4607;4.6276
76029;49.8828;1.5974
88312;48.3247;5.8676
02090;49.2129;3.3501
02219;49.5102;3.3401
02317;49.8123;3.1325
03193;46.4826;2.6565
06116;43.8467;6.7554
08338;49.3635;4.4330
10384;48.2444;4.4801
17005;45.3705;-0.5998
18074;47.3016;2.8088
21594;47.6439;4.3442
21715;47.1178;4.4806
23127;45.9976;2.3290
23242;46.2024;1.7439
25143;47.0722;5.8982
25391;47.1647;6.7090
25574;47.4071;6.4928
26195;44.7390;5.0687
28327;48.1792;0.9101
30009;43.9505;3.4632
30252;44.0718;3.9753
31096;43.7515;1.0584
31318;43.2049;1.0659
32358;44.0062;0.7584
34106;43.7451;3.3468
39184;46.4404;5.7191
47011;44.4073;0.9808
47162;44.3849;0.8443
47223;44.6268;0.7384
50174;48.8091;-1.4036
50175;49.4818;-1.3480
51219;48.5970;4.6425
51445;49.0992;3.8671
51501;49.1559;4.5429
51586;49.2287;3.7632
52227;48.1917;5.6051
53090;47.8447;-0.9308
55412;48.9104;5.5708
55444;48.9104;5.5708
60092;49.1331;2.9579
60465;49.5501;2.2286
61160;48.4945;0.5865
62017;50.5712;1.9180
63466;45.5449;3.2477
64318;43.5232;-0.4426
64342;43.0085;-0.9206
65092;42.9581;0.3893
65097;43.2122;0.3897
65105;43.0681;0.2918
65285;43.2779;0.1955
65429;43.5049;0.0069
70098;47.7890;6.3571
70142;47.3157;5.5958
70559;47.6011;6.1559
71144;47.0754;4.2773
71216;46.5999;4.6268
76119;49.6749;1.2880
76343;49.6189;1.5439
77158;48.3010;2.9785
80429;50.0227;2.6606
86151;46.9988;0.1395
88020;48.3527;5.7500
02120;49.3180;3.5440
02519;49.6857;4.0229
02812;49.2731;3.1234
03144;46.3490;3.8344
05014;44.2953;5.8168
09137;43.0413;1.6293
10042;48.1890;3.7434
10050;48.2444;4.4801
11234;43.3333;1.9782
12192;43.8038;2.7426
14050;49.1880;-0.8225
16190;46.0205;0.0623
23005;46.0141;2.4803
23178;45.8337;2.3493
24386;44.6558;1.0771
25392;47.2518;6.7872
25629;47.3534;6.3679
26122;44.6445;5.2635
27068;48.9289;0.6860
27248;49.1267;0.4626
27342;49.1855;1.1391
27442;48.9214;0.4815
27444;49.0065;0.7393
2B293;42.3298;9.5029
31027;43.3507;1.4503
31054;43.4015;1.7281
32171;43.5137;0.9477
34193;43.4354;2.8976
39250;46.6552;5.5739
40160;43.7488;-0.7202
48165;44.5867;3.2477
51068;48.7580;4.8347
51311;48.7580;4.8347
51641;48.9023;3.7817
52253;48.2049;4.9479
54500;48.5368;5.9113
54587;48.4908;6.0695
55523;49.1850;5.3383
57183;48.7177;6.7895
59287;50.1002;3.3686
60249;49.3234;2.3236
61026;48.5356;0.3516
64480;43.4030;-0.9224
71446;46.5999;4.6268
76207;49.9896;1.4244
80067;49.8050;2.6838
80348;50.0939;2.1056
86011;46.2181;0.7822
90078;47.7176;7.0131
02379;49.8881;3.6413
02432;49.3180;3.5440
03035;46.3490;3.8344
04241;43.8917;5.6556
08092;49.3635;4.4330
15010;45.2470;2.3376
16392;45.9116;0.2698
18070;47.4318;2.6580
19253;45.2237;1.3144
28142;48.3277;1.2582
31362;43.2049;1.0659
31385;43.2618;0.6826
33365;44.9272;-0.2906
33404;44.6539;0.0759
39293;46.4123;5.7904
43253;44.9886;4.2154
46253;44.6395;1.4266
47208;44.1901;0.0303
51542;48.7150;3.7134
53085;48.3269;-0.2436
53272;48.4289;-0.3424
54032;48.5525;6.1336
54178;49.4669;5.5580
54409;48.4908;6.0695
55178;48.7770;5.1703
55278;48.6676;5.5894
57230;49.1842;6.4959
58068;47.0872;3.8971
60059;49.5706;3.0378
61333;48.8980;0.2183
63260;45.7022;3.6815
64345;43.3051;-1.0548
67258;48.7358;7.3547
70308;47.8637;6.5904
70405;47.4344;6.0525
71201;46.7093;4.6745
72236;47.8158;-0.2997
73324;45.4524;6.1665
77496;48.5606;3.0374
80432;49.9195;2.7339
80465;49.7735;2.9160
86228;46.4027;0.5733
88085;48.1317;6.7831
91240;48.3609;2.1249
02066;49.7372;3.2792
02273;49.7351;3.1703
02592;49.7791;3.4434
03151;46.2667;2.7905
05108;44.5289;6.5355
08485;49.5991;5.2788
09077;42.8458;1.5712
10436;48.5835;4.1609
14635;48.9914;-0.4099
18188;46.9642;2.2445
22169;48.3587;-3.1633
24215;44.9881;1.3326
24244;44.6784;0.8997
24477;45.2430;0.3402
24572;44.6784;0.8997
25311;47.4568;6.5762
25446;47.2569;6.2911
25520;47.2569;6.2911
27240;48.9782;0.7866
27433;49.1944;0.7092
27544;48.9046;1.2730
31176;42.8954;0.7228
31194;43.5298;1.7752
31305;43.1698;0.5481
31342;42.9888;0.8129
39027;46.5136;5.5833
43052;45.3510;3.5299
45343;47.9535;2.6969
46168;44.6197;1.9991
48008;44.6437;3.6805
48171;44.1928;3.7293
51080;48.5970;4.6425
51583;48.7580;4.8347
52095;48.2459;5.3811
52247;48.1917;5.6051
53134;48.1479;-0.5292
53264;48.0665;-0.3323
54173;48.6799;6.5536
54217;48.4610;6.7642
57238;48.8273;6.5155
58159;47.2312;3.7046
58266;47.2569;3.5250
62410;50.0913;2.9826
65106;42.7845;0.2492
65471;42.7845;0.2492
68183;47.5444;7.4724
74111;45.8039;6.1603
77087;48.6872;2.9734
79218;46.7035;-0.0656
81275;44.0839;2.0693
88022;48.1820;5.8074
89415;47.5102;3.8891
02425;49.8908;4.1075
08250;49.3635;4.4330
10014;48.3497;4.3203
14476;48.9808;-0.0400
17114;46.0720;-0.5378
18195;46.8298;2.8972
19126;45.0557;1.6594
25239;47.3300;6.8121
25313;47.3534;6.3679
25579;47.3580;6.2106
27081;49.0198;1.3552
2B190;42.5155;9.0055
30087;44.0515;3.8329
32338;43.8574;0.1017
33215;44.7209;-0.2227
34212;43.7451;3.3468
45341;48.0142;1.6697
47177;44.2891;0.2601
47273;44.3000;0.7427
50610;49.5258;-1.4865
51268;48.8828;4.0352
54582;49.4669;5.5580
55470;48.7770;5.1703
59552;50.2255;3.1948
62694;50.2805;2.2855
65383;43.3061;0.3370
66233;42.5223;2.7812
68131;47.6168;7.2950
70290;47.8605;6.2465
71321;46.8342;4.6165
71573;46.2944;4.0641
73234;45.6779;6.0887
76180;49.7753;0.6404
76221;49.8337;0.7274
80314;50.0173;2.8821
80516;49.9564;3.0737
80743;49.9195;2.7339
84005;44.0935;5.3950
88010;48.3247;5.8676
88344;48.3568;5.5304
88490;48.2142;5.9735
02004;49.6857;4.0229
02376;49.8881;3.6413
02401;49.8211;3.9145
08160;49.7815;4.6589
10422;48.0520;3.9325
12024;44.4348;2.3175
16178;45.4826;-0.1625
18002;46.7360;2.4965
18043;46.7848;2.1807
21499;47.8294;4.5894
22331;48.3587;-3.1633
23228;45.9608;2.1890
23241;45.9976;2.3290
26277;44.7390;5.0687
27269;49.2429;0.4229
34171;43.8815;3.6618
38020;45.0896;6.1682
43167;45.0667;3.4902
46222;44.6155;1.1969
47205;44.2985;0.0766
48055;44.4596;3.3409
50241;49.5258;-1.4865
50299;49.3441;-1.6662
51259;48.8713;4.4893
51460;48.8663;3.5945
57056;48.6839;6.9387
58271;47.3658;3.6649
58277;46.9712;3.7752
60085;49.6351;2.3029
60569;49.4914;2.9770
62058;50.4768;2.3789
62419;50.7616;1.9321
64032;43.3303;-0.7874
64077;43.4589;-0.3414
64197;43.2986;-0.5861
64240;43.0837;-0.4059
65016;43.0347;0.1428
65079;43.1910;0.2471
65332;43.2779;0.1955
66113;42.4917;2.6343
70092;47.3157;5.5958
70371;47.4450;5.5835
71041;46.3132;4.2805
71091;46.3368;4.5283
71315;46.8995;5.2574
76189;49.7753;0.6404
76389;49.7971;1.1220
80517;49.7016;2.7754
82060;44.2460;1.0029
86069;46.8728;0.0622
86269;47.0822;0.0264
88381;48.1086;6.0777
88387;48.3247;5.8676
02132;49.6040;3.5190
10393;48.4013;4.5341
11182;43.3722;2.1741
11292;43.3333;1.9782
12227;44.4589;1.9830
12260;43.9902;3.2611
12278;44.2188;2.1946
15203;45.1979;3.1653
19190;45.5420;2.3448
19193;45.1481;2.1059
21158;47.5438;5.3881
21325;47.1178;4.4806
21678;47.3862;4.3436
24478;44.7520;1.0461
25083;47.4568;6.5762
25096;46.6707;6.1692
25330;47.0722;5.8982
26329;44.3687;5.1923
2B145;42.4856;9.4574
30163;43.9770;4.1101
32053;43.3835;0.5907
32274;43.8659;-0.1439
33386;44.9524;-0.0838
39026;47.0181;5.6398
45001;47.8081;2.8627
47020;44.6787;0.2325
50310;49.1154;-1.2554
50398;49.0498;-0.9275
50572;49.4114;-1.7564
51094;48.7343;4.6063
51267;49.2281;3.8969
51398;49.0992;3.8671
51551;48.5970;4.6425
52240;47.7926;5.4347
54223;48.5368;5.9113
55146;49.3482;5.1985
55391;49.5012;5.1835
58021;46.7882;3.1848
62513;50.2805;2.2855
64325;43.2158;-0.4415
67245;48.6179;7.4214
68276;47.8970;7.2239
70272;47.6953;5.8168
72246;48.1973;0.4291
76006;49.7257;0.7918
77206;48.7888;3.0954
79015;46.1222;-0.2637
80664;50.0173;2.8821
81016;43.4692;2.1562
81278;43.4851;2.5226
88507;48.3096;6.0977
02096;49.7146;3.5969
02545;49.7385;3.8042
02636;49.7791;3.4434
02754;49.5817;3.1917
03231;46.1959;2.6188
05025;44.7017;6.0860
07111;44.7013;4.3424
08132;49.6014;4.4510
08360;49.6447;4.2076
10038;48.3522;3.6264
14036;49.1833;-0.2245
14082;49.1716;0.0767
14134;49.1191;-0.1595
21177;47.3862;4.3436
21497;47.4845;4.3373
21648;47.3349;4.6950
23091;45.8339;2.1588
24254;44.8621;1.0657
25067;47.4568;6.5762
25098;47.0722;5.8982
2B236;41.9691;9.3445
2B246;42.4263;9.3596
32374;43.5446;0.7384
33310;44.4019;-0.4841
33459;44.8803;-0.1545
36111;46.5586;1.7164
38237;45.0896;6.1682
40225;43.6362;-0.3982
41001;47.6757;0.9717
43131;45.2102;3.5526
46242;44.7466;1.9153
48053;44.4947;3.7151
51370;49.1199;4.8359
51591;49.3054;3.8330
52014;47.7675;5.2477
55076;49.3427;5.4337
55153;49.1964;5.5975
55358;48.6841;5.3388
57198;49.0096;6.7694
58127;47.1910;3.3323
58268;46.8027;3.7623
60303;49.6664;1.9467
60427;49.2082;2.0268
61052;48.7128;0.5659
62426;50.2106;2.8785
64031;43.4772;-0.9610
64096;43.4030;-0.9224
64200;43.4861;-0.5804
64319;43.3051;-1.0548
66211;42.6000;2.7620
76606;49.7548;1.6736
77355;48.4788;3.1219
86239;46.5477;0.6875
88352;48.3527;5.7500
89203;47.5102;3.8891
89253;47.5372;3.6418
01406;46.4430;5.1230
02143;49.9653;3.2544
02537;49.4239;3.3840
02605;49.7791;3.4434
05058;44.7405;6.5132
08141;49.7134;4.4617
08468;49.8122;4.5255
09138;42.9515;1.5808
15213;45.3181;2.7988
16162;45.4895;0.2971
17004;46.0186;-1.1693
17341;45.4260;-0.4052
21041;47.6313;4.9775
21308;47.5309;4.5262
21415;47.6698;4.7496
21579;47.6313;4.9775
22009;48.3058;-3.0086
23074;46.0036;2.0402
23078;45.9354;1.7259
28155;48.5968;1.2694
32022;43.6945;0.1109
32124;43.4456;0.9073
32136;43.6042;0.0669
36138;46.6174;2.0384
39225;46.8404;5.6855
39255;46.5636;5.4298
39499;47.2211;5.6850
39514;47.1361;5.6580
50265;49.2382;-1.5359
51349;48.5970;4.6425
57228;48.8874;6.4058
57294;49.0414;7.5069
57310;48.8282;6.9772
57393;49.1232;7.3585
58217;47.4642;3.4920
61427;48.5604;-0.1273
62227;50.5712;1.9180
62616;50.2560;2.1258
63323;45.4483;3.5745
64479;43.4860;-0.7527
65201;43.0733;-0.0282
67488;48.8530;7.1757
70190;47.7821;6.0966
70201;47.5819;5.6836
76028;49.7548;1.6736
80225;49.8538;2.2270
80741;49.9092;2.9380
81029;43.9344;2.0310
87115;45.6750;0.7686
88104;48.3527;5.7500
89149;47.9421;3.8475
89412;47.5358;4.0960
02529;49.7146;3.5969
03017;46.2073;3.6605
08295;49.6405;4.6369
08416;49.4891;4.3377
09109;43.1552;1.4156
11056;43.3460;2.5208
11142;43.0486;2.1802
14203;49.2184;-0.0306
14474;49.1716;0.0767
16191;45.8752;0.1966
16268;46.0169;0.2464
23071;45.8339;2.1588
27237;49.1267;0.4626
31199;42.8954;0.7228
31225;43.2026;1.2352
34277;43.8815;3.6618
34339;43.4354;2.8976
39583;46.3647;5.5594
40140;44.0397;-0.1242
43100;45.2102;3.5526
46035;44.6197;1.9991
46043;44.9082;1.8494
46068;44.5040;1.6745
47231;44.5399;0.3053
48150;44.6949;3.7984
52302;48.4375;5.1425
54225;48.8291;6.0399
54467;48.4627;6.3431
55292;49.3482;5.1985
58034;47.0872;3.8971
60216;49.4932;2.4185
60438;49.3929;3.0040
62016;50.3891;1.6689
62710;50.4534;1.9387
65259;43.2779;0.1955
70295;47.7708;6.6059
70367;47.6011;6.1559
71317;46.7260;4.1292
76379;49.7961;0.9697
77029;48.6400;2.7977
88330;48.1086;6.0777
88450;48.0701;5.8035
89226;47.7905;3.7907
01077;46.1108;5.4552
10291;48.4800;3.5157
12007;44.4589;1.9830
14012;49.2184;-0.0306
14130;49.1880;-0.8225
15051;44.9756;3.2592
17223;45.8560;-0.1800
19217;45.0557;1.6594
21472;47.5892;5.2274
24323;45.2430;0.3402
24452;45.3702;0.3694
28400;48.1266;1.6821
2A024;41.7932;9.0841
2B327;42.9673;9.4295
30161;43.9770;4.1101
32385;43.8771;0.8048
38419;44.7971;5.6038
39066;46.6552;5.5739
39460;46.4120;5.8706
39523;46.7557;5.9028
41058;47.8058;1.4353
42160;45.8653;3.9897
43196;45.3161;3.8663
45141;47.6035;2.8824
46218;44.5097;1.1834
48115;44.1928;3.7293
48168;44.5867;3.2477
54474;48.9082;6.0584
60544;49.6351;2.3029
60614;49.2430;1.8875
61108;48.8022;0.3150
61138;48.8022;0.3150
61424;48.5604;-0.1273
64423;43.4030;-0.9224
65173;42.8310;0.0357
68052;47.7235;7.0696
68328;47.8912;6.9773
71058;46.5999;4.6268
71527;47.0754;4.2773
73272;45.5044;6.3048
77136;48.6400;2.7977
78234;48.9658;1.6466
80434;49.9564;3.0737
80513;50.0173;2.8821
80544;50.1635;2.3412
88257;48.3096;6.0977
89040;47.6119;3.7459
89339;47.6036;3.9444
91399;48.3976;2.1970
01177;46.2067;5.3861
02105;49.0643;3.3913
02240;49.9674;3.4414
03033;46.1385;3.5187
04057;44.3410;6.1165
07262;44.6411;3.9709
14650;49.0067;-0.6820
15214;44.8597;2.1840
22365;48.2419;-3.3106
23016;45.9136;2.0291
26133;45.1865;4.8800
2B039;42.4832;9.2654
33188;44.2832;-0.2259
39090;46.9509;5.4123
39531;46.5974;5.7779
41224;48.0018;0.8990
45264;47.8999;1.6507
51275;48.7343;4.6063
52321;48.3636;4.9313
54083;48.5820;6.5353
54231;49.1534;5.8474
54418;48.6799;6.5536
55119;49.3482;5.1985
55321;49.1850;5.3383
55329;48.9104;5.5708
57297;48.9250;6.6294
62890;50.3763;2.1293
63017;45.4504;3.1969
64361;43.3830;-0.2320
64457;43.5232;-0.4426
66170;42.6000;2.7620
70484;47.6009;6.6927
76641;49.8335;0.8472
80467;49.7016;2.7754
80525;49.7720;1.9519
80529;50.0034;1.8509
81205;43.5672;1.8913
86087;46.7882;0.1512
88202;48.3096;6.0977
89182;47.6135;3.4456
07121;44.8185;4.0192
08437;49.4368;4.9590
09227;42.8999;1.8267
10383;48.3522;3.6264
11196;43.1822;1.9666
12042;43.9346;2.8483
12204;44.0898;3.1062
16373;46.0205;0.0623
17294;45.9788;-0.6802
21124;47.1707;4.3011
21709;47.6439;4.3442
25225;47.2664;5.8304
25416;47.0722;5.8982
2B124;42.0908;9.2104
32046;43.6464;-0.1249
32333;43.6464;-0.1249
33516;44.7424;0.0684
39223;46.9334;5.7581
40072;43.6362;-0.3982
43104;44.9233;3.5085
46213;44.7803;1.6965
47266;44.0578;0.1991
60336;49.5501;2.2286
60353;49.6351;2.3029
61101;48.6575;0.0274
61216;48.5604;-0.1273
61352;48.8350;0.0330
62467;50.3777;2.3104
62544;50.2642;2.4781
62779;50.1492;2.4713
66062;42.5299;1.8824
71519;46.8203;5.2172
80165;49.8727;2.0689
80503;50.1625;2.1348
81073;44.0038;2.2774
81181;43.7194;2.1291
88119;48.1820;5.8074
88425;48.3562;6.6454
02102;49.4878;3.6830
02794;49.1936;3.5598
05031;44.7405;6.5132
08200;49.3760;4.6848
09108;43.0067;1.4206
09168;42.8999;1.8267
14424;48.8545;-1.0274
15165;44.9868;2.1919
19089;45.2414;2.0102
21175;47.3192;5.3981
25280;47.2892;6.9261
25366;47.2518;6.7872
25522;47.1647;6.7090
26137;44.7390;5.0687
26248;44.7766;5.3514
28078;48.1792;0.9101
2B054;42.5324;9.4210
32182;43.5137;0.9477
33196;44.8154;-0.2027
39557;46.3647;5.5594
41116;47.7959;1.0852
43151;45.0667;3.4902
46319;44.7466;1.9153
46333;44.3819;1.7702
50457;49.4011;-1.5526
50482;49.2025;-1.3920
51618;48.8663;3.5945
55243;48.9934;5.7278
55293;49.3482;5.1985
55493;48.8463;4.9967
55578;49.1964;5.5975
57359;49.3105;6.3588
60362;49.6646;3.0328
65028;43.2183;0.5039
65184;43.2122;0.3897
70066;47.8418;5.8916
70185;47.4450;5.5835
70276;47.6009;6.6927
70488;47.7821;6.0966
72279;47.8404;0.5027
74072;45.7729;6.2585
76564;49.8335;0.8472
76744;49.8828;1.5974
80340;49.7720;1.9519
80673;49.9553;2.0974
88228;48.3420;6.4424
88297;48.2228;6.6981
88403;48.3096;6.0977
88440;48.3247;5.8676
88517;48.1086;6.0777
89161;47.6930;4.0014
89190;47.5102;3.8891
03280;46.1959;2.6188
10112;48.0240;4.1239
11080;42.9737;2.0269
21101;47.3862;4.3436
21543;47.7772;4.8663
23123;46.0141;2.4803
24116;45.1194;1.2979
24404;44.9453;0.9211
24416;44.7520;1.0461
26171;44.5517;4.9465
2B252;42.4502;9.4730
30320;44.1345;4.3281
32157;43.6691;0.7626
33216;44.4949;-0.1120
33396;44.8803;-0.1545
37042;47.1546;0.2329
38424;44.7971;5.6038
40322;44.0582;-1.2134
46209;44.8071;1.4811
47042;44.4351;0.4564
47272;44.6509;0.5924
50340;49.1348;-1.4186
50533;49.2025;-1.3920
51279;48.5867;3.7574
52022;47.9325;5.0414
52094;47.7672;5.0666
52120;47.9981;5.5171
52130;48.1347;4.8622
52425;47.6848;5.2877
54292;48.5820;6.5353
55334;48.6676;5.5894
55414;48.8463;4.9967
57580;48.9250;6.6294
58101;47.2832;3.2261
58287;46.8176;3.9556
60224;49.1331;2.9579
60297;49.6664;1.9467
60352;49.2430;1.8875
61317;48.8022;0.3150
61330;48.7196;0.4148
62121;50.0847;2.8521
67057;48.8221;7.4333
67229;48.6856;7.3662
70118;47.4344;6.0525
76399;49.7407;1.4648
76478;49.7971;1.1220
79022;46.8218;-0.1365
89314;47.6638;3.6805
90030;47.5262;7.0264
02367;49.7351;3.1703
02707;49.5909;3.3991
02832;49.8881;3.6413
03261;46.1959;2.6188
04183;44.0284;6.5395
09102;43.0872;1.8537
10312;48.0520;3.9325
12018;44.4589;1.9830
12249;43.8038;2.7426
18276;46.7613;2.6677
21233;47.3192;5.3981
25087;47.4071;6.4928
25435;47.2221;6.4085
25608;47.5357;6.6689
25635;47.3147;6.5585
27182;48.7417;0.9087
28411;48.2900;1.6836
30175;44.2161;4.4462
31325;43.5298;1.7752
40064;43.9331;-0.5266
40247;43.6902;-0.2841
41024;48.0175;1.0585
41113;47.7461;0.7846
45012;48.1873;2.2537
46069;44.2979;1.3715
47227;44.2985;0.0766
53131;48.4100;-0.8319
54082;49.1534;5.8474
55370;48.6841;5.3388
55457;49.0949;5.6529
57375;48.7177;6.7895
58163;47.3502;3.3843
58245;46.8005;3.4767
64316;43.0085;-0.9206
72270;48.3843;0.2877
76537;49.7548;1.6736
76604;49.7961;0.9697
02072;49.5127;3.8334
02455;49.8881;3.6413
02726;49.7351;3.1703
05062;44.8037;6.1443
09045;42.8458;1.5712
09147;43.2096;1.5955
10025;47.9930;4.3078
10155;48.0605;4.6033
11242;43.0946;2.3432
14601;49.2820;0.2287
15076;44.9868;2.1919
19209;45.6009;1.9310
23187;46.1028;2.2260
24213;44.9759;0.5487
24281;44.7571;0.7862
25376;47.3324;6.0368
28175;48.3163;0.8760
31274;43.1295;0.7342
31494;43.3503;0.8395
38204;44.7971;5.6038
43134;45.1545;3.9463
45219;47.9909;2.4834
46111;44.6197;1.9991
46223;44.5549;1.3289
47299;44.6188;0.4833
52062;47.8592;5.2713
54063;48.9170;5.8616
55454;48.6841;5.3388
56209;48.1490;-3.0859
60182;49.6351;2.3029
60376;49.5063;2.0075
61361;48.6912;-0.3983
62282;50.3763;2.1293
63137;45.4035;3.7092
63375;45.4492;3.3416
64338;43.3830;-0.2320
64459;43.3303;-0.7874
70361;47.7708;6.6059
70560;47.4344;6.0525
70578;47.3218;5.7884
71524;46.4917;4.4322
72170;48.3843;0.2877
72302;48.1855;0.6263
76423;49.4839;1.6393
79019;46.7035;-0.0656
79306;46.6764;-0.2202
80105;49.7735;2.9160
80384;50.0227;2.6606
80430;49.9092;2.9380
80729;49.7772;2.5059
81108;44.0807;1.9336
82104;43.9686;0.8825
87023;46.0208;1.2045
88146;48.2142;5.9735
88325;48.2142;5.9735
88342;48.3420;6.4424
88354;48.3096;6.0977
89115;48.3049;3.2038
89284;47.7772;4.1587
08458;49.4949;4.5877
10218;48.0240;4.1239
10301;48.3522;3.6264
10304;48.4013;4.5341
14232;49.1830;-0.6348
15009;45.2494;2.6450
15026;44.9549;2.8123
17029;45.8685;-0.2970
18154;46.9512;2.8014
19177;45.3233;1.3121
24036;44.8621;1.0657
24267;44.7790;0.3900
24383;44.6978;0.4365
25451;46.6707;6.1692
27163;49.3519;0.5305
27364;49.1014;0.7007
30105;44.0925;3.4184
30283;43.9871;3.7147
31063;43.2381;0.8756
31245;42.9888;0.8129
32199;43.6042;0.0669
36246;46.8406;1.1679
37007;47.0141;0.3871
45058;48.0813;1.8838
47250;44.2891;0.2601
51537;49.1199;4.8359
54226;48.5704;5.7716
54484;48.4879;6.8972
54569;48.8291;6.0399
55059;48.5183;5.4976
55250;49.5012;5.1835
57609;48.9946;6.4127
58165;47.3658;3.6649
59167;50.2255;3.1948
61084;48.7856;-0.2528
61261;48.4709;0.0798
62562;50.5025;2.1152
62877;50.1492;2.4713
63074;45.4504;3.1969
65373;43.2892;0.5135
67536;48.9564;7.6442
71364;46.8203;5.2172
71405;46.8190;5.0403
71579;46.7093;4.6745
73277;45.6548;6.1758
80365;49.7720;1.9519
80796;49.9470;1.7540
02039;49.7385;3.8042
02568;49.2731;3.1234
02616;49.5102;3.3401
08340;49.4740;4.1207
08392;49.3760;4.6848
10011;48.2425;4.7115
10045;48.2444;4.4801
10296;48.1160;4.4309
17212;45.8685;-0.2970
19231;45.2414;2.0102
23118;46.0849;2.0174
25275;47.3300;6.8121
27680;48.9214;0.4815
28300;48.2537;1.8842
29084;48.3953;-4.9601
33173;44.9524;-0.0838
34175;43.6139;3.3803
37253;47.2139;0.9305
38066;45.4359;4.9980
39301;46.7557;5.9028
39360;47.2159;5.5278
39377;47.2159;5.5278
43070;45.1586;3.3936
43086;45.2102;3.5526
46107;44.4982;1.0872
50024;49.2869;-1.2654
50372;49.3265;-1.4925
50399;48.7246;-1.1858
51097;49.1559;4.5429
51601;48.7343;4.6063
55105;49.1964;5.5975
57010;48.8874;6.4058
57625;48.8273;6.5155
57717;48.9250;6.6294
60132;49.6646;3.0328
60219;49.6701;1.7733
60243;49.5501;2.2286
70179;47.6011;6.1559
70252;47.6195;5.5498
70521;47.4220;5.8319
70523;47.6195;5.5498
71464;46.8944;4.5385
76257;49.8828;1.5974
80344;50.0747;2.0176
80367;49.9195;2.7339
82061;44.1522;1.7419
88070;48.3747;6.2660
88248;48.0701;5.8035
89362;47.6119;3.7459
90105;47.5262;7.0264
02040;49.9025;3.8968
02125;49.0973;3.1992
02138;49.3519;3.3202
03146;46.7204;2.9564
04055;43.9662;6.3676
08375;49.6542;5.1922
08387;49.4949;4.5877
09290;42.8802;0.9760
10324;48.1632;4.0206
14426;49.2820;0.2287
16054;46.0027;0.4178
16081;45.9098;0.0012
16130;45.2720;0.0511
18111;47.2853;2.6190
19171;45.0199;1.9969
21033;47.3349;4.6950
21420;46.9890;4.6164
23120;46.3478;2.2251
23191;46.1634;1.8617
25016;47.0295;6.0801
27673;49.2436;1.2750
2B086;42.9483;9.3701
32451;43.4320;0.7374
39519;46.5974;5.7779
41100;47.7461;0.7846
42002;45.7453;4.0081
43011;45.1586;3.3936
45150;47.9909;2.4834
45159;48.1960;2.4368
45217;48.1873;2.2537
46235;44.7803;1.6965
47018;44.6787;0.2325
51038;49.0741;3.7149
51435;48.8828;4.0352
54130;48.4627;6.3431
55106;49.1850;5.3383
55175;48.8869;5.3410
55362;49.5012;5.1835
70021;47.6775;6.5035
70035;47.8418;5.8916
70554;47.8418;5.8916
71108;46.2282;4.7459
71152;46.6999;3.9452
71199;46.4607;4.6276
73113;45.4507;6.7270
76268;49.6375;0.2366
76567;49.7407;1.4648
80386;49.6644;2.5930
80562;49.9961;2.3435
81290;44.0807;1.9336
88309;48.2142;5.9735
01174;46.1948;5.7148
02230;49.3180;3.5440
02590;48.9761;3.5408
04211;44.1439;6.0269
06005;43.9759;6.9452
08110;49.8122;4.5255
08410;49.3760;4.6848
10397;48.2444;4.4801
15011;44.9868;2.1919
21009;47.1178;4.4806
21548;47.3897;4.1445
25346;47.0295;6.0801
27381;49.1002;0.5976
28306;48.2004;1.4336
2B030;42.8845;9.3982
34015;43.4354;2.8976
37114;46.9281;0.8485
39037;47.0181;5.6398
39373;46.3646;5.9449
41187;47.7959;1.0852
43105;45.2693;3.3650
46041;44.5163;1.8295
48175;44.5032;3.1311
51048;49.0992;3.8671
51077;49.3054;3.8330
52056;48.0490;4.8864
54594;48.9170;5.8616
60099;49.4684;2.7499
61357;48.5604;-0.1273
62064;50.0847;2.8521
62222;50.3630;2.0044
62518;50.2805;2.2855
63065;45.6791;3.4814
64027;43.3830;-0.2320
65237;43.0733;-0.0282
65357;43.1910;0.2471
67079;48.9169;8.0948
70323;47.9305;6.1007
71045;46.7475;5.2539
71454;46.6261;5.3508
71532;46.4607;4.6276
77256;48.5152;3.2405
80586;49.9470;1.7540
80788;49.9484;1.9286
88210;48.1930;6.2184
02194;49.7385;3.8042
02601;49.4580;3.9681
03134;46.3298;3.2717
05028;44.5486;5.8936
08168;49.5991;5.2788
09049;42.9515;1.5808
10338;48.5835;4.1609
16173;45.8752;0.1966
17249;45.4260;-0.4052
17481;45.9472;-0.4881
18113;46.9512;2.8014
21274;47.1178;4.4806
21427;47.1310;4.6746
24524;44.9453;0.9211
38127;44.7990;5.7655
41205;47.6159;1.1303
42121;45.6194;4.0612
43054;44.9233;3.5085
46183;44.5163;1.8295
50064;49.3768;-1.4173
50517;49.3873;-1.2723
52146;47.9325;5.0414
52447;47.8592;5.2713
52457;47.8592;5.2713
57054;48.9946;6.4127
57100;48.7890;7.2224
57320;48.6839;6.9387
58008;47.2312;3.7046
58279;47.1910;3.3323
58307;47.3141;3.0188
60051;49.6664;1.9467
62561;50.0847;2.8521
62745;50.4534;1.9387
65181;43.1910;0.2471
65432;43.5049;0.0069
67134;48.8530;7.1757
71255;46.6538;3.7693
71301;46.6538;3.7693
76306;49.7961;0.9697
77197;48.7633;3.3188
81126;43.6943;1.8037
86143;46.8121;0.7534
88303;48.4265;5.6727
02762;49.4211;3.1801
03285;46.4485;2.8463
04155;44.1915;6.3963
07094;44.8260;4.7518
09251;43.0872;1.8537
11051;43.1822;1.9666
15113;45.0490;2.6165
17464;46.0720;-0.5378
18191;46.9117;2.6018
19158;45.2304;1.8356
21032;46.9890;4.6164
21215;47.4135;5.3038
21305;47.9722;4.6386
21570;47.2483;4.5245
24062;45.3702;0.3694
25012;46.9030;6.3641
25203;47.2225;6.5213
27010;49.3150;1.7447
27546;49.0499;1.1747
2A091;41.8438;8.8589
30222;44.1738;4.6090
31112;43.0781;0.9595
31393;43.4596;1.8786
32103;43.3835;0.5907
32405;43.8484;0.6403
36011;47.1964;1.6976
36051;46.6443;1.3813
36166;47.0499;1.3807
38208;44.7990;5.7655
40130;43.6285;-0.5937
41014;48.0018;0.8990
46061;44.4982;1.0872
46142;44.4982;1.0872
46258;44.7442;1.4111
47219;44.6268;0.7384
50124;48.7246;-1.1858
50536;49.4114;-1.7564
51251;48.9640;4.0234
54004;49.1534;5.8474
54349;48.5820;6.5353
54416;48.9170;5.8616
55245;48.9934;5.7278
58197;47.3658;3.6649
60214;49.5631;1.8175
61388;48.3286;0.5527
62187;50.3777;2.3104
62449;50.4534;1.9387
64293;43.3625;-0.0459
64299;43.2986;-0.5861
64379;43.1182;-1.1799
64509;43.0978;-0.8959
65384;42.7845;0.2492
71168;46.8203;5.2172
71421;46.3132;4.2805
76523;49.8828;1.5974
76671;49.9896;1.4244
76731;49.7961;0.9697
79160;46.1222;-0.2637
80192;49.9016;2.5356
81118;43.6220;2.2590
82015;43.8709;0.9947
82130;44.1429;0.9367
86230;46.4460;1.0603
88223;48.3119;6.3033
88523;48.3247;5.8676
89215;47.6135;3.4456
89252;47.6135;3.4456
01219;45.7526;5.5545
14680;49.2816;-0.7154
16413;46.0205;0.0623
19280;44.9960;1.8080
21374;47.1178;4.4806
21393;47.8294;4.5894
21476;47.1310;4.6746
24191;44.9031;0.3446
26308;44.7766;5.3514
27663;49.1474;0.9580
31373;43.3503;0.8395
32061;43.5446;0.7384
33155;44.2832;-0.2259
36188;46.9625;1.1800
45120;47.6035;2.8824
45201;48.0888;2.8658
46286;44.8464;1.9089
46314;44.7466;1.9153
47160;44.4073;0.9808
51327;48.8828;4.0352
53173;48.4797;-0.2225
54094;48.4693;6.2093
55408;49.5012;5.1835
58285;47.0705;3.6596
60171;49.3929;3.0040
60519;49.6646;3.0328
61347;48.8022;0.3150
62608;50.0913;2.9826
62823;50.5025;2.1152
63129;45.4877;2.6185
63310;45.7736;3.5814
63421;45.5550;2.5854
64075;43.3303;-0.7874
64158;43.5232;-0.4426
64297;43.1182;-1.1799
65290;43.1910;0.2471
70125;47.4450;5.5835
70386;47.6496;5.9683
79074;46.1514;0.0823
80302;49.6644;2.5930
81027;43.4431;2.0782
82084;44.2460;1.0029
87084;45.6621;1.0109
88305;48.4265;5.6727
02101;49.7385;3.8042
02385;49.7385;3.8042
02552;49.8377;3.5104
10101;48.4952;4.3181
12035;43.9452;2.6173
14146;48.9262;-0.6311
14160;49.0559;-0.3216
16405;45.4826;-0.1625
21169;47.2087;4.9017
21659;47.4842;4.8055
24184;44.7743;1.2133
25341;47.3534;6.3679
26098;44.7390;5.0687
27168;49.2436;1.2750
27289;48.9214;0.4815
27455;49.1267;0.4626
27586;49.2823;0.8208
32031;43.7476;0.2632
38321;44.7990;5.7655
39240;46.5974;5.7779
43001;45.2693;3.3650
47047;44.5399;0.3053
47089;44.6787;0.2325
51361;48.7267;4.3040
54368;48.4879;6.8972
55438;49.3482;5.1985
57749;49.3089;6.5075
60098;49.6701;1.7733
61105;48.4242;0.4397
64166;43.1182;-1.1799
64454;43.3625;-0.0459
67026;48.4804;7.2102
70500;47.4967;6.2428
71507;46.5999;4.6268
71544;46.9192;5.0173
72085;47.8336;0.6915
72362;48.2253;0.1020
80037;49.7772;2.5059
80040;49.9470;1.7540
80420;50.0734;2.5120
80468;50.0227;2.6606
81237;43.4692;2.1562
86035;46.3309;0.9553
86172;46.2181;0.7822
86192;46.4017;0.8598
87155;46.1044;1.0435
88480;48.3747;6.2660
02570;49.7351;3.1703
03050;46.0430;3.6956
05060;44.5486;5.8936
07003;44.7657;4.3521
07253;44.8207;4.4791
08150;49.4891;4.3377
08356;49.6447;4.2076
09231;42.8797;1.3469
09313;43.0979;1.1426
11364;43.0486;2.1802
15106;44.8098;2.9880
16114;45.9116;0.2698
18217;46.5167;2.2263
21281;47.5438;5.3881
21449;47.3862;4.3436
27614;49.3313;1.5942
27692;49.1474;0.9580
28392;48.2537;1.8842
2B333;42.6332;9.3481
30050;43.8845;4.0279
31043;43.1698;0.5481
32465;43.4320;0.7374
41254;48.0018;0.8990
43222;45.1586;3.3936
45124;48.1960;2.4368
46047;44.8071;1.4811
46115;44.8464;1.9089
50253;48.5681;-1.4776
51579;48.8663;3.5945
53114;48.3703;-0.4670
54071;48.6799;6.5536
54387;48.9082;6.0584
57674;48.8874;6.4058
57702;48.8273;6.5155
59062;50.1606;4.0863
63067;46.0971;2.6628
64475;43.0085;-0.9206
64560;43.4589;-0.3414
67027;48.4804;7.2102
67244;48.6856;7.3662
71007;46.5999;4.6268
79042;46.3758;-0.0928
79294;46.2556;-0.3657
80191;49.8050;2.6838
81252;43.6740;2.3018
88014;48.1658;6.8771
01106;46.2067;5.3861
02056;49.5817;3.1917
08135;49.3760;4.6848
08312;49.8122;4.5255
08321;49.4949;4.5877
09118;42.9874;1.3031
09300;42.9515;1.5808
14204;49.3773;-1.0191
17012;45.9788;-0.6802
21450;46.9857;4.7542
24411;45.5369;0.6442
25009;47.2569;6.2911
27429;48.9330;1.4195
27475;49.2341;0.5256
28151;48.6934;1.0846
29012;48.4665;-3.6845
2B080;42.4948;9.1656
30264;44.0513;4.1895
31055;43.5298;1.7752
31137;43.4015;1.7281
31209;43.7515;1.0584
32085;44.0062;0.7584
33398;44.5793;-0.0315
39545;46.7557;5.9028
40146;43.6902;-0.2841
51001;48.8713;4.4893
51022;48.8713;4.4893
52075;48.2459;5.3811
52355;47.8592;5.2713
52357;48.4234;5.3175
52360;47.6848;5.2877
54203;48.4908;6.0695
55024;49.3427;5.4337
57347;48.9138;6.8634
57661;49.0414;7.5069
58041;47.2569;3.5250
61071;48.8980;0.2183
62209;50.5025;2.1152
64013;43.1182;-1.1799
64332;43.4589;-0.3414
64534;43.5419;-0.2263
65177;43.3061;0.3370
70016;47.8637;6.5904
70576;47.8418;5.8916
71048;46.2944;4.0641
76079;49.6977;0.2545
76680;49.7570;0.5238
77250;48.7633;3.3188
80244;50.3005;1.6843
80322;49.7016;2.7754
80790;49.7016;2.7754
84109;44.1247;5.1071
88448;48.1820;5.8074
01302;45.8544;5.7656
02404;49.8211;3.9145
03206;46.1959;2.6188
04132;44.0486;5.6113
04199;44.2004;5.9040
05127;44.4605;6.2196
07213;44.4641;4.1857
08095;49.6405;4.6369
10024;48.0520;3.9325
10394;48.0240;4.1239
14214;49.2816;-0.7154
15240;45.4133;2.5954
16111;45.3951;0.1233
16183;45.7776;0.5803
17398;45.5959;-0.5045
21153;47.2483;4.5245
21208;47.5246;5.0664
22095;48.6535;-3.3087
22320;48.4068;-3.4339
23017;45.8337;2.3493
25218;47.2221;6.4085
25343;47.1118;6.4343
25420;47.0295;6.0801
27139;48.8419;0.7041
27241;49.1474;0.9580
28077;48.6383;0.8925
2B337;42.4832;9.2654
31347;43.3503;0.8395
32241;43.9634;0.6069
38301;44.7971;5.6038
38522;44.9086;6.0213
41098;47.6757;0.9717
43129;45.1188;4.2996
47122;44.5399;0.3053
47176;44.1923;0.2805
48021;44.5872;3.8544
48185;44.4596;3.3409
50261;49.0498;-0.9275
51179;48.8713;4.4893
51584;49.1724;4.0456
52035;47.7675;5.2477
52170;47.6848;5.2877
54093;49.1534;5.8474
57290;48.8273;6.5155
57451;48.9250;6.6294
57559;48.8874;6.4058
61056;48.5848;0.1537
61142;48.3286;0.5527
63006;45.3816;3.0506
65291;43.0733;-0.0282
67241;48.8530;7.1757
70555;47.7821;6.0966
71087;46.5999;4.6268
72250;47.9301;0.7056
76109;49.5595;1.3516
76187;49.7369;0.3976
80804;50.0747;2.0176
81136;44.0175;1.7816
81270;43.5606;2.0205
88299;48.3096;6.0977
01329;45.8480;5.6195
02078;49.5817;3.1917
02327;49.8123;3.1325
02335;49.6765;3.3923
02797;49.3989;3.7382
02814;49.8881;3.6413
03147;46.3490;3.8344
03294;46.2575;3.1398
04174;43.9778;6.6758
07202;44.5252;4.1455
08243;49.7134;4.4617
09189;42.6879;1.8646
10174;48.4952;4.3181
11036;42.8371;1.9818
11222;43.3946;2.3872
14141;49.0355;0.1271
16161;45.3371;-0.0749
18128;47.1276;2.0736
18227;47.4727;2.3938
19122;45.4693;1.7477
21214;47.1310;4.6746
21288;47.5309;4.5262
21397;46.9857;4.7542
21620;47.5246;5.0664
21644;47.4135;5.3038
21689;47.4845;4.3373
23253;46.0034;1.8712
24163;45.6404;0.6496
27558;49.2823;0.8208
27621;48.9046;1.2730
2B083;42.3753;9.1594
30296;43.9871;3.7147
31509;43.0210;0.6439
36121;46.9136;1.9462
36225;46.9625;1.1800
39109;46.5974;5.7779
39208;46.5873;5.9433
40033;44.1060;-0.3086
41174;47.7959;1.0852
51005;48.7150;3.7134
51151;48.7150;3.7134
52023;47.7672;5.0666
53256;48.2445;-0.3322
54098;48.4627;6.3431
54553;48.4693;6.2093
58289;46.8027;3.7623
60416;49.5636;2.5505
61067;48.5356;0.3516
61219;48.7672;-0.5540
62558;50.3597;2.4626
65009;43.0399;0.4803
68114;47.6466;7.1067
70112;47.8418;5.8916
70547;47.6009;6.6927
71116;46.3132;4.2805
71278;46.6732;4.3977
77207;48.1786;2.5341
80294;49.9092;2.9380
80352;49.7512;2.1621
80472;50.0173;2.8821
85245;46.5155;-0.9178
88162;48.1086;6.0777
02375;49.0973;3.1992
06024;43.8467;6.7554
06101;43.9759;6.9452
10177;48.1632;4.0206
11125;42.9849;2.7968
11435;42.9592;2.5450
14053;48.9036;-0.0520
17213;46.0720;-0.5378
17259;45.4260;-0.4052
23222;46.0036;2.0402
24128;45.2430;0.3402
28139;48.3277;1.2582
28299;48.6497;1.5083
2A018;41.6455;8.8937
32062;43.8064;0.0370
32336;43.4456;0.9073
33291;44.5793;-0.0315
38207;44.9382;5.8349
38406;45.4359;4.9980
39329;46.7775;6.0809
40198;43.6285;-0.5937
43175;45.1586;3.3936
46289;44.5163;1.8295
48123;44.6612;3.0621
51212;48.7267;4.3040
51224;48.7343;4.6063
53102;47.9578;-1.0948
55071;49.3427;5.4337
57118;49.3625;6.2749
58263;47.3502;3.3843
58291;46.9024;3.4638
60335;49.5631;1.8175
60624;49.5631;1.8175
61103;48.8022;0.3150
64212;43.3830;-0.2320
64528;43.2519;-1.2885
64548;43.4861;-0.5804
65165;43.0681;0.2918
66158;42.7715;2.6539
70444;47.3157;5.5958
72354;48.2679;0.2885
76269;49.6189;1.5439
80439;50.1625;2.1348
80577;49.7720;1.9519
82138;44.1429;0.9367
88514;48.3247;5.8676
01214;46.1108;5.4552
02274;49.6393;3.8348
07176;44.4641;4.1857
08178;49.6447;4.2076
09044;42.9515;1.5808
09080;42.8999;1.8267
09203;43.0067;1.4206
10213;48.1160;4.4309
12038;43.9974;2.6934
14385;49.2816;-0.7154
16381;46.0205;0.0623
17092;45.3143;-0.4056
19051;45.4300;1.8401
21510;47.8294;4.5894
23230;45.9881;1.5952
23262;46.1904;2.1007
25422;47.3948;6.7294
27671;49.3652;0.3712
28252;48.2966;1.0090
2B220;42.4948;9.1656
31379;43.3609;1.2764
32104;43.4788;0.4383
32177;43.4788;0.4383
32343;43.5973;0.2917
32435;43.7068;0.9678
32439;43.6464;-0.1249
34062;43.5956;3.1551
36212;46.8406;1.1679
39321;46.7426;5.6286
41041;48.0175;1.0585
43055;45.2693;3.3650
45170;48.1873;2.2537
50208;49.2025;-1.3920
50379;48.7246;-1.1858
54453;48.9170;5.8616
55263;48.9104;5.5708
58069;47.2312;3.7046
58129;47.2109;4.0589
58292;47.0705;3.6596
61350;48.4830;-0.0377
62114;50.3777;2.3104
63431;45.5398;3.7752
66006;42.7994;2.4550
68229;47.9213;7.1598
70372;47.8418;5.8916
71254;46.8995;5.2574
72342;48.1855;0.6263
80218;49.7720;1.9519
80668;49.7189;2.3729
86270;46.4460;1.0603
88343;48.2142;5.9735
89168;47.7905;3.7907
89333;47.5358;4.0960
02010;49.5132;3.4497
03249;46.4569;2.4075
04077;43.9432;5.9685
08439;49.5311;4.8217
09052;43.0872;1.8537
09095;42.8802;0.9760
09307;43.0402;1.0445
10272;48.5835;4.1609
11026;43.2886;1.8014
11117;42.9592;2.5450
12078;43.9346;2.8483
14645;49.2831;0.0921
16091;45.3371;-0.0749
16248;45.9098;0.0012
17067;45.8685;-0.2970
17417;45.3143;-0.4056
21219;47.2087;4.9017
21523;47.2087;4.9017
23011;46.0848;1.6423
23226;45.8337;2.3493
23266;45.8337;2.3493
25210;47.5134;6.7287
25324;47.2569;6.2911
27371;49.1944;0.7092
30064;43.9505;3.4632
30119;43.9523;3.8724
31419;43.4033;1.0988
32235;43.6945;0.1109
32272;43.3835;0.5907
33446;44.6952;-0.0877
34188;43.7451;3.3468
39038;46.5974;5.7779
39584;47.1361;5.6580
47007;44.1901;0.0303
47118;44.4196;0.3191
47224;44.4066;0.0844
50207;49.4011;-1.5526
54026;48.6799;6.5536
55569;48.9706;5.1149
58199;46.9309;3.9665
59066;50.1606;4.0863
61390;48.5957;-0.3367
62815;50.3891;1.6689
63408;46.0374;2.8071
64336;42.9480;-0.5969
64449;43.1919;-0.6421
66073;42.5986;2.5162
66075;42.4384;2.0681
66111;42.6444;2.5994
70103;47.8585;6.4868
70580;47.5460;5.8613
76144;49.7257;0.7918
79018;46.0797;-0.0776
79089;46.8218;-0.1365
80300;49.7735;2.9160
80329;50.0734;2.5120
80346;50.0939;2.1056
80347;49.7016;2.7754
81141;44.0068;2.4100
82081;44.0300;1.1182
88055;48.3119;6.3033
89042;47.5358;4.0960
01191;46.1000;5.5423
01234;45.7328;5.6572
02736;49.4211;3.1801
03192;46.1429;3.0387
03216;46.1959;2.6188
05082;44.6693;6.6896
08046;49.6447;4.2076
08323;49.6014;4.4510
09219;42.8802;0.9760
09309;43.0872;1.8537
10102;48.2425;4.7115
15107;44.9756;3.2592
15237;45.0331;3.1188
16059;46.0205;0.0623
17468;45.3143;-0.4056
19114;45.5420;2.3448
19156;45.1312;1.7100
21280;47.3862;4.3436
21296;47.9217;4.7867
23040;46.2160;2.2452
23207;46.2460;1.4962
24247;45.3702;0.3694
24367;45.1226;0.4155
25192;47.3300;6.8121
26240;44.7390;5.0687
27019;48.6911;0.8013
28136;48.7096;1.3675
28418;48.2004;1.4336
2B257;42.6512;9.2057
32071;43.7476;0.2632
32126;43.4165;0.3221
32196;43.8146;0.4349
32215;43.4788;0.4383
37101;47.6209;0.5682
39326;46.5974;5.7779
39353;46.4077;5.4533
43204;45.2180;4.4027
46315;44.8868;2.0209
51424;49.1199;4.8359
52126;47.6848;5.2877
53236;48.3269;-0.2436
54477;48.9170;5.8616
55197;48.8869;5.3410
57229;48.6839;6.9387
60457;49.5501;2.2286
60692;49.6351;2.3029
61251;48.5356;0.3516
61446;48.7196;0.4148
62116;50.4710;1.7675
63007;45.3816;3.0506
63373;46.0971;2.6628
65404;43.2892;0.5135
70314;47.7890;6.3571
70470;47.7890;6.3571
71174;46.8900;4.7691
76172;49.8335;0.8472
76511;49.8397;1.4111
78237;48.8921;1.6742
80327;50.2392;1.9183
80735;49.8727;2.0689
80737;49.9564;3.0737
86093;46.9022;0.2077
89458;48.3049;3.2038
02221;48.9876;3.2783
02255;49.3180;3.5440
02488;49.9674;3.4414
08240;49.6014;4.4510
09340;43.0413;1.6293
10119;48.0605;4.6033
12236;44.1639;2.9412
14661;49.1830;-0.6348
15129;45.3181;2.7988
17281;45.2421;-0.2906
17402;45.4692;-0.6260
25238;47.2892;6.9261
25276;47.4071;6.4928
27541;49.2341;0.5256
27604;49.3652;0.3712
31158;43.1080;0.5860
32400;43.9542;0.3833
39094;46.8404;5.6855
50190;49.4818;-1.3480
51376;48.5867;3.7574
52110;48.3636;4.9313
52520;47.9435;5.7168
60640;49.2430;1.8875
61069;48.8220;-0.4726
61166;48.6345;0.3346
62436;50.3777;2.3104
64455;43.5419;-0.2263
65269;43.3754;0.1573
70057;47.3218;5.7884
70176;47.8637;6.5904
70203;47.6011;6.1559
70535;47.6011;6.1559
71262;46.8995;5.2574
73092;45.5083;5.8459
80055;50.1635;2.3412
80064;49.7772;2.5059
80106;49.7720;1.9519
80403;49.7189;2.3729
87052;46.2184;1.0407
89267;47.5358;4.0960
95295;49.0802;1.9139
02333;49.5102;3.3401
03064;46.7204;2.9564
05157;44.7398;6.8132
08005;49.3635;4.4330
09296;42.7096;1.6664
10021;48.4952;4.3181
10040;48.0520;3.9325
10048;48.2425;4.7115
10269;48.5835;4.1609
11128;43.1188;2.0667
11297;43.3946;2.3872
14179;49.1310;0.2591
15050;45.2494;2.6450
15080;45.1501;3.0136
19018;45.1481;2.1059
21006;47.8294;4.5894
21026;47.6439;4.3442
23138;46.0849;2.0174
23190;45.9976;2.3290
24063;44.7743;1.2133
24375;44.7743;1.2133
25234;47.2892;6.9261
2A282;42.1964;8.9277
30242;44.2887;4.5096
39041;46.7426;5.6286
40007;43.6285;-0.5937
43063;45.2102;3.5526
47087;44.2690;0.8675
51465;49.0992;3.8671
51589;48.9240;4.8314
51620;49.1199;4.8359
54436;49.3326;5.7781
55047;49.1850;5.3383
58001;47.0705;3.6596
58023;47.3658;3.6649
58025;46.9269;3.2989
60071;49.5564;2.7315
60121;49.6646;3.0328
61187;48.7128;0.5659
62142;50.3763;2.1293
64115;43.2027;-0.8933
64474;43.4772;-0.9610
65149;43.1910;0.2471
65197;43.0733;-0.0282
70036;47.4344;6.0525
70503;47.4344;6.0525
70558;47.6868;6.3022
80805;49.6644;2.5930
82106;43.8709;0.9947
01110;45.7328;5.6572
01298;46.1948;5.7148
02076;49.4580;3.9681
04026;44.3410;6.1165
05163;44.5645;6.3652
07006;44.8207;4.4791
07032;44.6199;4.5570
08117;49.6014;4.4510
12010;44.2739;2.7608
14122;49.1002;-0.5083
15015;45.3190;2.4929
18014;47.4318;2.6580
21180;47.3192;5.3981
23182;45.9608;2.1890
25470;47.4568;6.5762
27420;49.2105;1.5928
28003;48.7096;1.3675
28255;48.4174;1.7878
32063;43.6945;0.1109
32320;44.0062;0.7584
32455;43.5314;0.1696
37103;47.0872;0.7995
37190;47.0900;0.5995
39050;46.8404;5.6855
41026;47.9130;1.2078
41057;47.8185;1.2816
43220;44.9274;3.6300
50390;49.4818;-1.3480
52208;47.9435;5.7168
54195;48.6421;6.3587
54200;48.9170;5.8616
55027;48.9104;5.5708
55075;48.6392;5.0939
57241;48.7177;6.7895
58173;46.8027;3.7623
60144;49.2430;1.8875
60179;49.5636;2.5505
60415;49.2426;2.6875
60496;49.6351;2.3029
60659;49.2430;1.8875
61087;48.5537;0.4662
62256;50.5025;2.1152
62790;50.5025;2.1152
64143;43.5232;-0.4426
64173;43.3625;-0.0459
64517;43.4696;-0.1198
65413;42.8310;0.0357
70480;47.3157;5.5958
70505;47.4450;5.5835
72188;48.3843;0.2877
76185;49.6189;1.5439
76265;49.7407;1.4648
76645;49.8828;1.5974
80281;50.0747;2.0176
80283;49.7189;2.3729
81320;44.0807;1.9336
88017;48.3527;5.7500
89250;47.9142;3.7752
89310;48.3093;3.3926
97358;4.5293;-53.1007
02743;49.6857;4.0229
03075;46.2575;3.1398
07074;44.7438;4.5654
07123;44.9172;4.2859
08460;49.8122;4.5255
10144;48.4916;3.9335
10318;48.3522;3.6264
12175;44.4589;1.9830
14302;49.2831;0.0921
14425;49.0355;0.1271
15022;45.1979;3.1653
17157;45.8646;-0.6574
21379;47.1707;4.3011
21431;47.4845;4.3373
23204;46.1028;2.2260
23252;46.3823;2.0019
24426;44.9759;0.5487
25177;47.4071;6.4928
25270;46.9453;6.0897
25521;47.5134;6.7287
26310;45.1997;5.0997
27006;49.3519;0.5305
27462;49.1267;0.4626
29116;48.4992;-4.0931
31009;43.0210;0.6439
32025;43.8574;0.1017
32445;43.6042;0.0669
38047;45.4868;5.4823
46090;44.6447;1.8144
48068;44.5867;3.2477
48112;44.6949;3.7984
50511;49.4818;-1.3480
51356;48.7343;4.6063
53184;47.9617;-0.3931
54541;48.6799;6.5536
55246;48.5475;5.3060
58080;47.2312;3.7046
59045;50.0748;4.1381
60699;49.5631;1.8175
62600;50.4768;2.3789
63024;45.5550;2.5854
64555;43.3303;-0.7874
65112;42.9460;-0.1636
70146;47.7021;6.0529
71473;46.3132;4.2805
76024;49.6749;1.2880
76077;49.7257;0.7918
80117;50.0312;2.0339
80193;49.7189;2.3729
80353;49.8237;2.8249
87130;45.6831;1.5988
88499;48.1930;6.2184
89447;47.8602;3.9618
02509;49.0643;3.3913
02642;49.7487;4.1440
08075;49.4368;4.9590
09220;42.6879;1.8646
10103;48.2425;4.7115
10376;48.2444;4.4801
11228;43.1188;2.0667
15200;45.1183;2.4751
16063;45.2720;0.0511
16275;45.9098;0.0012
19277;45.5420;2.3448
21495;47.1835;5.3733
23200;45.9881;1.5952
24476;45.3309;1.0822
25354;47.3534;6.3679
25359;47.0295;6.0801
25518;47.3580;6.2106
31275;43.7515;1.0584
31577;43.7515;1.0584
32041;43.3835;0.5907
32100;43.8574;0.1017
32273;43.5314;0.1696
43193;45.3778;3.3970
47080;44.6268;0.7384
47158;44.0949;0.6927
50300;48.6807;-1.0497
51167;48.7267;4.3040
54141;48.5875;6.2635
54455;48.4697;6.4940
54460;48.8291;6.0399
54573;48.8291;6.0399
58221;46.8027;3.7623
61162;48.6466;0.5032
61479;48.6893;-0.1609
62472;50.4710;1.7675
63114;45.4504;3.1969
63145;45.5677;3.4177
65412;43.5049;0.0069
66181;42.4384;2.0681
76233;49.7548;1.6736
77230;48.1786;2.5341
78231;48.9658;1.6466
78302;48.7270;1.6475
79149;46.7035;-0.0656
79153;46.0797;-0.0776
81056;44.0175;1.7816
82158;44.0665;0.8462
87189;45.6750;0.7686
88156;48.3562;6.6454
89132;47.7034;4.2240
89315;47.7905;3.7907
06102;44.0922;7.1271
07075;44.8232;4.1283
09267;42.8802;0.9760
10326;48.4013;4.5341
11423;43.1507;2.3829
14375;48.8884;-0.2144
24290;44.7571;0.7862
28189;48.2537;1.8842
32024;43.8146;0.4349
32359;43.7656;0.8346
34098;43.3496;2.6970
34137;43.6139;3.3803
43008;44.8565;3.9343
43231;44.9168;4.0339
46236;44.8071;1.4811
48029;44.5167;3.5174
51463;48.7343;4.6063
54009;49.1534;5.8474
54475;48.4627;6.3431
55113;49.2425;5.1020
55134;48.8463;4.9967
55317;49.0949;5.6529
61265;48.7856;-0.2528
61295;48.5957;-0.3367
62175;50.3630;2.0044
64002;43.3830;-0.2320
64390;43.4696;-0.1198
64507;43.2728;-0.1852
65254;43.3754;0.1573
65397;43.3754;0.1573
67148;48.9015;7.3290
71374;46.7093;4.6745
71498;46.5999;4.6268
76066;49.6904;1.0289
77212;48.3962;3.1689
79352;46.1222;-0.2637
80470;50.0734;2.5120
95212;49.0485;2.5187
01117;45.7328;5.6572
02415;49.2731;3.1234
02655;49.1936;3.5598
02731;49.8211;3.9145
02784;49.9922;3.5710
02792;49.0973;3.1992
08101;49.7361;4.9588
09259;43.0872;1.8537
10175;48.5139;4.5347
10197;48.2425;4.7115
10221;48.4013;4.5341
14284;48.8884;-0.2144
15052;45.2494;2.6450
17199;45.3143;-0.4056
21102;47.1707;4.3011
21323;47.4135;5.3038
21613;47.3846;4.5363
25251;47.3534;6.3679
25360;47.1496;6.1493
2B136;42.4948;9.1656
32108;43.6464;-0.1249
32244;43.6464;-0.1249
36106;46.6443;1.3813
39244;46.7426;5.6286
41193;48.0175;1.0585
46131;44.6447;1.8144
47063;44.6509;0.5924
47296;44.6188;0.4833
51305;49.2281;3.8969
52128;48.2459;5.3811
52400;47.9435;5.7168
53068;47.8447;-0.9308
54298;48.6894;5.7771
54532;48.8064;5.9249
55304;48.8463;4.9967
55312;48.9104;5.5708
55368;48.6676;5.5894
57383;48.7177;6.7895
58175;47.0705;3.6596
58234;47.1910;3.3323
60014;49.4932;2.4185
61349;48.7856;-0.2528
62118;50.3542;2.5746
62372;50.2642;2.4781
63256;45.4035;3.7092
64303;43.0978;-0.8959
65063;43.1625;0.1054
68370;47.9621;6.9634
70401;47.6496;5.9683
70522;47.6868;6.3022
71487;46.2282;4.7459
72040;48.1855;0.6263
73233;45.4670;5.7646
74107;46.0202;5.9296
77102;48.2323;2.7147
80090;49.9092;2.9380
80145;50.0747;2.0176
80307;49.9092;2.9380
80708;49.7016;2.7754
89112;47.8602;3.9618
89262;47.8602;3.9618
03089;46.2107;3.0200
04062;44.5297;6.7964
04204;43.9535;6.2318
08172;49.9132;4.3047
08226;50.0723;4.7430
08228;49.6405;4.6369
08399;49.5991;5.2788
09338;43.1552;1.4156
10284;48.4800;3.5157
10293;48.5835;4.1609
11059;43.1188;2.0667
14180;48.8884;-0.2144
19069;45.1481;2.1059
21042;47.1117;4.9798
21490;47.6255;4.6155
24221;45.4528;0.4957
26027;44.7766;5.3514
26055;44.6918;5.5471
2A133;41.9220;9.0783
2B138;42.5549;8.9182
33304;44.6539;0.0759
38040;45.0896;6.1682
39408;46.5974;5.7779
43083;44.9233;3.5085
45044;48.0809;2.0575
47255;44.1899;0.8174
50628;48.7246;-1.1858
52206;48.4590;4.7836
54053;48.6799;6.5536
57519;49.1842;6.4959
58099;47.0872;3.8971
60258;49.6134;2.8596
60267;49.6179;2.0953
62629;50.2552;2.6268
62818;50.4735;2.2572
64128;43.0837;-0.4059
67503;48.8221;7.4333
69192;46.0727;4.4762
73049;45.5044;6.3048
76426;49.5163;1.4814
80045;50.0227;2.6606
80128;49.9092;2.9380
80321;49.7189;2.3729
80339;49.8050;2.6838
80469;49.7189;2.3729
80526;50.1625;2.1348
82177;44.2467;1.1695
87206;46.2355;1.2174
88504;48.3247;5.8676
89224;47.7905;3.7907
01293;46.1000;5.5423
02175;49.4239;3.3840
02270;49.8123;3.1325
03141;46.0430;3.6956
05019;44.5715;5.7130
05129;44.4053;5.5315
08189;49.8443;4.3958
08412;49.3052;4.8792
10139;48.4013;4.5341
11300;43.3333;1.9782
14171;48.9914;-0.4099
15123;45.2470;2.3376
16157;45.9169;0.4609
21287;47.6439;4.3442
21456;47.6439;4.3442
2B356;42.2749;9.3632
31441;43.5298;1.7752
32353;43.4320;0.7374
35325;47.9292;-1.2368
40060;44.2728;-0.5446
46257;44.7442;1.4111
50521;48.8293;-1.2184
51060;48.7580;4.8347
52082;47.9325;5.0414
52187;48.3296;5.2577
53214;47.8297;-1.1708
55008;49.3404;5.6285
55088;48.5649;5.6827
55479;48.7770;5.1703
58038;47.4361;3.3967
58178;46.8966;3.6310
60593;49.3929;3.0040
61197;48.8350;0.0330
61438;48.5537;0.4662
62777;50.0847;2.8521
65087;42.9422;0.5471
65151;43.2779;0.1955
66100;42.4384;2.0681
66117;42.5769;2.0852
67047;48.9453;7.0590
70019;47.6011;6.1559
70448;47.5819;5.6836
76323;49.7407;1.4648
77021;48.3779;2.9643
79349;46.0797;-0.0776
80073;50.0227;2.6606
88432;48.3562;6.6454
88515;48.1086;6.0777
02248;49.6393;3.8348
02679;49.0973;3.1992
02760;49.9674;3.4414
03209;46.1154;3.1998
08257;49.8122;4.5255
08377;49.6866;4.8806
08395;49.6405;4.6369
09051;42.8999;1.8267
09249;42.8999;1.8267
11411;43.3064;2.3749
14169;49.2806;-0.5333
14362;49.0355;0.1271
14500;49.2820;0.2287
14547;49.3171;-0.9153
18046;46.8351;2.3602
19119;45.0557;1.6594
21114;47.6439;4.3442
21260;47.6439;4.3442
21576;47.3846;4.5363
22126;48.4126;-2.9253
24339;45.3309;1.0822
24377;44.9453;0.9211
25624;47.3580;6.2106
27235;48.9728;0.9211
28272;48.2085;1.1533
28314;48.6383;0.8925
32153;43.5936;0.6034
32407;43.4456;0.9073
36036;46.5287;1.1959
39424;46.5873;5.9433
43005;44.9274;3.6300
50233;49.4011;-1.5526
51304;48.8663;3.5945
55179;48.6841;5.3388
55355;49.1850;5.3383
57105;49.0163;6.5920
57308;48.9891;6.9817
58045;47.1910;3.3323
58209;47.3797;3.1563
58211;46.8176;3.9556
58239;46.9863;3.4452
61256;48.6575;0.0274
62462;50.3777;2.3104
62545;50.5712;1.9180
64337;43.4696;-0.1198
64506;42.9480;-0.5969
65099;42.8711;0.4126
70022;47.4220;5.8319
70303;47.6868;6.3022
71183;46.8944;4.5385
76479;49.7548;1.6736
76524;49.7257;0.7918
77275;48.6367;3.3826
80028;50.0734;2.5120
80049;49.6644;2.5930
80194;49.9195;2.7339
80216;50.0227;2.6606
80231;50.0173;2.8821
80320;49.8050;2.6838
80676;49.7016;2.7754
88528;48.1368;6.6273
89008;47.6036;3.9444
95493;49.1142;2.3984
01280;45.8480;5.6195
02459;49.8507;3.3825
05047;44.2953;5.8168
06055;43.8396;7.2405
09074;43.0872;1.8537
10242;48.2425;4.7115
11045;43.0486;2.1802
14107;49.3171;-0.9153
17367;45.9472;-0.4881
18063;46.8351;2.3602
21164;47.2483;4.5245
21246;47.2087;4.9017
21394;47.4845;4.3373
21598;47.5309;4.5262
21665;47.5892;5.2274
23063;45.8339;2.1588
24043;44.6784;0.8997
26021;44.7390;5.0687
26060;44.5751;5.1690
26131;44.5517;4.9465
27321;49.1855;1.1391
27482;49.2357;0.9352
2A115;41.5807;8.9394
2B250;42.5324;9.4210
30108;44.0999;3.7995
31527;43.5298;1.7752
31564;43.0210;0.6439
32266;43.5000;0.6080
32362;43.6042;0.0669
34196;43.7451;3.3468
39116;46.9334;5.7581
39467;46.5636;5.4298
40027;43.6285;-0.5937
45283;47.9535;2.6969
45294;48.0647;2.3962
48083;44.6861;3.4562
48136;44.2838;3.8246
50006;49.2231;-1.1741
51406;48.7343;4.6063
52108;47.9125;5.4592
52132;48.0703;5.5277
52203;48.5435;5.1165
52431;47.9325;5.0414
54056;49.4160;5.7406
54108;48.5875;6.2635
54308;48.5815;6.7912
58107;47.0705;3.6596
58143;46.9863;3.4452
60371;49.5631;1.8175
62374;50.1523;2.7931
64144;43.4861;-0.5804
64176;43.3303;-0.7874
65211;42.7845;0.2492
70562;47.5606;6.4497
71139;46.5999;4.6268
77134;48.6367;3.3826
80343;49.9470;1.7540
80496;50.2392;1.9183
81019;44.0068;2.4100
81199;44.0068;2.4100
87163;46.1126;0.8967
02803;49.3989;3.7382
03016;46.2575;3.1398
05154;44.5715;5.7130
08229;49.4740;4.1207
08313;49.4891;4.3377
09217;42.8458;1.5712
09341;43.0872;1.8537
10029;48.1160;4.4309
10106;48.4800;3.5157
11318;43.2164;2.6352
16034;45.2720;0.0511
16215;45.2720;0.0511
16372;45.5978;0.4253
18095;46.9512;2.8014
19040;45.2414;2.0102
21093;47.8578;4.3858
21716;47.1699;4.9900
23150;46.1634;1.8617
23181;45.9354;1.7259
23215;45.7268;2.2962
23216;45.8612;1.9107
24202;45.2509;1.1449
25038;47.4550;6.3461
25444;47.3324;6.0368
27304;49.2458;1.6818
28157;48.1266;1.6821
28231;48.6934;1.0846
28333;48.4394;1.0466
31251;43.3503;0.8395
32068;43.8771;0.8048
32080;43.9542;0.3833
32216;43.3835;0.5907
32329;43.7787;0.6218
34230;43.8418;3.4169
36167;46.7244;1.0046
41195;47.4244;1.6258
47113;44.1899;0.8174
51386;48.8663;3.5945
52300;48.5070;4.9537
53069;48.4289;-0.3424
54158;48.5368;5.9113
54282;49.4160;5.7406
54478;49.1534;5.8474
54489;49.4160;5.7406
57266;48.8147;6.7559
57513;49.1232;7.3585
58222;47.4642;3.4920
58252;47.2832;3.2261
59494;50.2232;3.6852
60111;49.6351;2.3029
61370;48.6167;-0.6190
62219;50.3630;2.0044
62738;50.5025;2.1152
62806;50.8770;1.6650
70174;47.4344;6.0525
71411;46.7260;4.1292
73078;45.6800;5.7725
76419;49.3727;0.9482
77056;48.2952;2.5428
80233;49.7016;2.7754
80440;50.1625;2.1348
88193;48.2318;7.0821
89019;47.8818;4.2163
89288;48.0403;3.6306
97314;4.1903;-51.8102
01101;46.1000;5.5423
02400;49.4239;3.3840
03308;46.3270;2.9368
07277;44.6053;4.4022
12147;43.7904;2.9580
15078;44.8098;2.9880
16252;45.2720;0.0511
23234;46.1329;2.4610
24085;45.1194;1.2979
24500;45.0218;0.1614
32043;43.7476;0.2632
32185;43.3835;0.5907
33443;44.6952;-0.0877
39007;46.5136;5.5833
39114;46.7426;5.6286
40171;44.3533;-0.7860
51010;48.7312;3.9593
51061;49.1184;4.3414
51555;48.7267;4.3040
51577;49.2287;3.7632
52528;48.5070;4.9537
55083;49.5012;5.1835
55419;49.1165;5.1112
55464;49.3404;5.6285
57421;49.1232;7.3585
58200;47.4642;3.4920
60306;49.5631;1.8175
61276;48.8350;0.0330
62395;50.3630;2.0044
62526;50.7367;1.8148
62535;50.4710;1.7675
63079;45.4754;3.4445
63376;45.4754;3.4445
63440;45.4771;2.9324
65393;42.9460;-0.1636
70008;47.8605;6.2465
70210;47.7708;6.6059
70456;47.4344;6.0525
71449;46.7093;4.6745
76359;49.5595;1.3516
80080;49.9092;2.9380
80210;49.7512;2.1621
80515;49.7720;1.9519
80675;49.7512;2.1621
88069;48.1930;6.2184
88363;48.4265;5.6727
88407;48.4265;5.6727
02269;50.0068;3.6946
02670;49.9666;3.9113
05013;44.4208;5.9576
08021;49.4891;4.3377
08287;49.3635;4.4330
08462;49.4949;4.5877
10172;48.5835;4.1609
14190;48.9808;-0.0400
14329;49.2184;-0.0306
14586;49.3177;-1.0550
14607;49.0707;-0.6488
14705;49.2420;-0.9556
21203;47.4940;4.1911
21445;47.2948;4.2513
21634;47.1310;4.6746
23158;45.8339;2.1588
23186;46.1634;1.8617
24039;44.6558;1.0771
25164;47.1860;5.8234
25335;47.3300;6.8121
25582;47.3324;6.0368
25623;47.2221;6.4085
26241;44.5751;5.1690
26334;44.5517;4.9465
27505;48.9214;0.4815
28091;48.3277;1.2582
2B046;42.8845;9.3982
2B233;42.8845;9.3982
31078;43.1698;0.5481
32169;43.5000;0.6080
32386;43.4456;0.9073
32467;43.6252;0.8822
33129;44.6952;-0.0877
36181;46.9136;1.9462
39319;46.9334;5.7581
46247;44.3819;1.7702
46254;44.5163;1.8295
48145;44.6861;3.4562
50052;49.3768;-1.4173
51006;48.7690;4.9041
51414;49.0741;3.7149
52003;48.2459;5.3811
52151;47.9325;5.0414
52229;47.7591;5.5836
52388;47.7591;5.5836
55338;49.3482;5.1985
57151;48.9250;6.6294
58201;47.3502;3.3843
60512;49.2852;2.0699
61452;48.5245;-0.7540
61499;48.5356;0.3516
62348;50.3777;2.3104
63344;46.0656;3.0064
64427;43.4030;-0.9224
64537;43.0978;-0.8959
65058;42.7845;0.2492
65346;43.1910;0.2471
65367;43.1910;0.2471
65380;43.2779;0.1955
66123;42.5209;2.2559
70023;47.8605;6.2465
70262;47.6868;6.3022
71181;46.4607;4.6276
71271;46.2115;4.0442
71455;46.5999;4.6268
87069;46.1126;0.8967
88030;48.1930;6.2184
88053;48.3912;7.0206
88252;48.1086;6.0777
89323;47.8602;3.9618
91248;48.3976;2.1970
02177;49.4878;3.6830
06053;44.1262;6.8455
06145;43.8756;7.1427
06146;44.0922;7.1271
12139;43.8787;3.1499
16087;46.0027;0.4178
16401;45.7923;0.1229
17377;45.8560;-0.1800
18164;46.8298;2.8972
18183;46.7613;2.6677
21307;47.5309;4.5262
21687;47.2948;4.2513
24441;44.7422;0.6032
25173;47.2515;6.6619
25369;47.4568;6.5762
25591;47.3300;6.8121
28119;48.2966;1.0090
30022;44.3724;3.9922
32315;43.5973;0.2917
39084;46.9201;5.9041
39400;47.1361;5.6580
51176;48.7312;3.9593
51276;48.7312;3.9593
54142;48.4693;6.2093
54258;48.6799;6.5536
54377;48.4879;6.8972
57127;48.9946;6.4127
57567;49.3089;6.5075
62171;50.4735;2.2572
62430;50.1492;2.4713
64272;43.3051;-1.0548
65075;42.7845;0.2492
65126;43.2892;0.5135
65239;43.0681;0.2918
68024;47.6466;7.1067
76171;49.5163;1.4814
76521;49.5595;1.3516
80195;49.9195;2.7339
80757;49.7512;2.1621
80789;49.8237;2.8249
82122;44.2467;1.1695
90083;47.5714;6.9356
02625;49.8881;3.6413
02635;49.9674;3.4414
03009;46.6592;3.2606
03194;46.2107;3.0200
03248;46.0430;3.6956
03255;46.1154;3.1998
05021;44.3940;5.6937
07118;44.5629;4.2173
07148;44.4500;4.0742
08428;49.6014;4.4510
10421;48.4800;3.5157
11291;43.1822;1.9666
15206;45.3608;2.3888
21520;47.3349;4.6950
23243;46.1904;2.1007
24216;45.1753;0.1894
25181;47.4550;6.3461
2A132;41.8617;8.8885
31213;42.7819;0.5640
32138;43.4456;0.9073
32421;43.5137;0.9477
33401;44.8383;-0.0395
39352;47.1361;5.6580
41286;47.6757;0.9717
43133;45.2693;3.3650
46027;44.4542;1.4651
46304;44.6554;1.5971
48100;44.6437;3.6805
50312;48.7536;-1.0774
51111;49.2287;3.7632
52249;47.6848;5.2877
54307;48.4693;6.2093
54450;48.4610;6.7642
55410;49.5006;5.3752
55518;48.6841;5.3388
57354;48.8874;6.4058
57472;48.9870;6.2104
58042;47.1860;3.0747
61114;48.7402;-0.0318
62246;50.5025;2.1152
62862;50.5025;2.1152
64117;43.3739;-0.6566
64199;43.5419;-0.2263
65086;43.1910;0.2471
65377;43.1396;0.4067
71078;46.8342;4.6165
71323;46.4917;4.4322
71474;46.7260;4.1292
76262;49.7407;1.4648
80559;49.8727;2.0689
81086;43.6113;2.5332
87137;45.7144;0.8724
87165;46.3221;1.1213
88348;48.2228;6.6981
88364;48.3096;6.0977
88496;48.1820;5.8074
88503;48.4501;6.9709
95046;49.1378;1.7801
02834;49.5132;3.4497
10097;48.1160;4.4309
14743;49.2184;-0.0306
15058;44.8792;2.4907
15220;45.2470;2.3376
16014;45.4826;-0.1625
16037;45.2720;0.0511
21085;47.4842;4.8055
21595;47.4135;5.3038
23107;46.0849;2.0174
24230;44.7520;1.0461
26356;44.5751;5.1690
27521;48.6911;0.8013
2A131;42.1659;8.8237
2B260;42.2819;9.1230
32170;43.6464;-0.1249
41177;48.0018;0.8990
41268;47.4244;1.6258
43106;45.2102;3.5526
46018;44.7803;1.6965
46303;44.5788;1.5970
50295;48.9224;-1.1680
51220;48.7343;4.6063
54087;48.9170;5.8616
54413;49.2643;5.8940
54566;48.9082;6.0584
55202;49.1165;5.1112
58040;47.0705;3.6596
59188;50.1872;3.8532
61076;48.5848;0.1537
64296;43.4860;-0.7527
64311;43.4696;-0.1198
64351;43.0758;-0.7251
70204;47.5819;5.6836
70265;47.4450;5.5835
71094;46.5458;4.8719
77009;48.1786;2.5341
77205;49.0300;2.8082
80083;49.7720;1.9519
80404;49.9564;3.0737
80750;49.9092;2.9380
82156;44.0234;1.0121
88335;48.3096;6.0977
88431;48.3247;5.8676
02640;49.7791;3.4434
03014;46.3490;3.8344
05032;44.6915;6.2384
09026;42.8802;0.9760
11194;43.3064;2.3749
16185;45.9098;0.0012
21220;47.6313;4.9775
21428;46.9857;4.7542
23003;45.9608;2.1890
23205;45.9354;1.7259
24394;45.4528;0.4957
24474;45.4036;0.7221
27635;49.2404;1.4152
2A295;42.0685;8.8121
32087;43.8659;-0.1439
33411;44.5992;-0.1937
38108;45.0898;5.3986
39351;46.4404;5.7191
40136;43.6362;-0.3982
43128;45.3022;3.6763
52396;48.0322;5.3092
54544;49.0258;5.9467
54577;48.8078;6.2608
54602;49.4160;5.7406
55252;49.5006;5.3752
55336;49.3427;5.4337
63360;46.0971;2.6628
63371;45.5398;3.7752
64221;43.3051;-1.0548
64294;43.3051;-1.0548
64552;43.5419;-0.2263
65256;43.1910;0.2471
66081;42.5769;2.0852
70028;47.6496;5.9683
70105;47.6496;5.9683
71415;46.2944;4.0641
76047;49.7961;0.9697
80152;49.7016;2.7754
80535;49.9553;2.0974
80591;49.9470;1.7540
88008;48.3562;6.6454
88019;48.3527;5.7500
88368;48.3096;6.0977
89486;47.8602;3.9618
90060;47.6681;6.9888
01107;45.9329;5.4692
02144;49.8944;3.1649
02561;49.4878;3.6830
02586;49.7487;4.1440
04042;43.9774;6.7698
04101;44.0613;5.7944
07311;44.5767;4.6363
09093;42.9515;1.5808
09131;42.7696;1.7664
10278;48.0240;4.1239
10374;48.2425;4.7115
15146;44.9796;2.6572
16255;45.9169;0.4609
17343;45.4692;-0.6260
18080;46.9512;2.8014
18275;46.8298;2.8972
19262;45.5888;1.7213
21530;47.6439;4.3442
21624;47.3192;5.3981
21650;47.2087;4.9017
23084;46.4079;1.8120
23108;46.3478;2.2251
24337;44.6558;1.0771
24483;44.7422;0.6032
25113;47.2515;6.6619
25153;47.3324;6.0368
27520;49.2622;0.5896
28329;48.0751;1.3674
30040;43.9505;3.4632
30272;43.9871;3.7147
31321;43.0781;0.9595
31528;43.2618;0.6826
32248;43.8771;0.8048
32326;43.5973;0.2917
33113;44.4084;-0.0564
33149;44.6952;-0.0877
38264;44.9382;5.8349
38285;44.9681;6.1574
39058;46.5974;5.7779
40124;44.0239;0.0326
41027;47.8058;1.4353
41153;47.7461;0.7846
42055;45.6128;4.4028
42310;45.3043;4.5495
43072;45.2102;3.5526
43095;45.0731;3.7282
46017;44.8464;1.9089
46259;44.7442;1.4111
51499;48.8828;4.0352
51558;48.8828;4.0352
51595;48.7267;4.3040
52472;48.2049;4.9479
55256;49.0949;5.6529
55381;48.5649;5.6827
57225;48.8874;6.4058
57440;48.8874;6.4058
58226;47.2109;4.0589
60075;49.6351;2.3029
60114;49.5631;1.8175
60244;49.5631;1.8175
60247;49.4441;2.6340
62425;50.2052;2.7629
63410;45.7561;2.6014
64082;43.4772;-0.9610
64210;43.4696;-0.1198
68243;47.4827;7.3052
70422;47.4450;5.5835
70583;47.4967;6.2428
71008;46.2126;4.3209
71051;46.8900;4.7691
73230;45.3260;6.2616
76011;49.7570;0.5238
76280;49.8397;1.4111
80324;49.9470;1.7540
80409;49.8237;2.8249
81089;44.0068;2.4100
81310;43.6943;1.8037
86098;46.5477;0.6875
88035;48.1317;6.7831
88360;48.1086;6.0777
88365;48.1930;6.2184
01155;45.9329;5.4692
02591;49.7146;3.5969
02772;49.8123;3.1325
07223;44.6420;4.2368
09114;42.9619;1.1680
09192;42.8458;1.5712
14049;49.2806;-0.5333
16239;45.7776;0.5803
18132;47.1579;2.8977
19184;45.0557;1.6594
21217;47.2087;4.9017
21228;47.2087;4.9017
21338;47.4842;4.8055
24105;45.3702;0.3694
24406;44.7520;1.0461
24434;45.3702;0.3694
24457;45.0344;0.3444
25471;47.2515;6.6619
31510;43.2618;0.6826
32380;43.7608;-0.0566
34319;43.5358;3.3103
39202;46.9201;5.9041
39295;46.4077;5.4533
47297;44.3073;0.5421
49114;47.4060;0.0723
55285;49.1165;5.1112
57366;48.9891;6.9817
58026;47.2569;3.5250
59573;50.1606;4.0863
61037;48.4242;0.4397
61046;48.5268;0.7998
61183;48.6345;0.3346
61371;48.6893;-0.1609
64281;43.3303;-0.7874
64383;43.5232;-0.4426
65003;42.8316;0.3859
68326;47.7235;7.0696
70129;47.4220;5.8319
70242;47.9305;6.1007
70317;47.5606;6.4497
71072;46.7093;4.6745
73052;45.4524;6.1665
80121;49.6644;2.5930
80311;49.6644;2.5930
80407;49.7189;2.3729
80478;49.6644;2.5930
80482;50.0034;1.8509
82007;44.1884;1.3388
87008;46.2184;1.0407
02393;49.3180;3.5440
02440;49.4580;3.9681
02513;49.7385;3.8042
02531;49.3989;3.7382
10143;48.0240;4.1239
10440;48.2425;4.7115
12144;44.1739;2.5475
15013;45.1979;3.1653
21581;47.1013;5.2597
23255;46.2160;2.2452
25132;47.3580;6.2106
25151;47.2221;6.4085
25464;46.6707;6.1692
26043;44.2694;5.3363
26246;44.7766;5.3514
27046;49.1267;0.4626
27113;49.1944;0.7092
31180;43.4596;1.8786
32191;43.7608;-0.0566
32255;43.7787;0.6218
32295;43.5137;0.9477
37137;47.5288;0.3098
38060;45.3270;5.3635
38497;44.9382;5.8349
42278;45.8117;3.7727
47136;44.5995;0.3784
49237;47.5323;0.1012
51396;49.0741;3.7149
51547;49.1559;4.5429
52359;48.3636;4.9313
52371;48.2109;5.1180
54033;49.3326;5.7781
54564;48.9170;5.8616
55035;48.6392;5.0939
55488;48.7770;5.1703
57277;49.1842;6.4959
57457;49.3089;6.5075
58016;47.3658;3.6649
60444;49.6701;1.7733
62047;50.2560;2.1258
63076;45.5204;3.5723
64239;43.3830;-0.2320
65426;43.1910;0.2471
65470;43.0733;-0.0282
66097;42.7994;2.4550
70166;47.6011;6.1559
70425;47.8637;6.5904
71348;46.5259;3.9437
71501;46.7093;4.6745
77271;48.1730;2.6493
80755;49.7720;1.9519
80786;49.7512;2.1621
81229;43.5672;1.8913
83039;43.5813;6.0334
87123;45.7223;1.7775
89120;48.1364;3.5279
89219;48.0651;3.7731
91473;48.4761;2.3434
02108;49.5539;3.5934
02188;49.8881;3.6413
02323;49.9674;3.4414
02350;49.6393;3.8348
02427;49.3180;3.5440
02508;49.4878;3.6830
03070;46.4644;2.9689
03270;46.3270;2.9368
04184;43.8850;6.1566
05146;44.5715;5.7130
08044;49.4740;4.1207
08088;49.6051;4.9263
10354;48.5835;4.1609
11123;42.8797;2.6652
11420;43.0946;2.3432
15018;45.1474;2.2664
15151;45.1501;3.0136
21202;47.9217;4.7867
21686;47.6439;4.3442
23159;46.1028;2.2260
25476;47.3147;6.5585
27208;49.1267;0.4626
27645;49.3519;0.5305
31301;43.3503;0.8395
31444;43.7515;1.0584
33212;44.4084;-0.0564
36052;46.9136;1.9462
36218;46.8582;1.4060
39214;46.7775;6.0809
46179;44.3819;1.7702
47313;44.4801;0.5085
50088;48.7317;-0.9210
50451;48.6860;-1.3332
54401;48.5815;6.7912
55156;49.3427;5.4337
55544;49.5006;5.3752
57685;48.9138;6.8634
58161;46.9712;3.7752
58236;47.3797;3.1563
60527;49.1331;2.9579
60679;49.1504;3.0662
62481;50.3630;2.0044
62511;50.2642;2.4781
62533;50.5025;2.1152
63216;45.7171;3.3695
63437;45.4877;2.6185
64028;43.4696;-0.1198
64179;43.4860;-0.7527
64287;43.4030;-0.9224
64428;43.4030;-0.9224
65036;42.9460;-0.1636
65081;43.0681;0.2918
70062;47.7708;6.6059
71276;46.4335;4.2963
71400;46.5999;4.6268
76226;49.7570;0.5238
80153;50.0734;2.5120
81151;43.6537;1.9748
82129;43.9686;0.8825
88004;48.0701;5.8035
88260;48.3747;6.2660
02595;49.0863;3.5709
02712;49.1936;3.5598
02751;49.4878;3.6830
02786;49.5102;3.3401
04021;44.1606;6.1311
04032;43.9778;6.6758
08422;49.6405;4.6369
09239;42.7000;2.0631
10091;48.4952;4.3181
11152;42.9849;2.7968
11200;43.3460;2.5208
11270;42.8797;2.6652
11346;42.9301;2.1718
14741;48.9153;-0.5064
15034;44.9756;3.2592
16122;45.9098;0.0012
16357;45.3371;-0.0749
21225;47.4135;5.3038
21679;47.3349;4.6950
23173;46.0034;1.8712
24061;45.1300;0.5415
24347;44.7571;0.7862
26127;44.2694;5.3363
28273;48.2085;1.1533
2B195;42.5324;9.4210
30015;43.9709;3.5790
30137;44.2169;4.0081
30335;44.0515;3.8329
31177;42.8954;0.7228
32245;43.6464;-0.1249
33403;44.5992;-0.1937
39151;46.2917;5.8211
45079;47.8081;2.8627
46121;44.7442;1.4111
48028;44.2654;3.6125
51120;49.0992;3.8671
51285;48.7267;4.3040
52220;47.9325;5.0414
52313;48.2459;5.3811
53261;48.4003;-0.6439
54052;48.4267;5.9699
54268;48.3910;6.0978
55265;49.0949;5.6529
55361;49.1964;5.5975
55365;49.3482;5.1985
58156;47.3502;3.3843
58259;46.8005;3.4767
60546;49.1416;2.8329
62090;50.3763;2.1293
64355;43.5232;-0.4426
64446;43.4696;-0.1198
66043;42.5366;2.4058
70368;47.5819;5.6836
71019;46.7976;4.7275
72352;48.1973;0.4291
73012;45.2555;6.3351
76292;49.5163;1.4814
80658;49.7518;3.0187
80665;50.3005;1.6843
80747;49.9564;3.0737
80822;49.6644;2.5930
81318;43.6943;1.8037
88047;48.1930;6.2184
88457;48.4265;5.6727
01013;45.9329;5.4692
01208;45.8544;5.7656
01215;45.9854;5.7839
06082;43.9477;7.0793
06125;44.1262;6.8455
08234;49.4891;4.3377
09094;43.0979;1.1426
10176;48.2425;4.7115
11191;42.9592;2.5450
14273;49.0265;0.3433
14681;49.3171;-0.9153
21362;47.2483;4.5245
21566;47.1178;4.4806
24306;44.8666;0.0913
25129;47.1021;6.0839
28114;48.1266;1.6821
28221;48.1266;1.6821
2B192;42.5324;9.4210
2B304;42.3740;9.2702
33246;44.8116;0.2092
42050;45.4185;4.0729
45216;47.9535;2.6969
51148;48.8713;4.4893
51397;48.9240;4.8314
51574;48.8713;4.4893
52362;47.9125;5.4592
55195;48.6841;5.3388
55225;49.5012;5.1835
55460;48.7757;5.6142
57406;48.8874;6.4058
57410;48.9138;6.8634
57455;49.1842;6.4959
61013;48.5848;0.1537
62891;50.2560;2.1258
63025;46.0374;2.8071
70181;47.3218;5.7884
70380;47.7821;6.0966
70463;47.5460;5.8613
70510;47.3157;5.5958
71377;46.5458;4.8719
71537;46.8468;4.2035
72086;48.3843;0.2877
76032;49.7753;0.6404
76694;49.7961;0.9697
80358;49.7772;2.5059
80800;49.9470;1.7540
88174;48.1761;6.3456
89355;47.8602;3.9618
01233;45.7526;5.5545
02100;49.9653;3.2544
09005;42.8797;1.3469
10204;48.1632;4.0206
11380;42.9737;2.0269
14147;49.0265;0.3433
15100;45.1198;2.8364
15130;45.0331;3.1188
17061;45.2421;-0.2906
19095;45.6009;1.9310
19097;45.2414;2.0102
21034;47.9722;4.6386
21436;47.0296;5.1327
21511;47.8294;4.5894
23060;46.0034;1.8712
24284;45.1556;1.0569
24445;44.9192;0.7920
25242;47.3580;6.2106
26101;44.5059;5.1219
28271;48.6383;0.8925
31449;43.1295;0.7342
32288;43.6252;0.8822
32313;43.8771;0.8048
32383;43.5314;0.1696
34305;43.5945;2.7569
36147;47.1964;1.6976
36187;46.4603;1.4262
41022;48.0175;1.0585
46031;44.5040;1.6745
47189;44.5399;0.3053
47311;44.6268;0.7384
51050;48.8663;3.5945
51104;49.1199;4.8359
52465;47.9981;5.5171
54239;48.8291;6.0399
54492;48.7138;5.8731
57349;48.8874;6.4058
62860;50.3597;2.4626
63159;45.8124;2.4721
70319;47.6775;6.5035
70336;47.5606;6.4497
71164;46.5999;4.6268
72142;48.3895;0.1686
73088;45.8256;6.5140
77319;48.5897;3.2433
78608;48.9416;1.5544
80104;49.9470;1.7540
80428;50.0173;2.8821
80667;49.6644;2.5930
80797;49.7772;2.5059
81245;44.1239;2.1871
87134;45.7223;1.7775
88268;48.3052;7.1076
89006;47.7772;4.1587
89270;47.6135;3.4456
89379;47.5358;4.0960
95157;49.0828;1.7139
02182;49.7385;3.8042
02627;49.4580;3.9681
07179;44.7438;4.5654
08208;49.7820;4.2978
14374;49.1056;-0.7815
14430;49.3274;-0.5834
14590;49.1056;-0.7815
15269;45.1183;2.4751
16048;45.3371;-0.0749
16098;46.0205;0.0623
16326;45.8752;0.1966
21149;47.8294;4.5894
25551;47.3300;6.8121
27392;49.3313;1.5942
28264;48.4394;1.0466
28312;48.5968;1.2694
32042;43.4788;0.4383
32125;43.8064;0.0370
32142;43.7787;0.6218
33020;44.7424;0.0684
33276;44.4084;-0.0564
35148;48.4260;-1.7434
36038;46.4858;2.0825
38299;44.8108;5.9229
39107;46.5974;5.7779
39262;47.2159;5.5278
40079;43.6285;-0.5937
42125;45.8653;3.9897
43073;45.3022;3.6763
45218;47.8346;2.6798
46050;44.4587;1.2657
50039;48.9843;-1.0651
51091;48.7312;3.9593
51103;48.5867;3.7574
51214;48.9240;4.8314
53038;48.4038;-0.1217
54251;48.5815;6.7912
55046;48.9934;5.7278
57313;49.0811;6.5483
58071;47.2569;3.5250
60388;49.5063;2.0075
61227;48.6912;-0.3983
63202;45.4504;3.1969
63384;45.6535;3.7068
64022;43.4030;-0.9224
64033;43.3303;-0.7874
64056;43.4696;-0.1198
64175;43.0837;-0.4059
64263;43.4772;-0.9610
64395;43.3625;-0.0459
65067;43.1697;-0.0225
65148;43.2892;0.5135
70048;47.3157;5.5958
70235;47.6011;6.1559
71386;46.6882;5.1007
72348;48.0067;-0.1219
76181;49.6510;0.6000
80032;49.6644;2.5930
80306;49.6644;2.5930
80810;50.2392;1.9183
86227;46.9988;0.1395
88113;48.3052;7.1076
89181;48.1364;3.5279
01404;46.1108;5.4552
02510;48.9761;3.5408
02641;49.6857;4.0229
04140;44.2004;5.9040
07037;44.9172;4.2859
11173;43.1188;2.0667
16118;45.3951;0.1233
16177;45.5885;-0.0877
17117;46.0200;-0.3370
18093;46.5847;2.4973
19077;45.0905;1.4597
21116;47.7772;4.8663
21528;47.5309;4.5262
24569;45.3702;0.3694
25138;47.3300;6.8121
25152;47.1496;6.1493
2A028;42.1659;8.8237
2A278;41.7781;9.1092
31552;43.2381;0.8756
32040;43.5446;0.7384
32118;43.5000;0.6080
32393;43.4788;0.4383
36041;47.0676;1.7967
39284;47.1361;5.6580
39409;47.2159;5.5278
40301;43.6808;-1.0321
45262;48.0142;1.6697
46155;44.5163;1.8295
50225;48.9224;-1.1680
51098;48.9240;4.8314
51442;48.9240;4.8314
51480;49.0741;3.7149
55180;49.1850;5.3383
55562;48.6841;5.3388
57007;48.9946;6.4127
57216;48.7784;7.1592
57220;48.9946;6.4127
59127;50.2475;3.5298
59483;50.2405;4.0386
61229;48.4945;0.5865
62434;50.2103;2.5395
63292;45.7561;2.6014
63458;45.4504;3.1969
65321;43.1996;0.1381
70106;47.8418;5.8916
70327;47.3157;5.5958
70545;47.8418;5.8916
71217;46.3368;4.5283
81162;43.5672;1.8913
88027;48.3420;6.4424
88373;48.4501;6.9709
88525;48.3096;6.0977
89022;47.6036;3.9444
89176;47.4457;3.7642
90048;47.6213;6.9414
01111;45.9329;5.4692
01400;45.8059;5.4773
02271;49.1936;3.5598
02725;49.9666;3.9113
07062;44.5629;4.2173
07187;44.5629;4.2173
07208;44.5772;4.4897
08121;49.8443;4.3958
08444;49.6542;5.1922
09017;42.8802;0.9760
10073;48.4013;4.5341
10207;48.4916;3.9335
10253;48.5139;4.5347
11159;43.1822;1.9666
15133;44.7318;2.2254
16027;45.9098;0.0012
16273;46.0205;0.0623
18215;47.0397;2.9746
23198;45.8339;2.1588
24174;45.0533;1.1586
24238;45.4312;0.9255
26204;44.5690;5.5049
29289;48.2480;-4.3127
2A119;41.9198;9.0392
31268;43.1295;0.7342
31453;43.4015;1.7281
32004;43.7020;-0.1970
32184;43.8484;0.6403
32360;43.6571;0.4307
33247;44.7424;0.0684
39261;46.4077;5.4533
46190;44.5549;1.3289
51236;48.7203;3.5315
51517;49.1559;4.5429
52103;47.9435;5.7168
54294;48.8291;6.0399
58116;47.3658;3.6649
58216;47.2943;3.8757
58305;47.2943;3.8757
60536;49.2959;2.7177
61413;48.8350;0.0330
65437;43.1396;0.4067
66029;42.6000;2.7620
70064;47.6009;6.6927
70548;47.8418;5.8916
72091;48.3843;0.2877
76016;49.8335;0.8472
76549;49.7961;0.9697
79085;46.1222;-0.2637
79165;46.8218;-0.1365
80453;49.6644;2.5930
86206;47.0822;0.0264
88239;48.3747;6.2660
88347;48.1930;6.2184
88419;48.3912;7.0206
88485;48.1820;5.8074
89095;47.7905;3.7907
89175;47.7905;3.7907
91112;48.3976;2.1970
02777;48.9129;3.4404
08063;49.6051;4.9263
08069;49.7820;4.2978
08293;49.5991;5.2788
08344;49.7820;4.2978
10013;48.1632;4.0206
12149;43.9452;2.6173
15178;45.0490;2.6165
15208;45.1183;2.4751
16325;46.0169;0.2464
18236;46.8351;2.3602
19165;45.5243;1.7835
21070;47.2087;4.9017
21077;47.9217;4.7867
21600;47.2483;4.5245
25449;47.3300;6.8121
26361;44.5690;5.5049
2A200;41.9757;9.1525
31485;43.4015;1.7281
32131;44.0062;0.7584
32220;43.7608;-0.0566
33112;44.6952;-0.0877
33292;44.7209;-0.2227
34104;43.5358;3.3103
36223;46.4191;1.2743
39330;46.8404;5.6855
40220;43.6362;-0.3982
51201;49.0741;3.7149
54224;48.4693;6.2093
54301;48.8078;6.2608
55066;48.6676;5.5894
55149;49.3427;5.4337
55367;49.3404;5.6285
55428;49.3427;5.4337
55584;48.9104;5.5708
57671;48.9946;6.4127
60301;49.5063;2.0075
60442;49.5501;2.2286
61010;48.8980;0.2183
61060;48.7128;0.5659
61351;48.8980;0.2183
62101;50.3777;2.3104
62576;50.2805;2.2855
64150;43.3051;-1.0548
64354;42.9183;-0.3959
64447;43.5232;-0.4426
65222;43.1910;0.2471
65274;43.2122;0.3897
70113;47.4967;6.2428
73205;45.4524;6.1665
73254;45.6016;5.6829
76504;49.8337;0.7274
76651;49.8337;0.7274
80466;50.0939;2.1056
82004;43.9686;0.8825
87009;45.7223;1.7775
88189;48.3568;5.5304
89376;47.6930;4.0014
02079;49.8908;4.1075
02494;49.8881;3.6413
02563;49.8881;3.6413
04237;44.3210;6.3290
06072;44.0922;7.1271
08010;49.4949;4.5877
08424;49.4368;4.9590
08459;49.6542;5.1922
09029;42.7993;1.2327
10400;48.5835;4.1609
15257;44.8792;2.4907
18051;47.2853;2.6190
19132;45.1312;1.7100
19142;45.4386;2.4649
21238;47.3349;4.6950
21422;47.2948;4.2513
21503;47.5438;5.3881
21604;47.6439;4.3442
25414;47.2664;5.8304
26102;44.6175;4.8293
28038;48.1792;0.9101
28316;48.6383;0.8925
30338;44.1345;4.3281
31326;43.2026;1.2352
32014;43.7656;0.8346
36115;47.1964;1.6976
38221;45.3053;5.2131
38489;44.9382;5.8349
42281;46.0411;3.8858
48174;44.7870;3.6351
50022;49.5866;-1.3528
50033;49.4114;-1.7564
52106;47.9429;5.2580
55349;49.3482;5.1985
57670;49.0163;6.5920
60296;49.4574;1.8983
60615;49.6351;2.3029
61393;48.7021;0.2619
62189;50.0913;2.9826
62231;50.3891;1.6689
63298;45.7386;3.6588
63312;45.4035;3.7092
65011;43.0733;-0.0282
65128;43.2122;0.3897
65191;43.0733;-0.0282
70175;47.6953;5.8168
70232;47.6496;5.9683
72374;48.3843;0.2877
80280;50.0687;1.6499
80777;50.0734;2.5120
89424;47.6638;3.6805
90027;47.5262;7.0264
91148;48.4939;2.1816
01100;45.8480;5.6195
02052;49.5102;3.3401
02062;49.0643;3.3913
02116;49.8211;3.9145
02377;49.8211;3.9145
02579;49.2129;3.3501
02594;49.1587;3.2319
04118;44.3410;6.1165
04202;43.9774;6.7698
15116;45.2494;2.6450
17002;45.4260;-0.4052
19245;45.1426;1.8597
21293;47.2782;4.7991
21646;47.4842;4.8055
24282;44.7422;0.6032
25548;47.3300;6.8121
26256;44.2694;5.3363
26270;44.9670;5.2827
31168;43.2381;0.8756
32017;43.6464;-0.1249
33031;44.5793;-0.0315
34269;43.4354;2.8976
43076;45.3022;3.6763
46310;44.6554;1.5971
48001;44.7971;3.1261
48058;44.7971;3.1261
50050;48.9843;-1.0651
50192;48.9843;-1.0651
51106;48.8713;4.4893
51218;48.7580;4.8347
54317;48.9170;5.8616
55352;48.7770;5.1703
55407;48.7757;5.6142
55557;49.0949;5.6529
58296;46.7882;3.1848
59240;50.1317;3.9232
61137;48.6912;-0.3983
61252;48.8022;0.3150
61302;48.8350;0.0330
61366;48.9095;0.3567
62762;50.5712;1.9180
62876;50.0847;2.8521
64012;43.2027;-0.8933
64048;43.4861;-0.5804
70005;47.5606;6.4497
70483;47.7021;6.0529
71496;46.8900;4.7691
72383;48.0815;0.5088
76458;49.7971;1.1220
77036;48.6630;3.1409
82036;43.8709;0.9947
82164;44.2467;1.1695
88046;48.2228;6.6981
88063;48.1930;6.2184
88416;48.3562;6.6454
88452;48.1086;6.0777
88527;48.3562;6.6454
02048;49.7146;3.5969
02316;49.2731;3.1234
02471;49.4878;3.6830
03067;46.3831;3.5976
03244;46.1959;2.6188
04201;44.0486;5.6113
06052;43.8681;6.9380
08087;49.9132;4.3047
08369;49.6447;4.2076
08374;49.4949;4.5877
09180;43.0872;1.8537
10054;48.3522;3.6264
10414;48.3775;3.7959
11137;42.9592;2.5450
11167;43.1188;2.0667
12152;43.8550;2.6209
12211;44.1810;3.2526
14457;48.9036;-0.0520
16227;45.3008;0.1977
17473;46.0200;-0.3370
21068;47.2483;4.5245
24422;44.9759;0.5487
25252;46.7616;6.3586
26370;44.2694;5.3363
27200;49.0499;1.1747
31021;43.1295;0.7342
37071;47.1271;0.4421
46026;44.3312;1.5737
48088;44.3289;3.3919
48117;44.4744;3.9068
51164;48.7312;3.9593
51315;48.5970;4.6425
51419;48.5970;4.6425
52029;48.4375;5.1425
52221;48.2049;4.9479
52322;48.2109;5.1180
53248;48.0665;-0.3323
55384;48.8869;5.3410
57120;48.8273;6.5155
57403;48.9870;6.2104
57436;48.8874;6.4058
60621;49.6134;2.8596
60688;49.5468;2.0291
61158;48.5957;-0.3367
61176;48.6575;0.0274
62619;50.2106;2.8785
62840;50.0913;2.9826
64084;43.5419;-0.2263
64326;43.3303;-0.7874
65103;43.2779;0.1955
66007;42.5986;2.5162
76572;49.8805;0.9528
76724;49.7407;1.4648
80812;49.9564;3.0737
80833;50.2392;1.9183
82074;43.9686;0.8825
84059;44.1504;5.0233
88219;48.4265;5.6727
88406;48.3747;6.2660
90024;47.5262;7.0264
01076;45.9329;5.4692
01242;46.1108;5.4552
02118;49.4239;3.3840
03077;46.2107;3.0200
03170;46.5176;3.1740
03172;46.4569;2.4075
04087;44.0613;5.7944
08062;49.4891;4.3377
08149;49.8122;4.5255
10092;48.1160;4.4309
10206;48.4952;4.3181
10365;48.5835;4.1609
14110;49.2640;-0.0844
14298;49.3177;-1.0550
14401;49.3341;-0.6461
15017;44.9796;2.6572
16403;46.0027;0.4178
18104;47.1579;2.8977
21199;47.4940;4.1911
24424;45.1226;0.4155
25241;47.0295;6.0801
25545;47.0295;6.0801
27094;49.4119;1.5125
2A089;41.9757;9.1525
30236;44.0515;3.8329
31198;43.1506;0.9020
31319;43.2904;1.5150
31370;43.3074;1.0431
31524;42.7819;0.5640
31546;43.3306;1.6295
32052;43.8622;0.3912
32187;43.4788;0.4383
32391;44.0093;0.5051
37275;47.1616;1.2108
39375;46.5136;5.5833
40173;43.6032;-0.7344
41261;47.6159;1.1303
43066;44.9886;4.2154
50609;49.3873;-1.2723
51173;49.0992;3.8671
52070;47.8592;5.2713
52336;48.5070;4.9537
52420;48.2459;5.3811
52426;48.2049;4.9479
54133;48.6799;6.5536
55143;49.1964;5.5975
55196;48.7757;5.6142
55261;48.6392;5.0939
58174;47.1910;3.3323
61323;48.5268;0.7998
61367;48.5537;0.4662
62085;50.2552;2.6268
66039;42.7715;2.6539
70087;47.8605;6.2465
70298;47.6953;5.8168
80272;49.7735;2.9160
80687;49.6644;2.5930
82034;43.9686;0.8825
82064;43.8709;0.9947
86012;46.1358;0.3964
89089;47.3918;3.9929
01428;46.1670;4.8460
03243;46.3270;2.9368
08071;49.8443;4.3958
09148;43.0402;1.0445
10192;48.5139;4.5347
10283;48.4013;4.5341
11161;43.0946;2.3432
11238;43.2886;1.8014
11394;43.0486;2.1802
16103;45.4895;0.2971
25584;47.3300;6.8121
2B231;42.6071;8.9163
31095;42.9888;0.8129
39278;46.5974;5.7779
39292;46.7557;5.9028
39468;46.5136;5.5833
39486;46.8352;5.5279
42101;45.3043;4.5495
45237;48.1960;2.4368
52450;47.9325;5.0414
55425;49.5006;5.3752
58061;47.2832;3.2261
58170;47.3658;3.6649
58181;47.2569;3.5250
59661;50.1606;4.0863
61439;48.5524;-0.3961
66068;42.5209;2.2559
70194;47.8605;6.2465
71057;46.4607;4.6276
72037;48.3843;0.2877
76501;49.6375;0.2366
78439;48.8921;1.6742
80514;50.0734;2.5120
81017;43.7319;2.3268
87101;46.1126;0.8967
88226;48.1930;6.2184
88491;48.1086;6.0777
89184;47.7772;4.1587
02178;49.4878;3.6830
02233;49.1936;3.5598
02342;49.9666;3.9113
02675;49.5127;3.8334
04214;43.9662;6.3676
07257;44.8957;4.6151
08014;49.3635;4.4330
09318;42.7696;1.7664
11334;43.2886;1.8014
15182;44.9868;2.1919
18098;47.3016;2.8088
21211;47.5246;5.0664
21467;47.4135;5.3038
24287;44.7422;0.6032
25049;47.2892;6.9261
25386;47.3300;6.8121
25554;47.2515;6.6619
27659;49.0499;1.1747
28193;48.7778;1.5096
2A360;41.8575;8.9924
2B296;42.6071;8.9163
31394;42.7819;0.5640
31493;43.2618;0.6826
32114;43.4788;0.4383
38255;45.2530;5.2261
39334;46.6552;5.5739
39432;47.2159;5.5278
41163;47.6757;0.9717
46294;44.5163;1.8295
46302;44.7779;2.0809
47050;44.3000;0.7427
51247;48.9023;3.7817
52034;48.5070;4.9537
52415;47.9981;5.5171
54041;48.5368;5.9113
55037;49.5012;5.1835
57524;48.7177;6.7895
57573;48.9138;6.8634
60525;49.2426;2.6875
62381;50.3597;2.4626
62453;50.5025;2.1152
62857;50.3542;2.5746
64341;43.2027;-0.8933
65094;43.0399;0.4803
65195;42.8316;0.3859
65423;43.3061;0.3370
65481;42.8310;0.0357
70218;47.4450;5.5835
70238;47.8605;6.2465
70342;47.5460;5.8613
70524;47.7021;6.0529
79341;46.5544;-0.1757
79350;46.1718;-0.4607
80224;49.7735;2.9160
80631;50.2392;1.9183
81012;44.0175;1.7816
89210;47.7772;4.1587
02137;49.0973;3.1992
02227;49.1936;3.5598
02254;49.2731;3.1234
02406;49.5102;3.3401
02447;49.3180;3.5440
04005;44.0284;6.5395
05158;44.5486;5.8936
08247;50.1134;4.8201
08277;49.7820;4.2978
08396;49.6447;4.2076
08440;49.9132;4.3047
09059;42.8802;0.9760
09140;42.6879;1.8646
10138;48.4013;4.5341
11384;42.9592;2.5450
12261;44.4589;1.9830
13090;43.5353;5.4345
16335;46.0169;0.2464
19174;45.2414;2.0102
21253;47.6698;4.7496
21275;47.5892;5.2274
21580;47.4530;4.6783
22334;48.2162;-3.1568
23212;45.8612;1.9107
31300;43.1295;0.7342
31387;43.3074;1.0431
32057;43.9542;0.3833
32354;43.6945;0.1109
33526;44.9524;-0.0838
39527;47.2211;5.6850
43031;45.1586;3.3936
43090;44.9274;3.6300
46157;44.5163;1.8295
48036;44.2654;3.6125
48131;44.2076;3.4086
49236;47.1224;-0.5173
50126;48.7459;-1.3066
50548;49.3265;-1.4925
52341;48.3636;4.9313
54589;48.9082;6.0584
55026;48.5183;5.4976
55226;49.5006;5.3752
55503;48.5649;5.6827
55567;49.1165;5.1112
57027;49.0163;6.5920
57579;48.7177;6.7895
58139;46.8027;3.7623
61262;48.7507;-0.7219
61268;48.8022;0.3150
63367;45.4492;3.3416
64089;43.3625;-0.0459
65319;43.0399;0.4803
70233;47.8637;6.5904
77342;48.1786;2.5341
80060;50.1625;2.1348
80292;49.7735;2.9160
80401;50.0173;2.8821
81246;44.0175;1.7816
82091;43.8709;0.9947
87004;45.7223;1.7775
87195;46.3221;1.1213
88168;48.3562;6.6454
88213;48.3052;7.1076
88441;48.1086;6.0777
89234;47.5245;3.4443
02170;49.7791;3.4434
02297;49.0643;3.3913
02378;49.8908;4.1075
02417;49.9653;3.2544
02466;49.1587;3.2319
07106;44.8185;4.0192
07108;44.8862;4.4065
07242;44.6199;4.5570
08099;49.6405;4.6369
08109;49.3052;4.8792
10327;48.4013;4.5341
11113;42.8797;2.6652
11141;43.1188;2.0667
11381;42.9167;2.3471
14087;48.8884;-0.2144
14660;49.3071;-0.0004
16203;45.5978;0.4253
19009;45.2794;1.7698
21010;47.0968;4.8050
21176;47.2483;4.5245
21289;47.1117;4.9798
24528;45.5369;0.6442
25266;47.4568;6.5762
25286;47.1647;6.7090
25604;47.3534;6.3679
31058;43.4581;1.5834
32135;43.6464;-0.1249
32361;43.4788;0.4383
36024;46.9845;1.6365
40169;44.1060;-0.3086
43050;45.3649;3.2524
43143;45.0369;4.0674
48160;44.6437;3.6805
50097;49.3441;-1.6662
51146;48.9342;4.2705
51156;48.7343;4.6063
52453;47.8592;5.2713
55206;49.3482;5.1985
55510;49.5006;5.3752
55560;48.8463;4.9967
57268;48.8147;6.7559
58294;46.7882;3.1848
60078;49.4441;2.6340
61039;48.6575;0.0274
61048;48.5537;0.4662
61290;48.7856;-0.2528
61331;48.5356;0.3516
61461;48.8022;0.3150
62809;50.3597;2.4626
63117;45.4771;2.9324
63339;45.8787;2.6221
64229;43.1182;-1.1799
64508;43.1919;-0.6421
65182;42.9460;-0.1636
66080;42.5209;2.2559
70536;47.6011;6.1559
71503;46.7093;4.6745
76381;49.7548;1.6736
77395;48.2952;2.5428
79124;46.5341;-0.0691
79331;46.9728;-0.1699
80038;50.0734;2.5120
80349;49.7512;2.1621
80648;50.0227;2.6606
81243;44.0175;1.7816
82078;44.2251;1.6242
88180;48.0701;5.8035
88236;48.0072;6.2536
88494;48.3096;6.0977
02557;49.2731;3.1234
02783;49.8881;3.6413
04115;43.9778;6.6758
06056;44.1262;6.8455
08223;49.5991;5.2788
08324;49.6405;4.6369
09127;43.0689;1.3366
09234;42.9515;1.5808
10126;48.2425;4.7115
11075;43.3460;2.5208
12269;43.8550;2.6209
12293;44.1810;3.2526
14619;48.8545;-1.0274
16095;45.9116;0.2698
19104;45.5279;1.5584
21098;47.4530;4.6783
21222;47.1178;4.4806
21647;47.0296;5.1327
21701;47.1835;5.3733
25141;47.2221;6.4085
27418;49.1944;0.7092
2B107;42.9871;9.3830
2B334;42.3267;9.4065
31092;42.8954;0.7228
32356;43.6252;0.8822
32461;43.6464;-0.1249
36049;46.4603;1.4262
37268;47.0141;0.3871
39142;46.5636;5.4298
39254;46.7775;6.0809
40039;44.0397;-0.1242
46249;44.7466;1.9153
51528;48.7580;4.8347
52213;47.7591;5.5836
52260;48.2109;5.1180
52290;47.7591;5.5836
55306;49.5006;5.3752
62283;50.2805;2.2855
66034;42.6388;2.3541
67334;49.0227;7.7684
69261;46.1512;4.5700
70082;47.4967;6.2428
70366;47.4220;5.8319
70567;47.6009;6.6927
71466;46.8468;4.2035
76730;49.7257;0.7918
80097;49.7735;2.9160
80738;49.9553;2.0974
80753;50.0227;2.6606
89128;47.6036;3.9444
89470;47.7772;4.1587
02136;49.8211;3.9145
02256;49.8211;3.9145
02774;49.8944;3.1649
03125;46.0430;3.6956
04024;44.1915;6.3963
07088;44.4641;4.1857
08384;49.4949;4.5877
09004;42.7096;1.6664
09281;42.8999;1.8267
10117;48.4013;4.5341
21081;47.3349;4.6950
24209;45.5369;0.6442
2B059;42.4832;9.2654
2B069;42.4263;9.3596
2B095;42.3286;8.9825
2B187;42.7167;9.2642
31306;43.0210;0.6439
31469;43.3074;1.0431
32030;43.4788;0.4383
32176;43.9634;0.6069
32263;43.4788;0.4383
32357;43.7068;0.9678
38041;45.1571;5.3036
39342;46.8352;5.5279
41108;47.6159;1.1303
43006;45.1586;3.3936
48037;44.4947;3.7151
51113;48.9023;3.7817
52069;48.0490;4.8864
55437;49.3427;5.4337
58009;47.2832;3.2261
60691;49.5631;1.8175
63174;45.5727;3.6189
64113;43.4772;-0.9610
65041;43.0681;0.2918
70052;47.8605;6.2465
70520;47.5460;5.8613
71284;46.5458;4.8719
77200;48.1786;2.5341
77218;48.4108;3.2992
80181;49.9016;2.5356
81212;43.6537;1.9748
85136;46.4924;-0.6700
86266;46.1358;0.3964
88051;48.2142;5.9735
88139;48.3096;6.0977
88277;48.4501;6.9709
89165;48.2460;3.5190
89217;47.7205;3.2499
89296;47.7034;4.2240
01277;45.9329;5.4692
02276;49.9666;3.9113
02451;49.9653;3.2544
02490;49.5539;3.5934
02664;48.9129;3.4404
02742;49.7385;3.8042
03245;46.6114;3.5787
05044;44.5289;6.5355
07263;44.5772;4.4897
08017;49.3052;4.8792
09142;42.8999;1.8267
09319;43.1248;1.6040
11189;43.3926;2.2792
12022;44.0485;2.9200
15007;44.8098;2.9880
15171;45.1501;3.0136
16041;45.4909;0.0543
16334;45.3951;0.1233
16396;45.9116;0.2698
21079;47.4135;5.3038
21146;47.4135;5.3038
21167;47.4135;5.3038
21187;47.2483;4.5245
23012;45.9354;1.7259
25516;47.4071;6.4928
26135;44.1743;5.4665
27330;49.2436;1.2750
27545;49.2357;0.9352
2B175;42.5549;8.9182
32037;43.9542;0.3833
32039;43.4055;0.1982
32141;43.4320;0.7374
32278;43.4788;0.4383
33152;44.6408;-0.2811
34283;43.8418;3.4169
39095;46.9334;5.7581
39122;46.5974;5.7779
41274;47.7461;0.7846
43065;45.0667;3.4902
50040;48.7317;-0.9210
54337;49.3750;5.8750
55138;48.7770;5.1703
61198;48.8980;0.2183
61492;48.6345;0.3346
62370;50.2560;2.1258
62741;50.1492;2.4713
63111;45.5536;3.0871
63329;46.0374;2.8071
64414;43.3303;-0.7874
65228;42.9581;0.3893
67198;48.9015;7.3290
70364;47.5606;6.4497
70445;47.6775;6.5035
70490;47.6868;6.3022
70534;47.6868;6.3022
80206;50.0227;2.6606
80543;49.9484;1.9286
86249;46.9022;0.2077
88043;48.3096;6.0977
88333;48.3562;6.6454
88377;48.0079;5.9568
02550;49.4878;3.6830
04092;43.8281;6.4812
07203;44.7646;4.2361
08364;49.4949;4.5877
11205;43.3064;2.3749
12060;44.1851;2.3373
14041;49.3904;0.2417
15125;45.0331;3.1188
15224;44.8597;2.1840
15254;45.3608;2.3888
17177;45.8685;-0.2970
21181;47.1178;4.4806
22108;48.6429;-3.0124
23042;46.0848;1.6423
23194;45.8339;2.1588
24052;44.8133;0.8859
24161;45.0344;0.3444
25231;47.2221;6.4085
25268;47.2225;6.5213
25306;47.4071;6.4928
25385;47.4550;6.3461
27173;49.1002;0.5976
27184;49.1855;1.1391
32116;43.4165;0.3221
32376;43.7656;0.8346
33135;44.7209;-0.2227
36083;47.0676;1.7967
37088;47.1546;0.2329
40041;43.6285;-0.5937
42196;45.8328;4.1865
46036;44.7466;1.9153
46206;44.3585;1.2153
48163;44.2409;3.9025
51004;48.5867;3.7574
51292;48.9905;4.5616
52013;47.7591;5.5836
52092;47.7672;5.0666
54543;48.4697;6.4940
55148;48.5183;5.4976
55193;49.3482;5.1985
55301;48.8869;5.3410
57486;48.8874;6.4058
60208;49.3415;1.8240
61257;48.5524;-0.3961
62725;50.4534;1.9387
64418;43.3739;-0.6566
64468;43.2027;-0.8933
70138;47.6496;5.9683
70214;47.7821;6.0966
70249;47.8605;6.2465
71067;46.5999;4.6268
71406;46.2944;4.0641
74060;45.8039;6.1603
76084;49.7753;0.6404
80372;50.0034;1.8509
80550;49.9961;2.3435
80602;50.1635;2.3412
80823;49.8050;2.6838
88290;48.3527;5.7500
88300;48.3912;7.0206
88466;48.2142;5.9735
89386;47.7772;4.1587
02082;49.2129;3.3501
02351;49.1936;3.5598
02395;49.5102;3.3401
04028;43.9535;6.2318
04190;43.9527;5.7868
05064;44.8037;6.1443
07154;44.7724;4.1028
10184;48.4013;4.5341
15209;44.8098;2.9880
16042;45.9098;0.0012
21083;47.1707;4.3011
23128;46.0849;2.0174
23172;45.9976;2.3290
24123;44.9759;0.5487
2A191;41.6786;9.0599
2A326;41.9373;8.9188
31405;43.0210;0.6439
32325;43.6945;0.1109
39120;46.7557;5.9028
39302;47.2211;5.6850
39469;47.2211;5.6850
40073;43.6285;-0.5937
45183;48.0813;1.8838
45231;48.0809;2.0575
46147;44.5097;1.1834
47161;44.3849;0.8443
51283;49.1199;4.8359
51628;48.7150;3.7134
52059;47.9125;5.4592
52273;47.9435;5.7168
54562;48.5815;6.7912
55023;49.2425;5.1020
55142;48.5183;5.4976
57727;48.8874;6.4058
58093;47.3502;3.3843
61500;48.6389;0.7244
64004;43.4030;-0.9224
64090;43.5419;-0.2263
69016;46.2388;4.4429
70244;47.7821;6.0966
71457;46.9192;5.0173
80042;50.1635;2.3412
80138;50.0227;2.6606
80511;49.6644;2.5930
80778;50.0939;2.1056
86162;46.9074;0.4136
88194;48.3247;5.8676
02235;49.3989;3.7382
03068;46.2073;3.6605
08159;49.5754;5.0575
08219;49.4891;4.3377
08283;49.6405;4.6369
09115;42.9967;1.8678
09153;43.0872;1.8537
10147;48.1632;4.0206
10408;48.5769;3.9804
10439;48.1160;4.4309
11290;43.2068;1.7939
12122;43.9902;3.2611
14116;49.0219;-0.2319
14494;49.2640;-0.0844
15183;44.8792;2.4907
16053;45.3787;-0.2012
21065;47.1310;4.6746
21537;47.3846;4.5363
23233;46.3478;2.2251
23251;46.2179;2.3902
23259;46.2179;2.3902
25178;47.4071;6.4928
26069;44.7766;5.3514
27149;49.1267;0.4626
30323;44.2169;4.0081
32129;43.8771;0.8048
32332;43.7476;0.2632
33513;44.4084;-0.0564
34234;43.5358;3.3103
36136;46.9625;1.1800
39061;46.5974;5.7779
43168;44.7969;3.8872
50291;48.9224;-1.1680
50633;49.6491;-1.2863
51132;48.9240;4.8314
51350;48.8663;3.5945
51382;49.2287;3.7632
52145;47.7591;5.5836
53019;47.9617;-0.3931
54216;48.4627;6.3431
54522;48.4267;5.9699
55022;49.5006;5.3752
55064;48.9104;5.5708
55095;49.5012;5.1835
55108;48.8869;5.3410
55254;49.0265;5.3023
57675;48.9138;6.8634
58027;47.1910;3.3323
62347;50.2642;2.4781
62541;50.5025;2.1152
65387;43.5049;0.0069
70182;47.6009;6.6927
70466;47.4450;5.5835
70474;47.5606;6.4497
76430;49.8397;1.4111
76623;49.6189;1.5439
79158;46.1222;-0.2637
80041;49.8459;1.9103
81028;43.6113;2.5332
82083;43.9686;0.8825
87022;46.1044;1.0435
88291;48.0079;5.9568
89141;47.6036;3.9444
89423;47.8602;3.9618
02007;49.5127;3.8334
02446;49.7372;3.2792
02683;49.9674;3.4414
04020;44.3210;6.3290
04236;44.0284;6.5395
05152;44.8037;6.1443
07275;44.5252;4.1455
08503;49.6405;4.6369
11168;42.8643;2.2143
11341;42.8643;2.2143
14622;49.3171;-0.9153
15251;45.0331;3.1188
16197;46.0205;0.0623
23028;45.9608;2.1890
25094;47.3534;6.3679
25180;46.9453;6.0897
25279;47.4550;6.3461
26268;44.5517;4.9465
27291;48.7461;0.7878
28197;48.2537;1.8842
2B287;42.6512;9.2057
2B329;42.2819;9.1230
31185;43.4015;1.7281
31543;43.3074;1.0431
31562;43.0781;0.9595
33420;44.8803;-0.1545
39196;46.8352;5.5279
41277;48.0175;1.0585
50055;49.4011;-1.5526
51322;48.5970;4.6425
51510;48.7343;4.6063
55065;49.2425;5.1020
55070;49.1850;5.3383
55586;48.9104;5.5708
57018;48.8273;6.5155
58015;47.2569;3.5250
58123;47.2312;3.7046
62026;50.5025;2.1152
62455;50.7616;1.9321
62795;50.2805;2.2855
63104;45.5294;3.9087
64196;43.4696;-0.1198
64206;42.9480;-0.5969
65250;43.3061;0.3370
67513;48.4804;7.2102
70199;47.6011;6.1559
70288;47.4344;6.0525
70362;47.8418;5.8916
70509;47.3218;5.7884
80450;49.8385;1.7822
82100;44.2619;1.7949
84120;44.0935;5.3950
87200;46.3221;1.1213
88388;48.1761;6.3456
02429;49.4878;3.6830
02533;49.2129;3.3501
08080;49.6405;4.6369
09097;42.9874;1.3031
09169;42.9967;1.8678
11007;42.9592;2.5450
11110;43.0809;2.5915
12023;43.9452;2.6173
14080;48.8817;-0.3834
15059;45.0110;2.8990
15110;45.3181;2.7988
16284;45.2720;0.0511
18238;46.5847;2.4973
19112;45.6009;1.9310
19172;45.5243;1.7835
21424;47.0296;5.1327
23010;46.0848;1.6423
25131;46.6707;6.1692
25145;47.3147;6.5585
27334;49.1267;0.4626
27699;49.2823;0.8208
2A061;41.6636;9.1582
2B140;42.5303;9.2845
30093;43.9523;3.8724
32214;43.7608;-0.0566
32316;43.7494;0.4911
32450;43.5314;0.1696
33190;44.2832;-0.2259
36095;46.4858;2.0825
36116;47.0676;1.7967
38355;44.9184;5.5781
39163;46.3647;5.5594
42117;45.5094;4.0434
42317;46.1823;3.8718
43004;44.9168;4.0339
43098;44.9168;4.0339
46198;44.5163;1.8295
51229;48.9240;4.8314
51626;48.7150;3.7134
52033;47.9981;5.5171
52399;48.0490;4.8864
52419;48.1347;4.8622
55217;48.5649;5.6827
55511;49.5006;5.3752
58084;47.3502;3.3843
60543;49.2265;2.8507
61316;48.8350;0.0330
61425;48.6466;0.5032
63369;46.0374;2.8071
64011;43.1182;-1.1799
65107;43.0733;-0.0282
65160;43.3759;0.0367
70553;47.5606;6.4497
79346;46.1222;-0.2637
80497;50.2392;1.9183
82157;44.3360;0.9985
88208;48.0079;5.9568
88280;48.3119;6.3033
88505;48.1658;6.8771
01121;45.9724;5.5771
02551;49.4239;3.3840
02682;49.3180;3.5440
06098;43.9759;6.9452
06111;44.0922;7.1271
07299;45.1563;4.6375
08317;49.6051;4.9263
09008;42.9619;1.1680
09211;42.8999;1.8267
10198;48.1632;4.0206
11260;42.9592;2.5450
12184;44.4625;2.9830
12274;43.7904;2.9580
14404;48.9914;-0.4099
15102;45.1198;2.8364
15238;45.0470;2.4009
15263;45.1198;2.8364
16108;45.7923;0.1229
17180;45.8560;-0.1800
21276;47.6255;4.6155
21688;47.1117;4.9798
24560;44.8133;0.8859
25194;47.4028;6.8756
25445;47.0722;5.8982
25499;47.4550;6.3461
25602;47.3534;6.3679
26153;44.2316;5.5820
26189;44.2694;5.3363
27212;49.1474;0.9580
2B023;42.4344;8.9969
2B153;42.3904;8.7596
30332;44.0925;3.4184
31382;43.4033;1.0988
32164;43.5314;0.1696
32408;43.8064;0.0370
36090;47.0499;1.3807
39466;46.5636;5.4298
46151;44.6554;1.5971
49171;47.5403;-0.0975
51122;48.7343;4.6063
51215;48.7343;4.6063
51348;49.2287;3.7632
52438;47.7591;5.5836
52517;48.2459;5.3811
54237;48.4267;5.9699
55299;49.3404;5.6285
55473;49.0949;5.6529
57402;49.0414;7.5069
61392;48.9095;0.3567
62352;50.3777;2.3104
63158;45.4483;3.5745
64192;43.5419;-0.2263
64397;43.5232;-0.4426
65022;42.9460;-0.1636
70141;47.6868;6.3022
70307;47.5606;6.4497
70442;47.6953;5.8168
71452;46.4917;4.4322
73119;45.2495;6.7722
76053;49.8397;1.4111
76241;49.8335;0.8472
78518;48.8425;2.0518
80140;50.1635;2.3412
80699;49.8385;1.7822
81082;44.0068;2.4100
88362;48.3912;7.0206
88475;48.0701;5.8035
88510;48.0701;5.8035
01006;45.7328;5.6572
02535;49.8211;3.9145
02612;49.3989;3.7382
04171;43.8281;6.4812
08049;49.4368;4.9590
10226;48.1160;4.4309
10247;48.0520;3.9325
10330;48.2425;4.7115
14674;49.0219;-0.2319
18107;46.7360;2.4965
19027;45.6009;1.9310
19215;45.0199;1.9969
21360;47.1310;4.6746
21538;47.3897;4.1445
24507;45.3309;1.0822
25588;47.2515;6.6619
28065;48.2004;1.4336
2B073;42.3286;8.9825
2B230;42.6512;9.2057
2B306;42.2819;9.1230
31001;43.3503;0.8395
32438;43.5000;0.6080
40083;43.6362;-0.3982
41077;47.8185;1.2816
41208;47.6159;1.1303
43144;44.9168;4.0339
48130;44.2654;3.6125
48179;44.8984;3.3558
49028;47.4199;-0.7442
50275;48.7246;-1.1858
51309;49.0741;3.7149
52325;48.0703;5.5277
52356;48.4375;5.1425
53033;47.8127;-1.0535
54101;48.4610;6.7642
54600;48.6799;6.5536
55099;49.1850;5.3383
55170;49.3427;5.4337
55310;49.5012;5.1835
57035;48.8147;6.7559
57081;48.8147;6.7559
57174;48.9250;6.6294
57495;49.1842;6.4959
58048;47.3797;3.1563
58288;47.3658;3.6649
60351;49.5564;2.7315
60528;49.2430;1.8875
64323;43.4696;-0.1198
70286;47.3218;5.7884
70304;47.6775;6.5035
70419;47.9305;6.1007
76218;49.4839;1.6393
80223;49.7016;2.7754
80414;49.7772;2.5059
81103;43.7712;2.5777
87132;45.7223;1.7775
88427;48.3247;5.8676
89170;47.4457;3.7642
89194;47.6930;4.0014
90016;47.7312;6.9656
91022;48.3609;2.1249
02263;49.3180;3.5440
02584;49.9666;3.9113
04072;44.1915;6.3963
08326;49.4368;4.9590
09129;42.8802;0.9760
09166;42.8999;1.8267
09190;43.0979;1.1426
10059;48.4013;4.5341
15161;45.1501;3.0136
19020;45.4300;1.8401
19046;45.4147;2.0299
19198;45.4578;1.3967
23050;46.3628;1.5393
25389;47.1647;6.7090
25538;47.3534;6.3679
25563;47.3324;6.0368
26142;44.6918;5.5471
26244;44.3687;5.1923
2B218;42.2097;9.3419
31060;43.4596;1.8786
32328;44.0093;0.5051
36002;47.0676;1.7967
38444;44.9382;5.8349
45246;48.1873;2.2537
46299;44.5040;1.6745
48079;44.8003;3.4300
51443;48.5867;3.7574
51500;48.9240;4.8314
52272;48.0490;4.8864
57045;48.8874;6.4058
57103;49.0414;7.5069
58028;46.9863;3.4452
58172;46.8027;3.7623
58243;46.8966;3.6310
61171;48.8350;0.0330
62103;50.1523;2.7931
62658;50.7598;1.6624
64388;43.4696;-0.1198
73168;45.5044;6.3048
81214;43.5672;1.8913
02793;49.4211;3.1801
04176;43.7795;6.0824
05144;44.8037;6.1443
09021;43.0413;1.6293
09023;42.6879;1.8646
09063;42.9515;1.5808
09326;42.7096;1.6664
11415;43.0946;2.3432
14238;49.3302;0.0982
15066;45.1902;2.5323
15173;45.3181;2.7988
16117;45.2720;0.0511
17319;45.2421;-0.2906
17324;45.3705;-0.5998
17390;45.4692;-0.6260
21024;47.3846;4.5363
21137;47.6439;4.3442
21557;47.6255;4.6155
23088;46.2024;1.7439
24327;44.9192;0.7920
25209;47.0722;5.8982
25457;47.1343;6.5362
25552;47.4568;6.5762
2A144;42.0902;8.8541
2A279;42.3264;8.6720
31313;43.0210;0.6439
32352;43.7476;0.2632
41188;47.8185;1.2816
43149;45.0667;3.4902
47200;44.6268;0.7384
51274;49.1199;4.8359
51324;48.7312;3.9593
51642;48.5867;3.7574
54005;48.4693;6.2093
55547;49.5006;5.3752
57133;48.8273;6.5155
57258;49.0096;6.7694
58073;47.4642;3.4920
58154;47.3658;3.6649
58272;47.2312;3.7046
60312;49.5631;1.8175
60502;49.6646;3.0328
63176;45.7042;2.8469
63221;45.4035;3.7092
64215;43.4030;-0.9224
65033;43.0733;-0.0282
65308;43.3061;0.3370
65333;43.1910;0.2471
70067;47.7890;6.3571
70423;47.6953;5.8168
70519;47.4344;6.0525
72277;48.1973;0.4291
76309;49.7257;0.7918
77015;48.4108;3.2992
80118;50.2392;1.9183
80402;49.7720;1.9519
81161;43.8730;2.4749
81300;44.0807;1.9336
82058;44.0234;1.0121
84033;43.9044;5.4340
89020;47.5372;3.6418
89410;47.5102;3.8891
02718;49.1801;3.1465
04069;43.8281;6.4812
04179;44.2004;5.9040
06110;44.0922;7.1271
07239;44.8207;4.4791
08378;49.3635;4.4330
09208;43.0402;1.0445
10093;48.4013;4.5341
14710;48.8817;-0.3834
15081;44.9796;2.6572
15128;45.3190;2.4929
15135;44.9868;2.1919
16354;45.3371;-0.0749
17156;45.3143;-0.4056
19110;45.3827;2.2590
21218;47.4355;5.0154
21282;47.4940;4.1911
21454;47.8578;4.3858
23175;46.0849;2.0174
25567;47.4550;6.3461
26159;44.7766;5.3514
32097;43.7476;0.2632
39280;46.3284;5.7443
43103;45.3173;3.1625
48141;44.3289;3.3919
50169;49.4818;-1.3480
51206;48.9240;4.8314
51240;48.7580;4.8347
51301;49.0294;4.1667
51404;48.9240;4.8314
51511;48.7150;3.7134
52042;47.9429;5.2580
53189;48.4617;-0.4868
53270;48.4100;-0.8319
54075;48.4879;6.8972
54147;48.5820;6.5353
54556;48.5815;6.7912
55051;48.5475;5.3060
55232;49.0949;5.6529
58242;47.3502;3.3843
60503;49.5636;2.5505
62134;50.5712;1.9180
64079;43.4696;-0.1198
64136;42.9480;-0.5969
65213;43.2892;0.5135
66013;42.5986;2.5162
67444;48.7485;7.5653
70100;47.4450;5.5835
70172;47.7890;6.3571
70501;47.4967;6.2428
71066;46.4475;4.8180
76662;49.7961;0.9697
81030;43.5606;2.0205
82193;43.8709;0.9947
84130;44.1504;5.0233
86176;46.2499;0.6620
89011;47.5102;3.8891
89058;47.3918;3.9929
89393;47.8602;3.9618
89475;47.8818;4.2163
91526;48.3976;2.1970
02151;49.6040;3.5190
07136;44.5872;3.8544
07266;44.4500;4.0742
10028;48.0240;4.1239
10039;48.2425;4.7115
10043;48.4916;3.9335
10136;48.1160;4.4309
11030;43.2886;1.8014
14230;49.2820;0.2287
18152;46.7848;2.1807
21357;47.9217;4.7867
21550;47.6439;4.3442
23080;45.7268;2.2962
24399;45.0344;0.3444
28090;48.6934;1.0846
2A141;42.1659;8.8237
30153;44.3724;3.9922
32055;43.8771;0.8048
32265;43.4788;0.4383
34125;43.6986;3.5705
39336;46.8404;5.6855
39443;46.5136;5.5833
39551;46.4292;5.3725
50229;48.5520;-1.1238
51469;48.8828;4.0352
52055;48.4375;5.1425
54117;48.4908;6.0695
54244;48.9170;5.8616
55242;49.0949;5.6529
55472;48.6841;5.3388
56256;48.0681;-2.3139
57295;48.7720;6.5879
57528;48.8874;6.4058
57583;48.6839;6.9387
61118;48.4945;0.5865
61444;48.8220;-0.4726
62243;50.2103;2.5395
62322;50.1492;2.4713
63027;45.5398;3.7752
63357;45.4504;3.1969
65074;43.2183;0.5039
67470;48.4804;7.2102
70148;47.6496;5.9683
70170;47.7821;6.0966
72015;48.3843;0.2877
72355;48.3895;0.1686
76356;49.7961;0.9697
79332;46.6373;-0.5530
80451;50.0227;2.6606
80638;49.7735;2.9160
81189;43.5672;1.8913
82128;44.2280;1.4836
82139;44.0665;0.8462
88024;48.3747;6.2660
88476;48.3096;6.0977
89271;47.6930;4.0014
91067;48.3976;2.1970
02444;49.8211;3.9145
02685;49.5909;3.3991
02745;49.7385;3.8042
08210;49.6447;4.2076
08296;49.3052;4.8792
08467;49.6014;4.4510
09215;42.8999;1.8267
09291;42.7993;1.2327
09316;43.0872;1.8537
10075;48.5835;4.1609
11066;42.8371;1.9818
11121;43.1188;2.0667
11368;43.3064;2.3749
11399;43.3333;1.9782
19083;45.6718;2.4307
21096;47.5892;5.2274
21302;47.8294;4.5894
21310;47.3349;4.6950
21706;47.8294;4.5894
24046;45.2509;1.1449
2B147;42.3286;8.9825
31529;43.2381;0.8756
32047;44.0093;0.5051
32267;43.5000;0.6080
34053;43.5956;3.1551
39112;46.8352;5.5279
39203;46.7775;6.0809
39238;47.2159;5.5278
39522;46.7557;5.9028
40038;43.7488;-0.7202
41019;47.8185;1.2816
43059;45.3022;3.6763
45074;48.0142;1.6697
47008;44.2891;0.2601
47259;44.5381;0.6045
51015;49.1199;4.8359
51306;48.7203;3.5315
51538;48.9826;4.3607
51600;49.1559;4.5429
55096;48.9934;5.7278
55315;48.5475;5.3060
55399;49.0949;5.6529
57754;48.7720;6.5879
60100;49.2426;2.6875
61372;48.4709;0.0798
63304;46.0971;2.6628
65337;43.1910;0.2471
65477;43.3759;0.0367
70237;47.6953;5.8168
70436;47.8418;5.8916
70544;47.6775;6.5035
71166;46.7260;4.1292
71554;46.2944;4.0641
76679;49.7257;0.7918
79312;46.1222;-0.2637
80170;49.6644;2.5930
81176;44.0175;1.7816
04169;44.0486;5.6113
06049;43.7673;6.9485
06080;44.0922;7.1271
10068;48.1160;4.4309
10389;48.2444;4.4801
11333;42.9737;2.0269
15097;45.1979;3.1653
15143;44.9868;2.1919
16062;45.4826;-0.1625
16194;45.9098;0.0012
17361;46.0720;-0.5378
17477;45.9763;-0.1892
21335;47.2948;4.2513
21504;47.2782;4.7991
21563;47.3349;4.6950
21704;47.8294;4.5894
23225;45.8337;2.3493
24136;45.2509;1.1449
25421;47.1647;6.7090
2B170;42.9483;9.3701
2B208;42.3267;9.4065
2B210;42.3063;9.4979
2B289;42.2819;9.1230
31062;43.7515;1.0584
31191;42.9888;0.8129
31218;43.2618;0.6826
32154;43.7656;0.8346
34054;43.3496;2.6970
37053;47.0649;1.0117
39015;46.7557;5.9028
47319;44.4801;0.5085
50479;49.3873;-1.2723
51170;48.8663;3.5945
51459;48.7203;3.5315
51635;48.7690;4.9041
52122;48.1917;5.6051
52257;47.7591;5.5836
52335;48.2459;5.3811
52515;47.7675;5.2477
54271;48.5815;6.7912
54576;49.4669;5.5580
55017;49.1165;5.1112
55341;49.3427;5.4337
55357;49.1964;5.5975
55581;48.6841;5.3388
57397;48.7177;6.7895
60472;49.6664;1.9467
62339;50.4735;2.2572
63060;46.0971;2.6628
63389;45.5677;3.4177
64298;43.0978;-0.8959
64366;43.5419;-0.2263
65225;43.2779;0.1955
65276;43.2779;0.1955
65474;43.3061;0.3370
70143;47.8418;5.8916
70158;47.6011;6.1559
80074;49.6644;2.5930
80143;49.8385;1.7822
89038;47.9421;3.8475
02047;49.5539;3.5934
02448;49.6393;3.8348
05076;44.3940;5.6937
07285;45.1122;4.5034
08271;49.3760;4.6848
08348;49.6014;4.4510
09055;42.8802;0.9760
10007;48.2425;4.7115
10017;48.4952;4.3181
10079;47.9930;4.3078
10212;48.1632;4.0206
10404;48.0605;4.6033
10410;48.3522;3.6264
11343;43.1822;1.9666
11387;43.0809;2.5915
14272;49.3171;-0.9153
21378;47.8578;4.3858
23014;46.0848;1.6423
25061;47.3300;6.8121
25299;47.3534;6.3679
25488;47.0722;5.8982
25503;47.3300;6.8121
26343;44.5517;4.9465
31059;43.0781;0.9595
31376;43.0781;0.9595
32081;43.6945;0.1109
32166;43.7476;0.2632
32402;43.7476;0.2632
36125;47.0476;1.9851
38283;44.9382;5.8349
39346;46.4292;5.3725
40265;44.0397;-0.1242
41079;47.7461;0.7846
43156;44.9168;4.0339
43214;45.3022;3.6763
43226;45.3510;3.5299
45023;47.6035;2.8824
45041;48.0647;2.3962
47002;44.5399;0.3053
48073;44.5032;3.1311
48085;44.3691;3.2319
51351;48.7312;3.9593
51514;48.7150;3.7134
52009;47.9125;5.4592
52129;48.3636;4.9313
54191;48.4879;6.8972
54511;49.1534;5.8474
54599;49.1534;5.8474
55121;49.0949;5.6529
58188;47.2832;3.2261
58274;46.8176;3.9556
61049;48.6575;0.0274
61180;48.8980;0.2183
61286;48.4242;0.4397
65234;42.8316;0.3859
65316;43.2183;0.5039
70127;47.6496;5.9683
70533;47.4220;5.8319
72174;48.1733;0.2504
76161;49.7257;0.7918
80437;49.9484;1.9286
80480;49.9470;1.7540
81167;43.8730;2.4749
88192;48.1930;6.2184
88472;48.1086;6.0777
88502;48.2228;6.6981
89417;47.8602;3.9618
95438;49.1531;1.9923
02486;49.6393;3.8348
03276;46.1429;3.0387
07104;44.8207;4.4791
07158;44.7657;4.3521
08252;49.5754;5.0575
11143;42.9151;2.9410
11409;42.9592;2.5450
12058;44.6915;2.8164
12212;43.8787;3.1499
14519;49.1002;-0.5083
15167;44.7318;2.2254
16267;45.3951;0.1233
19175;45.3827;2.2590
19266;45.5420;2.3448
21069;47.3846;4.5363
21677;47.1310;4.6746
21681;47.4940;4.1911
24231;44.6784;0.8997
25089;47.2221;6.4085
26263;44.1743;5.4665
28408;48.4174;1.7878
2B055;42.5303;9.2845
32291;43.8659;-0.1439
34011;43.6986;3.5705
37090;47.1271;0.4421
39312;46.3647;5.5594
46167;44.5040;1.6745
46233;44.6447;1.8144
50324;49.2231;-1.1741
51069;49.2287;3.7632
51208;48.8713;4.4893
51560;48.9023;3.7817
52243;48.1917;5.6051
54187;48.9170;5.8616
54440;49.1534;5.8474
55034;49.5006;5.3752
55326;48.6841;5.3388
57621;48.8147;6.7559
58184;47.1910;3.3323
58191;47.2569;3.5250
63197;46.0656;3.0064
64111;43.3625;-0.0459
64162;43.0978;-0.8959
70159;47.4967;6.2428
70486;47.6953;5.8168
71534;46.7475;5.2539
76170;49.7971;1.1220
80522;49.8385;1.7822
80629;49.9564;3.0737
81041;43.8810;1.9300
86013;46.8728;0.0622
88049;48.1086;6.0777
88164;48.3096;6.0977
88529;48.3747;6.2660
89383;47.6135;3.4456
02331;49.8211;3.9145
05117;44.4053;5.5315
07326;44.7724;4.1028
08496;49.6014;4.4510
16404;46.0027;0.4178
19221;45.0884;1.9258
22373;48.2721;-3.4605
24195;44.6784;0.8997
24206;44.7520;1.0461
25478;47.3147;6.5585
25491;47.3580;6.2106
26007;44.8327;4.8905
28016;48.1792;0.9101
2A127;41.5807;8.9394
31017;42.8954;0.7228
32059;43.8146;0.4349
32281;43.4165;0.3221
36130;46.6174;2.0384
38330;45.2139;5.4122
42008;46.0411;3.8858
47072;44.4073;0.9808
50105;49.4011;-1.5526
51421;48.7150;3.7134
51549;48.9240;4.8314
51563;48.9023;3.7817
52136;47.9435;5.7168
52288;48.4234;5.3175
52384;47.7672;5.0666
52392;47.9125;5.4592
54389;49.1534;5.8474
54445;48.6799;6.5536
57053;48.8147;6.7559
58111;47.0331;4.0060
61212;48.7402;-0.0318
61401;48.6167;-0.6190
62435;50.3777;2.3104
63299;45.3816;3.0506
65143;43.0681;0.2918
65361;43.3754;0.1573
65407;42.9422;0.5471
67225;48.8221;7.4333
70400;47.8418;5.8916
70457;47.6496;5.9683
70573;47.8637;6.5904
76184;49.8714;1.0527
77396;48.6367;3.3826
80425;50.0734;2.5120
80531;49.8459;1.9103
80589;50.2392;1.9183
86106;46.9988;0.1395
89482;47.8602;3.9618
06009;44.0922;7.1271
11087;43.1822;1.9666
14473;49.1716;0.0767
15205;45.1183;2.4751
16377;45.8489;0.4052
18024;46.5167;2.2263
19226;45.6009;1.9310
21417;47.2948;4.2513
25007;47.2221;6.4085
28242;48.3277;1.2582
28260;48.2004;1.4336
31041;43.0210;0.6439
31398;43.2618;0.6826
32051;43.5137;0.9477
32092;43.6252;0.8822
32189;43.8659;-0.1439
32277;43.4456;0.9073
33275;44.7209;-0.2227
36102;47.0676;1.7967
39430;47.1361;5.6580
40176;44.0397;-0.1242
40219;43.6362;-0.3982
40239;43.6362;-0.3982
42321;45.7864;3.8574
43097;44.9168;4.0339
43125;45.2693;3.3650
43219;45.2102;3.5526
45125;48.1960;2.4368
47083;44.6268;0.7384
50028;48.9112;-1.3215
51570;48.8663;3.5945
51645;48.7150;3.7134
52452;47.8592;5.2713
54190;48.4267;5.9699
54458;48.5815;6.7912
54512;48.5581;6.9851
55072;49.1964;5.5975
55360;49.0721;5.4560
55439;49.0949;5.6529
57485;48.8273;6.5155
57555;48.8874;6.4058
60608;49.6179;2.0953
61089;48.8980;0.2183
62344;50.4768;2.3789
62537;50.2805;2.2855
62768;50.3762;1.8536
64052;43.4696;-0.1198
66199;42.4988;2.7159
70222;47.4220;5.8319
70461;47.4450;5.5835
70499;47.6953;5.8168
71028;46.8995;5.2574
71551;46.8468;4.2035
80538;50.0173;2.8821
88064;48.2228;6.6981
88096;48.0079;5.9568
89044;47.5102;3.8891
02034;49.5817;3.1917
02069;49.6857;4.0229
02107;49.5817;3.1917
05086;44.4053;5.5315
06001;43.8681;6.9380
07105;44.7442;3.9661
07249;45.0373;4.4081
09117;43.2096;1.5955
09123;43.1379;1.3127
10264;48.0605;4.6033
11044;42.9592;2.5450
11156;43.3064;2.3749
14091;49.2184;-0.0306
14541;49.1716;0.0767
14748;49.2820;0.2287
21298;47.3846;4.5363
21635;47.4940;4.1911
23218;45.8337;2.3493
24144;45.2571;0.5303
24495;44.6784;0.8997
25182;47.4550;6.3461
25474;47.3580;6.2106
26299;44.7766;5.3514
2A240;42.1964;8.9277
2B366;41.9691;9.3445
31404;42.7819;0.5640
31520;43.4033;1.0988
32026;43.7656;0.8346
32028;43.4165;0.3221
32050;43.4055;0.1982
32310;43.7706;-0.1790
40242;44.0239;0.0326
40290;43.6902;-0.2841
46056;44.5163;1.8295
46234;44.6658;1.3035
48158;44.2409;3.9025
51325;48.7343;4.6063
51512;48.8713;4.4893
54468;48.5875;6.2635
54479;48.4627;6.3431
54494;48.4267;5.9699
54499;48.9170;5.8616
56085;47.4440;-3.0514
57317;48.7784;7.1592
57380;48.6494;6.9955
58098;47.3658;3.6649
58150;47.3658;3.6649
60052;49.6646;3.0328
62578;50.2552;2.6268
62659;50.5025;2.1152
64356;43.4696;-0.1198
65153;43.2779;0.1955
65174;43.5049;0.0069
65289;43.3061;0.3370
65424;42.8310;0.0357
71521;46.4607;4.6276
80056;49.9961;2.3435
80269;49.9470;1.7540
80355;49.9470;1.7540
84023;43.8258;5.3211
88390;48.0701;5.8035
95633;48.9856;2.4553
01051;46.1108;5.4552
03222;46.4826;2.6565
04224;43.9778;6.6758
05099;44.5486;5.8936
06047;43.8114;7.1241
10377;48.2425;4.7115
10390;48.2425;4.7115
14183;48.8817;-0.3834
15073;44.8098;2.9880
15194;44.7318;2.2254
17176;45.8685;-0.2970
19111;45.2860;2.1593
21608;47.3897;4.1445
21690;47.3846;4.5363
24109;45.3702;0.3694
25500;47.0722;5.8982
26036;44.5690;5.5049
26376;44.3964;5.3871
27155;48.6911;0.8013
2B299;42.4502;9.4730
32093;43.6464;-0.1249
32205;43.5314;0.1696
32309;43.4320;0.7374
32351;43.8622;0.3912
32419;43.4788;0.4383
33169;44.5793;-0.0315
34115;43.8815;3.6618
36028;46.4666;1.8337
36067;46.4191;1.2743
39065;46.8404;5.6855
42034;45.8117;3.7727
43029;44.9233;3.5085
43183;45.2102;3.5526
47256;44.6268;0.7384
51013;49.2287;3.7632
51323;48.7312;3.9593
51441;48.7343;4.6063
51658;48.9240;4.8314
52518;48.0322;5.3092
53080;48.4289;-0.3424
54278;48.4693;6.2093
54481;48.4879;6.8972
54524;49.1534;5.8474
55345;49.3482;5.1985
55356;49.1964;5.5975
55522;48.5649;5.6827
55579;49.0949;5.6529
58313;47.2569;3.5250
60394;49.5636;2.5505
61336;48.3286;0.5527
64295;43.4860;-0.7527
65024;43.0347;0.1428
65459;43.0347;0.1428
70078;47.8418;5.8916
70409;47.6195;5.5498
71500;46.2944;4.0641
71515;46.5999;4.6268
72171;48.3843;0.2877
72192;48.2679;0.2885
76083;49.7753;0.6404
76097;49.7961;0.9697
80825;49.9484;1.9286
88195;48.1820;5.8074
88421;48.0079;5.9568
89297;47.4457;3.7642
02033;49.5127;3.8334
02249;49.3180;3.5440
04017;44.3210;6.3290
05009;44.8037;6.1443
07220;44.8862;4.4065
08047;49.6405;4.6369
08144;49.4891;4.3377
08201;49.6405;4.6369
08477;49.5754;5.0575
09175;43.1248;1.6040
09218;42.6879;1.8646
09315;43.2096;1.5955
10182;48.1568;4.7947
10243;48.4013;4.5341
14533;49.1716;0.0767
15121;44.8098;2.9880
15260;44.7321;2.4780
16315;45.3371;-0.0749
17231;45.3143;-0.4056
19021;45.6739;2.1411
19206;45.6739;2.1411
21108;47.3862;4.3436
21553;47.2782;4.7991
23058;46.1028;2.2260
23171;46.0141;2.4803
24541;45.6404;0.6496
25171;47.0722;5.8982
26205;44.7766;5.3514
27405;49.3313;1.5942
27579;49.2357;0.9352
2A056;41.9027;9.0065
2A266;42.1273;8.9508
2B225;42.3063;9.4979
2B302;42.3063;9.4979
32349;43.7068;0.9678
32411;43.5000;0.6080
33224;44.6952;-0.0877
36170;47.0676;1.7967
38322;45.0898;5.3986
39057;46.7426;5.6286
39127;46.8404;5.6855
41034;47.5556;1.5404
46308;44.7442;1.4111
48067;44.1928;3.7293
48082;44.6437;3.6805
51045;48.9023;3.7817
51619;48.9240;4.8314
52047;48.3636;4.9313
52196;47.9429;5.2580
52364;47.7675;5.2477
52491;48.4234;5.3175
54501;48.4697;6.4940
54507;48.5820;6.5353
55028;49.3482;5.1985
57009;48.8874;6.4058
57090;48.8147;6.7559
57231;48.9870;6.2104
60280;49.6701;1.7733
61322;48.4945;0.5865
63313;45.3816;3.0506
64085;42.9480;-0.5969
64155;43.1182;-1.1799
64429;43.3051;-1.0548
65305;42.9422;0.5471
66192;42.5769;2.0852
71046;46.7260;4.1292
76710;49.6510;0.6000
79197;46.7035;-0.0656
80563;50.1625;2.1348
81166;43.9981;2.0807
81240;43.8730;2.4749
82067;43.9686;0.8825
88154;48.4265;5.6727
95492;49.0482;2.4028
02424;49.4239;3.3840
02698;49.4239;3.3840
02778;49.3989;3.7382
02819;49.6857;4.0229
04207;44.2004;5.9040
08482;49.6405;4.6369
10008;48.2444;4.4801
10159;48.1160;4.4309
11092;43.3460;2.5208
14439;49.3177;-1.0550
17035;45.8560;-0.1800
21160;47.6255;4.6155
25215;47.3580;6.2106
25310;47.4550;6.3461
26082;44.3687;5.1923
2B340;42.3063;9.4979
31047;43.2026;1.2352
32139;43.8771;0.8048
34273;43.5538;2.9220
36242;46.9845;1.6365
39497;46.9201;5.9041
51319;48.7312;3.9593
51502;48.8713;4.4893
52413;48.5070;4.9537
54390;48.9082;6.0584
55002;49.1964;5.5975
55297;49.3427;5.4337
55406;49.0949;5.6529
57116;48.9870;6.2104
58265;47.3141;3.0188
61152;48.8350;0.0330
61512;48.7856;-0.2528
65263;43.2892;0.5135
71358;46.4917;4.4322
71450;46.8944;4.5385
76042;49.7407;1.4648
80397;50.0173;2.8821
80684;49.7735;2.9160
82103;43.8709;0.9947
88469;48.3096;6.0977
88509;48.2558;6.4203
89259;47.6930;4.0014
02485;49.3519;3.3202
02607;49.3519;3.3202
04074;43.9535;6.2318
08015;49.8443;4.3958
08383;49.3052;4.8792
09100;42.7993;1.2327
09110;42.9619;1.1680
09212;43.0067;1.4206
10069;48.1160;4.4309
10107;48.0520;3.9325
10130;48.5835;4.1609
11169;43.0946;2.3432
11417;43.0486;2.1802
16127;46.0205;0.0623
21326;47.6255;4.6155
21376;47.3192;5.3981
21601;47.2087;4.9017
23147;46.4079;1.8120
24359;44.6978;0.4365
24545;45.2509;1.1449
25572;47.4550;6.3461
26200;44.2316;5.5820
2A154;42.2080;8.7195
32225;43.4055;0.1982
32299;43.8574;0.1017
36040;46.8582;1.4060
36217;47.1964;1.6976
38177;44.9681;6.1574
39020;46.7775;6.0809
39381;46.7557;5.9028
40096;44.0397;-0.1242
43019;44.8427;3.7908
50062;48.8293;-1.2184
51169;48.7267;4.3040
51503;49.2685;4.3106
52057;48.3636;4.9313
52310;48.2878;5.0954
52482;48.1917;5.6051
54464;48.8815;6.2268
57181;48.8147;6.7559
57257;48.8273;6.5155
60049;49.5631;1.8175
60131;49.6179;2.0953
64265;43.3051;-1.0548
65454;43.3754;0.1573
66077;42.7994;2.4550
66147;42.5299;1.8824
70009;47.8418;5.8916
70156;47.4220;5.8319
70251;47.5819;5.6836
70291;47.8418;5.8916
70479;47.4450;5.5835
70531;47.4220;5.8319
71471;46.7093;4.6745
76353;49.8335;0.8472
80334;49.7512;2.1621
80683;49.7735;2.9160
81110;44.1239;2.1871
86291;46.5635;0.8867
88129;48.1930;6.2184
88353;48.1086;6.0777
88437;48.1930;6.2184
88455;48.0701;5.8035
04095;44.0486;5.6113
04194;43.9759;6.9452
08438;49.5450;4.2165
09084;43.1379;1.3127
09200;42.9967;1.8678
09243;42.9967;1.8678
10111;48.0053;4.4627
10118;48.0520;3.9325
10431;48.0240;4.1239
12075;44.0745;2.5189
15040;45.3181;2.7988
15190;45.2494;2.6450
16184;45.9116;0.2698
16240;45.3008;0.1977
19090;45.2414;2.0102
21229;47.1707;4.3011
21589;47.4355;5.0154
21669;47.3349;4.6950
23059;45.9608;2.1890
24151;44.7520;1.0461
27373;49.4119;1.5125
27570;49.0499;1.1747
2B280;42.4856;9.4574
2B365;41.9933;9.3078
32434;43.7608;-0.0566
32453;43.7787;0.6218
38375;44.9681;6.1574
39117;47.0181;5.6398
41215;47.7461;0.7846
46282;44.7779;2.0809
47139;44.1055;0.3898
48098;44.1928;3.7293
48176;44.2076;3.4086
51239;48.8828;4.0352
51430;48.8828;4.0352
55062;48.9104;5.5708
55067;48.6841;5.3388
57115;48.9250;6.6294
57284;49.0811;6.5483
57755;48.8874;6.4058
64503;43.4696;-0.1198
65046;42.8316;0.3859
65137;43.5049;0.0069
65187;43.2183;0.5039
65200;43.0347;0.1428
65247;43.0733;-0.0282
65249;43.2892;0.5135
65311;43.3754;0.1573
65341;43.2894;-0.0373
65386;43.0733;-0.0282
66143;42.7715;2.6539
66169;42.7994;2.4550
70047;47.6011;6.1559
70088;47.4344;6.0525
71020;47.0754;4.2773
71331;46.4282;4.1016
80220;49.6644;2.5930
80383;49.7016;2.7754
81072;44.0038;2.2774
88378;48.3119;6.3033
88477;48.3568;5.5304
89043;47.6036;3.9444
01066;45.8480;5.6195
02091;49.3989;3.7382
02181;49.7487;4.1440
02284;49.9666;3.9113
02526;49.7487;4.1440
06096;43.9759;6.9452
06119;44.2619;6.8979
07139;44.7657;4.3521
09183;43.0402;1.0445
10229;48.1632;4.0206
11347;42.8643;2.2143
11400;42.9737;2.0269
12109;43.7904;2.9580
15198;44.9549;2.8123
19006;45.5420;2.3448
21299;47.5309;4.5262
24084;44.7520;1.0461
25496;47.4071;6.4928
26253;44.5690;5.5049
2A174;42.1659;8.8237
31260;43.1506;0.9020
32323;43.4788;0.4383
33068;44.4019;-0.4841
33148;44.8154;-0.2027
34158;43.3496;2.6970
39418;46.8404;5.6855
46096;44.7466;1.9153
47236;44.6787;0.2325
48124;44.5867;3.2477
50529;48.7246;-1.1858
51041;48.5867;3.7574
52545;47.8592;5.2713
54420;49.4669;5.5580
55068;49.1165;5.1112
55482;49.0265;5.3023
57036;48.8273;6.5155
60153;49.6179;2.0953
61066;48.5356;0.3516
62091;50.2642;2.4781
63191;45.6647;2.5782
64151;43.4030;-0.9224
65085;43.3061;0.3370
65385;43.0307;0.3876
65403;43.3759;0.0367
79142;46.1222;-0.2637
80459;49.9484;1.9286
80773;50.0734;2.5120
81127;43.5672;1.8913
81224;44.0807;1.9336
82046;44.0234;1.0121
87058;45.7223;1.7775
88314;48.0701;5.8035
02200;49.6857;4.0229
06081;43.8681;6.9380
10046;48.4013;4.5341
11312;43.1822;1.9666
12166;44.8341;2.6766
16331;45.3371;-0.0749
21159;47.9217;4.7867
21341;47.4845;4.3373
21348;47.5438;5.3881
21666;47.5246;5.0664
25290;47.2515;6.6619
25492;47.3534;6.3679
2B036;42.5303;9.2845
30246;44.0515;3.8329
32033;43.5973;0.2917
32364;43.9634;0.6069
33066;44.5793;-0.0315
35026;48.1127;-2.0498
36238;46.4858;2.0825
38092;45.0898;5.3986
46079;44.5788;1.5970
46093;44.6447;1.8144
46097;44.9082;1.8494
48157;44.4947;3.7151
51565;48.7312;3.9593
52115;47.8592;5.2713
52231;48.4375;5.1425
52358;48.0703;5.5277
52459;48.0322;5.3092
54169;49.3326;5.7781
55199;49.1165;5.1112
55465;49.0949;5.6529
55468;49.1850;5.3383
57107;48.9250;6.6294
57166;48.9250;6.6294
57173;48.8147;6.7559
57594;49.0414;7.5069
61498;48.3286;0.5527
62342;50.4735;2.2572
63002;45.5204;3.5723
63220;45.3816;3.0506
65431;42.9422;0.5471
65441;42.9422;0.5471
70010;47.9305;6.1007
70225;47.4450;5.5835
80326;49.6644;2.5930
80502;50.1342;1.9757
80787;50.3005;1.6843
88031;48.3247;5.8676
88185;48.3096;6.0977
88471;48.0079;5.9568
89363;47.6638;3.6805
89477;47.7905;3.7907
89481;47.7772;4.1587
01439;46.3546;4.8887
02023;49.2129;3.3501
02104;49.3989;3.7382
02412;49.2129;3.3501
04154;44.5645;6.3652
06051;43.9759;6.9452
09205;43.1379;1.3127
09295;42.7223;1.4836
10428;48.2425;4.7115
11231;43.2886;1.8014
11317;42.7658;2.1667
12067;43.8787;3.1499
18121;46.9117;2.6018
21286;47.5246;5.0664
21439;47.3349;4.6950
21448;47.5309;4.5262
23157;46.0034;1.8712
25232;47.4568;6.5762
25419;47.4550;6.3461
26047;44.5105;5.3781
26111;44.5751;5.1690
27035;49.2429;0.4229
28257;48.4174;1.7878
28303;48.1266;1.6821
2A197;42.3264;8.6720
2B184;42.7167;9.2642
2B328;42.1586;9.4398
31400;43.4596;1.8786
32009;43.5314;0.1696
32308;43.5137;0.9477
32387;43.4456;0.9073
36205;47.0476;1.9851
38036;45.1571;5.3036
39423;46.5136;5.5833
39565;46.9334;5.7581
41213;47.6757;0.9717
47120;44.5339;0.0738
47126;44.5399;0.3053
47164;44.6268;0.7384
51300;48.5970;4.6425
51493;49.1724;4.0456
52181;48.4234;5.3175
54442;48.4908;6.0695
55530;48.9104;5.5708
55582;49.5012;5.1835
57161;48.8147;6.7559
58162;47.4484;3.2697
61086;48.8980;0.2183
62814;50.1492;2.4713
63416;45.6027;2.5229
64025;43.3303;-0.7874
64050;43.2027;-0.8933
64099;43.3303;-0.7874
64193;43.4696;-0.1198
65219;43.5049;0.0069
65467;42.9460;-0.1636
70153;47.6953;5.8168
71488;46.4607;4.6276
80356;49.9470;1.7540
80371;50.2392;1.9183
80574;50.0747;2.0176
80813;49.8459;1.9103
01190;45.7526;5.5545
02652;49.8211;3.9145
02723;49.6857;4.0229
04210;43.8281;6.4812
08027;49.6014;4.4510
08192;49.6447;4.2076
08286;49.3635;4.4330
10108;48.0520;3.9325
12055;44.4625;2.9830
15158;45.1979;3.1653
15242;44.7318;2.2254
16365;45.3371;-0.0749
18203;46.5559;2.3320
19205;45.1481;2.1059
21064;47.6439;4.3442
21151;47.5309;4.5262
21343;47.8578;4.3858
23098;46.2997;2.0617
24192;45.1556;1.0569
24502;45.1226;0.4155
25053;47.3147;6.5585
25595;47.3147;6.5585
31337;42.8954;0.7228
31422;43.2049;1.0659
32113;43.7608;-0.0566
32401;43.4788;0.4383
34326;43.4664;2.7410
39100;46.8352;5.5279
39147;46.9201;5.9041
43171;45.0667;3.4902
43180;44.7969;3.8872
46002;44.7803;1.6965
46078;44.7803;1.6965
51039;48.7343;4.6063
51082;49.1199;4.8359
51100;48.9023;3.7817
51182;48.5867;3.7574
52011;48.2109;5.1180
52303;47.7591;5.5836
52363;47.9125;5.4592
54386;48.4697;6.4940
55220;48.6841;5.3388
57248;48.9138;6.8634
57272;48.8147;6.7559
62137;50.2805;2.2855
64159;43.5419;-0.2263
65169;42.9460;-0.1636
65293;43.3061;0.3370
66061;42.3859;2.6262
66206;42.4106;2.4745
70050;47.4344;6.0525
70217;47.8637;6.5904
70374;47.3157;5.5958
71163;46.3368;4.5283
81148;44.0807;1.9336
88041;48.1930;6.2184
02623;49.8211;3.9145
03096;46.2575;3.1398
08033;49.4368;4.9590
08073;49.7820;4.2978
08155;49.8443;4.3958
08432;49.7815;4.6589
09186;43.1379;1.3127
09294;43.1552;1.4156
10200;48.2444;4.4801
14223;48.8817;-0.3834
21063;47.7772;4.8663
21457;47.3862;4.3436
21700;47.8294;4.5894
21711;47.8294;4.5894
23043;46.0036;2.0402
24493;45.3309;1.0822
25404;46.9453;6.0897
28336;48.3277;1.2582
2A203;42.3264;8.6720
31122;43.3074;1.0431
38224;44.9382;5.8349
39454;46.8352;5.5279
39575;46.8352;5.5279
46181;44.6554;1.5971
46306;44.6447;1.8144
46323;44.6554;1.5971
48106;44.7971;3.1261
48108;44.7870;3.6351
48191;44.3691;3.2319
51157;48.9023;3.7817
51437;49.2287;3.7632
51491;49.1559;4.5429
52147;47.8592;5.2713
52468;48.2459;5.3811
54248;48.9170;5.8616
55104;48.5183;5.4976
55219;49.1964;5.5975
57050;48.6839;6.9387
57662;48.9250;6.6294
58114;46.8176;3.9556
58135;46.9712;3.7752
59186;50.1606;4.0863
62266;50.2642;2.4781
64451;43.3625;-0.0459
65176;42.9975;-0.2558
65216;43.0347;0.1428
66146;42.5299;1.8824
70320;47.8418;5.8916
70518;47.7821;6.0966
73101;45.6548;6.1758
76454;49.7407;1.4648
76505;49.6189;1.5439
80413;49.9564;3.0737
88286;48.3747;6.2660
88338;48.3562;6.6454
89071;47.5372;3.6418
02606;49.2129;3.3501
02796;49.2129;3.3501
03143;46.6639;2.7066
06061;43.8114;7.1241
08036;49.3052;4.8792
08171;49.3052;4.8792
08421;49.5991;5.2788
10194;48.2425;4.7115
11249;42.9737;2.0269
14469;48.9036;-0.0520
17401;46.0720;-0.5378
19166;45.4272;1.6995
21051;47.2782;4.7991
21182;47.2087;4.9017
21216;47.1178;4.4806
21237;47.6698;4.7496
21524;47.9722;4.6386
21627;47.5309;4.5262
23183;46.0036;2.0402
23184;45.8337;2.3493
25175;47.2221;6.4085
28121;48.1266;1.6821
2A117;41.8575;8.9924
31012;42.9888;0.8129
32077;43.5973;0.2917
32318;43.8484;0.6403
38056;45.3124;5.2834
38258;45.2676;5.6962
46037;44.5040;1.6745
50634;49.5866;-1.3528
52320;48.0703;5.5277
54379;48.5368;5.9113
55087;48.5475;5.3060
55469;49.3482;5.1985
58130;47.2569;3.5250
62129;50.0847;2.8521
62554;50.5511;1.6977
65110;43.3061;0.3370
65328;43.0347;0.1428
70042;47.5606;6.4497
70305;47.4450;5.5835
72018;48.2679;0.2885
80565;49.9961;2.3435
81007;44.0175;1.7816
81169;43.7691;2.0056
88013;48.3247;5.8676
88155;48.3096;6.0977
02577;49.4107;3.5194
02732;49.7791;3.4434
02764;49.3989;3.7382
04099;44.0284;6.5395
08256;49.3760;4.6848
08431;49.3760;4.6848
09018;42.8802;0.9760
09271;43.1248;1.6040
09323;43.0872;1.8537
10302;48.0240;4.1239
11376;42.9167;2.3471
14239;49.3171;-0.9153
14402;48.9036;-0.0520
16398;45.7776;0.5803
17422;45.9763;-0.1892
19168;45.6009;1.9310
21395;47.3846;4.5363
23009;46.2179;2.3902
23125;45.7268;2.2962
2A128;41.5807;8.9394
2B274;42.5324;9.4210
32048;43.4320;0.7374
32466;43.4788;0.4383
40008;44.2728;-0.5446
40013;43.8713;-0.2801
40112;43.7282;-0.8473
43035;45.3022;3.6763
43228;45.3161;3.8663
46244;44.7779;2.0809
51302;48.9640;4.0234
54097;48.4879;6.8972
55100;48.5649;5.6827
55572;49.3427;5.4337
57077;48.7720;6.5879
57182;48.8874;6.4058
61021;48.6167;-0.6190
61271;48.5604;-0.1273
62345;50.2560;2.1258
64195;43.5232;-0.4426
65015;43.3061;0.3370
70230;47.6953;5.8168
73221;45.3260;6.2616
76431;49.5163;1.4814
82118;44.0300;1.1182
89164;47.5245;3.4443
02171;49.3989;3.7382
06139;43.9477;7.0793
07047;44.6411;3.9709
08288;49.6014;4.4510
08382;49.6447;4.2076
10065;48.4952;4.3181
11287;42.9167;2.3471
15217;44.9868;2.1919
16155;45.9098;0.0012
17372;45.4260;-0.4052
19212;45.0884;1.9258
21309;47.8578;4.3858
24378;44.6784;0.8997
25077;47.1647;6.7090
26104;44.3964;5.3871
2B126;42.2097;9.3419
31030;43.0781;0.9595
32270;43.4456;0.9073
36196;46.4603;1.4262
39054;46.8404;5.6855
39085;46.7775;6.0809
39281;46.7557;5.9028
39473;46.5974;5.7779
45180;47.8346;2.6798
46245;44.5788;1.5970
51473;48.7203;3.5315
52287;48.1917;5.6051
54003;48.4267;5.9699
54324;48.4627;6.3431
54601;48.6799;6.5536
62470;50.3763;2.1293
64432;43.0978;-0.8959
65026;43.2892;0.5135
65164;43.0733;-0.0282
65194;43.0399;0.4803
71451;46.2096;4.2438
80098;49.7720;1.9519
80304;49.9092;2.9380
80391;49.7016;2.7754
81135;44.0839;2.0693
81213;43.6943;1.8037
81321;43.4851;2.5226
88307;48.0701;5.8035
88345;48.3052;7.1076
02496;49.1587;3.2319
04012;43.8917;5.6556
05089;44.3940;5.6937
07226;44.9172;4.2859
08453;49.3760;4.6848
10009;47.9930;4.3078
10077;48.5835;4.1609
10180;48.5139;4.5347
10305;48.4916;3.9335
11184;43.2068;1.7939
12019;43.8550;2.6209
14136;49.3177;-1.0550
15093;44.7321;2.4780
15112;44.9549;2.8123
17301;45.9763;-0.1892
21468;47.5438;5.3881
21514;47.6698;4.7496
25117;47.3580;6.2106
2A204;42.1273;8.9508
2A268;41.9757;9.1525
2B105;42.2873;9.2820
2B183;42.7167;9.2642
31014;42.9888;0.8129
31039;43.2381;0.8756
32280;43.3835;0.5907
33295;44.9990;-0.3983
39010;46.4077;5.4533
39222;46.8404;5.6855
45052;47.6666;2.7989
46122;44.9082;1.8494
46196;44.6395;1.4266
51135;48.5970;4.6425
54068;48.4267;5.9699
54427;48.4879;6.8972
55185;48.9706;5.1149
57342;48.6839;6.9387
57399;48.7720;6.5879
58125;47.2109;4.0589
61064;48.6345;0.3346
61238;48.8350;0.0330
64372;43.3625;-0.0459
64392;43.5419;-0.2263
65012;42.9422;0.5471
65260;43.3061;0.3370
65342;43.2779;0.1955
66152;42.7994;2.4550
70468;47.8418;5.8916
71352;46.7475;5.2539
76383;49.7961;0.9697
80157;49.7720;1.9519
80180;49.9553;2.0974
81094;44.0068;2.4100
82133;44.2619;1.7949
88062;48.0701;5.8035
89177;47.5372;3.6418
02634;49.7487;4.1440
02828;49.4239;3.3840
04091;44.0250;5.9227
05112;44.5486;5.8936
08086;49.4368;4.9590
08146;49.6447;4.2076
08169;49.8443;4.3958
08426;49.4891;4.3377
09298;42.6879;1.8646
11309;42.9167;2.3471
11377;42.9167;2.3471
21030;47.1310;4.6746
23044;46.3347;1.8902
24393;44.7571;0.7862
25450;47.0722;5.8982
26126;44.2316;5.5820
26190;44.3687;5.1923
27259;48.9046;1.2730
2A322;41.9757;9.1525
31130;43.1698;0.5481
31437;43.4581;1.5834
31532;43.2618;0.6826
32015;43.4788;0.4383
32363;43.4788;0.4383
33139;44.6539;0.0759
39207;46.5136;5.5833
48153;44.6861;3.4562
51321;49.2287;3.7632
51395;48.7150;3.7134
52131;48.4234;5.3175
52433;48.1917;5.6051
54355;48.8291;6.0399
54398;48.4879;6.8972
54530;48.4267;5.9699
57044;48.7177;6.7895
58013;47.1910;3.3323
58049;47.2943;3.8757
58113;46.9863;3.4452
62838;50.2560;2.1258
65193;42.9422;0.5471
65416;43.0399;0.4803
66092;42.7715;2.6539
80065;50.0227;2.6606
80587;49.9470;1.7540
81123;44.0807;1.9336
88058;48.3247;5.8676
89403;47.7772;4.1587
02146;48.9761;3.5408
02536;49.3519;3.3202
02651;49.6765;3.3923
04159;44.0486;5.6113
08196;49.6014;4.4510
08217;49.8989;4.7905
08238;49.4949;4.5877
08308;49.3760;4.6848
11179;43.0809;2.5915
11424;42.9737;2.0269
15047;45.1198;2.8364
25006;47.2569;6.2911
25163;47.3580;6.2106
25211;47.1244;6.2691
26022;44.2316;5.5820
31133;42.7819;0.5640
31350;43.2618;0.6826
32415;43.4165;0.3221
39070;46.7557;5.9028
39337;46.9334;5.7581
39425;46.9334;5.7581
41236;47.6757;0.9717
46230;44.3819;1.7702
48031;44.7971;3.1261
48192;44.5032;3.1311
51178;48.8713;4.4893
51197;49.1559;4.5429
51373;48.5970;4.6425
54119;48.9170;5.8616
55118;49.3482;5.1985
55141;48.6841;5.3388
55251;49.0265;5.3023
55330;48.6676;5.5894
57141;48.8874;6.4058
57691;49.1842;6.4959
58097;46.8966;3.6310
58183;47.2312;3.7046
61062;48.8350;0.0330
65399;42.8310;0.0357
70316;47.6011;6.1559
71113;46.2096;4.2438
71172;46.8468;4.2035
73311;45.4524;6.1665
80537;50.0939;2.1056
88023;48.3096;6.0977
88052;48.1086;6.0777
88056;48.3096;6.0977
88057;48.3052;7.1076
88255;48.4265;5.6727
88359;48.2228;6.6981
88443;48.3527;5.7500
89081;47.7905;3.7907
02152;49.3180;3.5440
02241;49.2129;3.3501
04120;44.5297;6.7964
04175;43.8917;5.6556
08130;49.3760;4.6848
08184;49.5991;5.2788
08274;49.3052;4.8792
08411;49.4949;4.5877
11006;42.9849;2.7968
11244;42.7658;2.1667
11268;43.1822;1.9666
14550;49.1716;0.0767
19200;45.3827;2.2590
21364;47.6255;4.6155
21384;47.1117;4.9798
21447;47.1178;4.4806
25005;47.4568;6.5762
25338;47.0295;6.0801
25506;47.3580;6.2106
25507;47.0722;5.8982
27395;48.9214;0.4815
2B235;42.5155;9.0055
31207;43.0210;0.6439
31353;43.4033;1.0988
32392;43.5446;0.7384
39178;46.7557;5.9028
39386;46.8404;5.6855
46081;44.5040;1.6745
48110;44.8984;3.3558
50283;49.1779;-1.0095
51533;49.1199;4.8359
52015;47.7591;5.5836
52090;47.7926;5.4347
52091;48.2878;5.0954
52284;48.3636;4.9313
52295;48.0322;5.3092
54013;48.5815;6.7912
54407;48.4908;6.0695
55363;49.0949;5.6529
55377;49.5012;5.1835
55415;48.9104;5.5708
57236;48.8874;6.4058
57328;49.0163;6.5920
57676;48.9946;6.4127
58128;46.9309;3.9665
58190;47.3658;3.6649
58253;47.1123;3.4820
61360;48.5356;0.3516
62593;50.0847;2.8521
65037;43.0681;0.2918
65209;42.8316;0.3859
65277;43.0399;0.4803
65449;43.2122;0.3897
65457;43.3754;0.1573
70072;47.5606;6.4497
70443;47.3157;5.5958
70538;47.4220;5.8319
71017;46.4917;4.4322
80455;49.7720;1.9519
80829;49.7735;2.9160
82143;43.9686;0.8825
88229;48.3527;5.7500
88411;48.1086;6.0777
02538;49.2129;3.3501
02647;49.9674;3.4414
07163;44.4500;4.0742
10135;48.2425;4.7115
10167;48.5835;4.1609
11226;43.2068;1.7939
12179;43.7904;2.9580
14358;49.1716;0.0767
14446;49.1002;-0.5083
18260;46.9512;2.8014
21015;47.1178;4.4806
21044;47.8578;4.3858
24122;44.7520;1.0461
25613;47.4071;6.4928
27042;49.1267;0.4626
31414;43.2381;0.8756
32023;43.8771;0.8048
32161;43.6464;-0.1249
32371;43.8771;0.8048
39045;46.5136;5.5833
39119;46.8352;5.5279
43109;44.8565;3.9343
46146;44.8464;1.9089
51294;49.3054;3.8330
52149;48.3636;4.9313
52169;48.5070;4.9537
52207;47.9125;5.4592
52376;48.4234;5.3175
52473;48.2459;5.3811
54293;48.5376;6.3927
55036;49.5012;5.1835
55089;48.5649;5.6827
55241;49.0265;5.3023
55411;49.0265;5.3023
55552;49.5006;5.3752
57080;48.7784;7.1592
61082;48.6345;0.3346
61420;48.5604;-0.1273
62375;50.1496;2.6216
65052;43.1697;-0.0225
65196;43.3754;0.1573
65420;42.9460;-0.1636
71224;46.5278;4.1929
79055;46.1222;-0.2637
81207;43.7194;2.1291
84021;44.0935;5.3950
89325;47.6325;3.0472
02068;49.7385;3.8042
02442;49.1936;3.5598
06115;43.9759;6.9452
07098;44.7438;4.5654
08446;49.4368;4.9590
09139;42.5955;1.7776
09266;43.0872;1.8537
11239;43.2886;1.8014
11321;42.7658;2.1667
19284;45.6009;1.9310
21204;47.6439;4.3442
21477;47.3349;4.6950
24232;44.6558;1.0771
25017;47.0295;6.0801
25088;47.3580;6.2106
2B149;41.9691;9.3445
31152;43.3503;0.8395
32010;43.3835;0.5907
32069;43.4456;0.9073
32228;43.3835;0.5907
32327;43.5000;0.6080
32375;43.4788;0.4383
33428;44.5793;-0.0315
39267;46.9201;5.9041
40161;44.0397;-0.1242
41266;47.4833;1.3249
43101;44.9168;4.0339
45181;48.2104;2.0603
47245;44.6787;0.2325
47286;44.1901;0.0303
51084;48.7267;4.3040
51127;48.5867;3.7574
51150;49.0294;4.1667
51228;49.1199;4.8359
54140;48.3910;6.0978
54204;48.3910;6.0978
54207;48.3910;6.0978
57247;48.8273;6.5155
58076;47.0705;3.6596
63088;45.4754;3.4445
63399;45.6647;2.5782
65144;43.0733;-0.0282
65354;42.8316;0.3859
65382;42.9422;0.5471
66156;42.7269;2.4294
71037;46.5999;4.6268
71043;46.9192;5.0173
73175;45.5044;6.3048
80264;49.9195;2.7339
81256;43.6740;2.3018
88137;48.3247;5.8676
89012;47.6036;3.9444
02234;49.3989;3.7382
02250;49.3989;3.7382
02265;49.7487;4.1440
02343;49.8123;3.1325
02435;49.8908;4.1075
02817;49.3180;3.5440
06045;43.8681;6.9380
08154;49.8443;4.3958
08455;49.3760;4.6848
09048;42.9967;1.8678
10309;48.0240;4.1239
11314;43.0809;2.5915
12295;43.9484;3.0227
14613;49.2420;-0.9556
15020;45.4133;2.5954
15091;45.2521;2.9288
15098;45.1979;3.1653
15172;44.8209;2.3447
15229;45.0331;3.1188
19159;45.4147;2.0299
21250;47.7772;4.8663
21381;47.3846;4.5363
25244;47.3300;6.8121
25247;47.4071;6.4928
25277;47.4550;6.3461
31123;42.7819;0.5640
32148;43.6252;0.8822
34331;43.4664;2.7410
40174;43.6362;-0.3982
43107;45.2102;3.5526
46104;44.6447;1.8144
50258;49.4818;-1.3480
52039;48.3636;4.9313
52135;47.9435;5.7168
52233;47.9435;5.7168
54554;48.4693;6.2093
55275;49.5012;5.1835
55281;49.0949;5.6529
58029;47.3502;3.3843
58066;47.0872;3.8971
58224;47.3658;3.6649
60237;49.6351;2.3029
60436;49.6351;2.3029
61266;48.5356;0.3516
61374;48.7507;-0.7219
64258;43.0978;-0.8959
64340;43.0978;-0.8959
70397;47.4967;6.2428
70406;47.6195;5.5498
70582;47.6953;5.8168
71128;46.4917;4.4322
73193;45.8305;5.8341
80418;50.0173;2.8821
80742;50.0939;2.1056
81137;43.6113;2.5332
81264;44.0068;2.4100
81268;43.7712;2.5777
88456;48.0701;5.8035
89244;47.5358;4.0960
02169;49.7146;3.5969
02421;49.3180;3.5440
02463;49.8211;3.9145
02654;49.8881;3.6413
08143;49.6447;4.2076
08454;49.6405;4.6369
09252;42.7000;2.0631
10214;48.4952;4.3181
11016;43.0809;2.5915
11112;42.9167;2.3471
14502;48.8817;-0.3834
18283;46.7848;2.1807
19087;45.6009;1.9310
19232;45.5420;2.3448
19283;45.5420;2.3448
21040;47.3846;4.5363
21533;47.2483;4.5245
21549;47.6698;4.7496
23046;46.1329;2.4610
24278;44.7422;0.6032
25261;47.3300;6.8121
26134;44.5517;4.9465
30219;43.9709;3.5790
31010;42.7819;0.5640
32287;43.4320;0.7374
33377;44.8116;0.2092
39363;46.4077;5.4533
39556;46.5974;5.7779
43173;44.8427;3.7908
48065;44.2654;3.6125
48187;44.5867;3.2477
51095;48.7343;4.6063
51578;48.8828;4.0352
52063;48.1917;5.6051
52217;48.1917;5.6051
54085;48.4627;6.3431
54555;48.4610;6.7642
55282;48.8869;5.3410
55446;48.7770;5.1703
55487;48.9104;5.5708
58019;46.8176;3.9556
62079;50.0847;2.8521
62238;50.3777;2.3104
62722;50.2560;2.1258
62778;50.2642;2.4781
63359;45.8787;2.6221
64182;43.4696;-0.1198
65158;42.9422;0.5471
65241;43.0681;0.2918
65463;42.8310;0.0357
66155;42.5209;2.2559
70061;47.7310;6.7268
71115;46.8342;4.6165
80005;50.1625;2.1348
80604;49.7720;1.9519
88045;48.3527;5.7500
88102;48.4265;5.6727
88389;48.3096;6.0977
88511;48.3568;5.5304
89146;47.5102;3.8891
89187;47.7772;4.1587
89375;47.5358;4.0960
89406;47.5358;4.0960
90085;47.7547;6.8332
02055;49.8908;4.1075
02225;49.0973;3.1992
03269;46.4485;2.8463
04186;43.7795;6.0824
05102;44.3940;5.6937
05167;44.3940;5.6937
06160;44.1262;6.8455
08029;49.5991;5.2788
09126;42.8999;1.8267
09136;42.8458;1.5712
09159;42.7096;1.6664
09163;43.1248;1.6040
09196;43.0067;1.4206
10134;48.3775;3.7959
15064;45.1474;2.2664
18061;47.1579;2.8977
21029;47.6439;4.3442
21612;47.4845;4.3373
21696;47.4845;4.3373
23156;45.8337;2.3493
24113;45.2509;1.1449
26040;44.5690;5.5049
26229;44.2694;5.3363
26291;44.7766;5.3514
27404;48.9214;0.4815
31086;43.2381;0.8756
31134;43.2381;0.8756
31333;43.3503;0.8395
32188;43.8484;0.6403
32226;43.4165;0.3221
32238;43.4165;0.3221
32293;43.4788;0.4383
32399;43.7656;0.8346
34228;43.4664;2.7410
39234;46.8352;5.5279
51062;49.1199;4.8359
51222;49.1199;4.8359
51646;49.1199;4.8359
52007;48.3636;4.9313
52495;48.3636;4.9313
52526;47.7672;5.0666
54255;48.4697;6.4940
55373;48.6841;5.3388
55471;49.3482;5.1985
57233;48.6494;6.9955
60271;49.5631;1.8175
60294;49.5564;2.7315
63398;45.4035;3.7092
65050;42.8316;0.3859
65298;43.2779;0.1955
71080;46.5999;4.6268
80134;49.7512;2.1621
80259;49.8459;1.9103
88274;48.3247;5.8676
88478;48.3527;5.7500
89016;47.7772;4.1587
02744;49.0973;3.1992
04043;43.9774;6.7698
07004;44.7438;4.5654
09046;43.0979;1.1426
10355;48.4800;3.5157
10430;48.5835;4.1609
14445;49.1880;-0.8225
15155;45.2521;2.9288
21152;47.2483;4.5245
21430;47.3862;4.3436
21465;47.8294;4.5894
21625;47.2087;4.9017
25264;47.4568;6.5762
2A196;42.1964;8.9277
2B102;42.5324;9.4210
2B159;42.9200;9.4368
2B219;42.3753;9.3733
31226;43.2026;1.2352
31415;43.2381;0.8756
32186;43.5000;0.6080
36098;46.9136;1.9462
38469;44.8108;5.9229
50373;49.3873;-1.2723
52254;48.2049;4.9479
52286;48.2459;5.3811
52506;48.2049;4.9479
52548;48.2109;5.1180
54219;48.6421;6.3587
55374;48.6841;5.3388
55537;49.1964;5.5975
57478;48.9138;6.8634
57719;48.9250;6.6294
58240;47.1123;3.4820
61080;48.5604;-0.1273
61122;48.8022;0.3150
62822;50.2560;2.1258
63064;45.8124;2.4721
64153;43.5419;-0.2263
64401;43.5419;-0.2263
64412;43.3303;-0.7874
65414;43.3754;0.1573
65419;43.2122;0.3897
66159;42.5769;2.0852
70502;47.6953;5.8168
71504;46.9192;5.0173
81234;44.0175;1.7816
84125;44.0935;5.3950
88254;48.3096;6.0977
91075;48.3976;2.1970
02088;49.4878;3.6830
02354;49.7487;4.1440
02542;49.5817;3.1917
02578;49.3989;3.7382
02582;49.3989;3.7382
02747;49.8944;3.1649
04037;44.3410;6.1165
08102;49.6447;4.2076
08269;49.5991;5.2788
08502;49.5754;5.0575
09027;42.8802;0.9760
09250;42.8999;1.8267
10146;48.3522;3.6264
11208;43.2886;1.8014
15180;44.9796;2.6572
16389;46.0027;0.4178
19017;45.0199;1.9969
19108;45.6718;2.4307
19281;45.5243;1.7835
21036;47.1310;4.6746
21494;47.4842;4.8055
28067;48.3277;1.2582
2A022;42.0685;8.8121
2B025;42.5549;8.9182
2B180;42.6078;9.0461
30289;43.9496;3.9906
31200;43.0210;0.6439
31279;43.2026;1.2352
31408;43.0210;0.6439
32324;43.4788;0.4383
39091;46.5873;5.9433
39139;46.9509;5.4123
40166;43.7783;-0.3566
41196;48.0175;1.0585
45105;47.9535;2.6969
50271;48.7536;-1.0774
50578;49.4818;-1.3480
51083;49.1199;4.8359
51241;48.7312;3.9593
51608;48.9240;4.8314
52127;48.0703;5.5277
54058;49.1534;5.8474
55004;49.3482;5.1985
55021;48.9934;5.7278
55485;48.5649;5.6827
57112;49.1842;6.4959
57401;48.9250;6.6294
60571;49.5631;1.8175
61291;48.8350;0.0330
61450;48.4242;0.4397
63433;45.7561;2.6014
63436;45.8787;2.6221
64394;43.4696;-0.1198
65466;42.8316;0.3859
70013;47.9305;6.1007
70453;47.8637;6.5904
71280;46.6999;3.9452
71505;46.5999;4.6268
71539;46.8944;4.5385
72102;48.1973;0.4291
72148;48.1973;0.4291
77532;48.5897;3.2433
80081;49.9484;1.9286
80125;49.6644;2.5930
80203;50.0734;2.5120
80707;49.9470;1.7540
81071;44.0068;2.4100
88283;48.1820;5.8074
88398;48.2228;6.6981
88473;48.0701;5.8035
89300;47.5358;4.0960
02012;49.3519;3.3202
02522;49.7487;4.1440
04164;44.0613;5.7944
05159;44.2953;5.8168
08018;49.3760;4.6848
08398;49.4949;4.5877
09013;42.9515;1.5808
10168;48.0240;4.1239
11348;43.1822;1.9666
15065;44.8098;2.9880
16394;45.4895;0.2971
19139;45.6739;2.1411
21011;47.6255;4.6155
21161;47.8294;4.5894
21207;47.6313;4.9775
21479;47.4842;4.8055
21593;47.1707;4.3011
23051;46.0034;1.8712
24131;45.5369;0.6442
25046;47.2515;6.6619
25052;47.2221;6.4085
25104;47.0722;5.8982
25504;47.2515;6.6619
2A014;42.0685;8.8121
31367;43.2049;1.0659
31392;43.5298;1.7752
32355;43.4165;0.3221
33419;44.6952;-0.0877
38329;44.8108;5.9229
39249;47.0181;5.6398
39372;46.7775;6.0809
40193;43.8713;-0.2801
50026;49.4818;-1.3480
51451;48.7150;3.7134
52051;47.7591;5.5836
52142;48.2459;5.3811
52354;47.7926;5.4347
55133;48.5475;5.3060
55535;49.3404;5.6285
55549;49.2425;5.1020
57138;48.9946;6.4127
58119;46.9863;3.4452
64464;43.5419;-0.2263
64486;43.5419;-0.2263
65114;43.3754;0.1573
65405;43.0681;0.2918
65461;43.3061;0.3370
70124;47.4450;5.5835
71151;46.8944;4.5385
71363;46.5999;4.6268
71563;46.5999;4.6268
80059;50.0227;2.6606
80336;49.9470;1.7540
80646;49.8237;2.8249
80705;50.0734;2.5120
80783;49.9470;1.7540
81265;44.0175;1.7816
88036;48.3527;5.7500
88042;48.3562;6.6454
88103;48.1930;6.2184
89394;47.6119;3.7459
01023;46.3546;4.8887
02015;49.2731;3.1234
02229;49.5127;3.8334
02604;49.7351;3.1703
05160;44.2953;5.8168
07081;44.5252;4.1455
08307;49.6447;4.2076
08310;49.3052;4.8792
11139;43.1188;2.0667
11218;43.2886;1.8014
15024;45.1474;2.2664
21243;47.1310;4.6746
21451;47.8578;4.3858
24114;45.2430;0.3402
24492;44.7422;0.6032
24517;44.7520;1.0461
25090;47.0722;5.8982
25342;47.1118;6.4343
2B101;42.4263;9.3596
30044;44.3724;3.9922
31294;42.9888;0.8129
31434;42.7819;0.5640
32049;43.7608;-0.0566
32430;43.3835;0.5907
39052;46.5873;5.9433
39191;46.8352;5.5279
50021;49.3873;-1.2723
52019;48.3636;4.9313
57048;49.1842;6.4959
60529;49.4052;2.4292
61396;48.5537;0.4662
65089;42.8310;0.0357
67199;48.9453;7.0590
70462;47.5606;6.4497
70476;47.9305;6.1007
70527;47.4220;5.8319
70540;47.4220;5.8319
70549;47.5460;5.8613
80053;49.7016;2.7754
80258;49.9564;3.0737
80819;50.0646;2.2246
83040;43.7380;6.5295
88138;48.1086;6.0777
88227;48.3527;5.7500
89329;47.8808;4.1035
01309;46.2067;5.3861
08464;49.3052;4.8792
09179;43.0413;1.6293
11155;42.9167;2.3471
14285;49.1716;0.0767
14348;49.1830;-0.6348
15126;45.1979;3.1653
17437;45.5624;-0.8253
18196;46.8298;2.8972
18244;46.9675;2.1484
18264;47.4318;2.6580
21491;47.5246;5.0664
21516;47.6439;4.3442
25384;47.4550;6.3461
25590;47.2569;6.2911
25630;47.1244;6.2691
26046;44.3687;5.1923
2A100;42.2752;8.8286
32178;43.8622;0.3912
36080;47.0115;1.4103
39507;46.9509;5.4123
40189;43.6285;-0.5937
43075;45.2102;3.5526
43094;45.0667;3.4902
43155;45.0667;3.4902
50621;49.4818;-1.3480
51190;49.0992;3.8671
52025;48.0703;5.5277
54325;48.4627;6.3431
55080;48.5649;5.6827
55565;49.0949;5.6529
61120;48.8350;0.0330
62433;50.3777;2.3104
64544;43.3830;-0.2320
66183;42.4917;2.6343
66216;42.7994;2.4550
71478;46.6127;4.2171
80487;49.9564;3.0737
88199;48.0701;5.8035
89249;48.0403;3.6306
02021;49.7487;4.1440
04051;44.2004;5.9040
04054;43.9535;6.2318
08244;49.4949;4.5877
08304;49.9975;4.7285
09007;43.0067;1.4206
09098;43.0979;1.1426
11278;43.2068;1.7939
17049;46.0200;-0.3370
19244;45.5327;2.1256
21140;47.1178;4.4806
21283;47.6313;4.9775
21314;47.5309;4.5262
21321;47.5309;4.5262
24533;45.1753;0.1894
25166;47.2569;6.2911
25183;47.3534;6.3679
26050;44.3687;5.1923
26214;44.5751;5.1690
31591;43.0781;0.9595
32140;43.4456;0.9073
38550;45.1681;6.0657
39282;46.7775;6.0809
39322;46.5974;5.7779
39376;46.7557;5.9028
39461;46.7775;6.0809
40148;43.6362;-0.3982
47192;44.5381;0.6045
48041;44.6949;3.7984
51211;49.1199;4.8359
52124;47.9435;5.7168
52330;48.2049;4.9479
54019;48.9170;5.8616
54183;48.4697;6.4940
54471;48.4627;6.3431
55269;48.8869;5.3410
57004;48.9250;6.6294
62242;50.1492;2.4713
62253;50.2103;2.5395
63097;45.5536;3.0871
64044;43.5232;-0.4426
65272;43.1910;0.2471
65438;43.3759;0.0367
65448;43.3061;0.3370
66151;42.7269;2.4294
81154;44.0807;1.9336
01456;45.8544;5.7656
02272;49.2129;3.3501
02809;49.1936;3.5598
05080;44.5715;5.7130
05131;44.5486;5.8936
08134;49.4949;4.5877
08390;49.3760;4.6848
11283;43.2068;1.7939
11326;42.8797;2.6652
21252;47.6439;4.3442
21403;47.1707;4.3011
21489;47.4842;4.8055
22129;48.5217;-3.4078
22139;48.3587;-3.1633
24111;45.5369;0.6442
25066;47.4568;6.5762
25289;47.2225;6.5213
26105;44.3964;5.3871
27530;48.9214;0.4815
2A021;41.7771;8.9514
2A094;41.8822;9.0714
31292;43.2049;1.0659
31295;43.2618;0.6826
31593;43.3503;0.8395
32002;43.6691;0.7626
32086;43.4165;0.3221
32250;43.4320;0.7374
32447;43.5446;0.7384
34168;43.5358;3.3103
36079;46.9845;1.6365
46210;44.5788;1.5970
46250;44.6155;1.1969
48044;44.7971;3.1261
51057;48.9240;4.8314
52173;48.3296;5.2577
52372;48.1917;5.6051
52403;47.7672;5.0666
52476;48.1917;5.6051
54017;48.4879;6.8972
55057;49.1964;5.5975
55303;48.9104;5.5708
55353;48.9104;5.5708
57558;48.8273;6.5155
61416;48.6345;0.3346
61488;48.7988;0.4886
64222;43.0978;-0.8959
64408;43.5419;-0.2263
65453;42.9422;0.5471
68293;47.6466;7.1067
70053;47.5460;5.8613
70065;47.4967;6.2428
70086;47.8418;5.8916
71179;46.6127;4.2171
71381;46.4607;4.6276
72238;48.3843;0.2877
72372;48.3843;0.2877
76335;49.6904;1.0289
80174;49.6644;2.5930
80378;50.0173;2.8821
80575;49.9470;1.7540
81095;44.0807;1.9336
88370;48.1930;6.2184
88532;48.3420;6.4424
89032;47.3918;3.9929
89039;47.8602;3.9618
89385;47.7772;4.1587
02530;49.3989;3.7382
02729;49.2731;3.1234
04170;43.9759;6.9452
08466;49.5754;5.0575
09011;42.8802;0.9760
14412;49.0067;-0.6820
17178;45.5824;-0.6940
21588;47.1310;4.6746
25092;47.3580;6.2106
25093;47.4568;6.5762
25528;47.0722;5.8982
25589;47.2515;6.6619
26015;44.6445;5.2635
2A129;41.5807;8.9394
2A310;41.7089;8.9963
2B176;42.3753;9.3733
31236;42.9888;0.8129
32409;43.3835;0.5907
33133;44.8028;0.0747
34100;43.4354;2.8976
36020;46.4191;1.2743
38132;44.8108;5.9229
46246;44.7803;1.6965
51260;48.8713;4.4893
51296;48.7267;4.3040
51420;48.7343;4.6063
51495;48.7150;3.7134
52256;48.2459;5.3811
52275;47.9981;5.5171
54030;48.5815;6.7912
54164;48.4267;5.9699
54220;48.4267;5.9699
55163;49.0949;5.6529
55350;48.5649;5.6827
55525;49.0265;5.3023
61190;48.7674;0.1431
63452;45.5536;3.0871
64223;42.9480;-0.5969
64242;43.3303;-0.7874
65326;43.2779;0.1955
65472;43.5049;0.0069
66120;42.3896;2.0137
76519;49.7961;0.9697
76635;49.8397;1.4111
80728;49.7720;1.9519
81111;44.0807;1.9336
88117;48.3247;5.8676
88215;48.3912;7.0206
88492;48.1335;7.0099
02678;49.6857;4.0229
08082;49.3760;4.6848
08100;49.8443;4.3958
08484;49.3635;4.4330
09141;42.8802;0.9760
11107;42.9737;2.0269
14023;49.3171;-0.9153
14343;48.8817;-0.3834
21046;47.1707;4.3011
21121;47.3349;4.6950
23037;46.0141;2.4803
23122;45.9354;1.7259
24057;45.3702;0.3694
26013;44.3687;5.1923
26051;44.5751;5.1690
26186;44.5690;5.5049
27369;49.4119;1.5125
27459;49.1267;0.4626
2B177;42.1616;9.2735
30238;43.9871;3.7147
31243;43.4596;1.8786
32008;43.5314;0.1696
32021;43.7656;0.8346
38112;45.0896;6.1682
39046;46.3646;5.9449
39133;46.9201;5.9041
39192;46.5974;5.7779
39247;46.3647;5.5594
46212;44.5040;1.6745
51539;48.7580;4.8347
52027;47.6848;5.2877
52366;47.8592;5.2713
54452;48.5815;6.7912
55216;49.3404;5.6285
55331;48.6676;5.5894
55339;49.1964;5.5975
55376;48.6841;5.3388
55575;48.5183;5.4976
58283;47.2569;3.5250
62547;50.4710;1.7675
64267;43.3051;-1.0548
64532;43.5419;-0.2263
65018;42.9975;-0.2558
65135;43.0681;0.2918
65170;43.3061;0.3370
65275;43.0347;0.1428
65355;43.0733;-0.0282
70186;47.6868;6.3022
84048;43.9044;5.4340
01279;45.9329;5.4692
02036;49.3180;3.5440
02252;49.3989;3.7382
04007;44.0284;6.5395
08106;50.1134;4.8201
08167;49.7820;4.2978
08246;49.4368;4.9590
08273;49.8443;4.3958
08301;49.5311;4.8217
10380;48.5835;4.1609
11017;42.7658;2.1667
11235;43.0020;2.3297
14652;49.3773;-1.0191
19064;45.6718;2.4307
21047;47.4940;4.1911
21075;47.6255;4.6155
21244;47.2483;4.5245
21365;47.4845;4.3373
24403;45.4528;0.4957
26026;44.1743;5.4665
28009;48.4174;1.7878
2B275;42.2873;9.2820
32099;43.5314;0.1696
32144;43.5314;0.1696
32218;43.6945;0.1109
32337;43.7787;0.6218
39230;46.5974;5.7779
46338;44.7779;2.0809
48138;44.5867;3.2477
50246;49.3873;-1.2723
51273;48.8828;4.0352
52065;48.3636;4.9313
52161;48.0703;5.5277
52201;48.3636;4.9313
52298;47.7591;5.5836
52397;47.9125;5.4592
52439;47.7672;5.0666
52445;47.6848;5.2877
55421;48.6676;5.5894
55430;48.5475;5.3060
55563;49.3427;5.4337
57353;48.7720;6.5879
58108;47.2943;3.8757
58133;47.2312;3.7046
60437;49.3234;2.3236
61502;48.4242;0.4397
63153;45.4132;2.8124
65090;43.2892;0.5135
65190;43.0307;0.3876
65378;43.1910;0.2471
70027;47.6195;5.5498
70211;47.6195;5.5498
88001;48.1930;6.2184
88214;48.0072;6.2536
88287;48.0701;5.8035
88336;48.3247;5.8676
88501;48.3912;7.0206
91145;48.4944;1.9962
01162;45.8544;5.7656
02206;49.8881;3.6413
02516;49.7385;3.8042
02696;49.5127;3.8334
08278;49.5311;4.8217
10128;48.5139;4.5347
11127;42.7658;2.1667
11149;43.3333;1.9782
14512;48.8604;-0.5389
15043;45.1979;3.1653
15199;44.8098;2.9880
17276;45.2421;-0.2906
21372;47.8294;4.5894
21438;47.7772;4.8663
21693;47.8578;4.3858
23224;45.7268;2.2962
26303;44.2694;5.3363
2B110;42.2873;9.2820
31217;43.0210;0.6439
32454;43.5446;0.7384
34236;43.7838;3.6963
36075;47.0676;1.7967
38361;44.9382;5.8349
39495;46.9201;5.9041
39518;46.5974;5.7779
43082;45.0667;3.4902
50221;48.9112;-1.3215
52089;47.9125;5.4592
52133;48.2459;5.3811
54228;48.4697;6.4940
54388;48.6799;6.5536
55475;48.6676;5.5894
55515;49.0949;5.6529
57417;48.9138;6.8634
60161;49.6179;2.0953
60555;49.6351;2.3029
61018;48.9095;0.3567
62301;50.4735;2.2572
62565;50.5025;2.1152
62577;50.2805;2.2855
63101;46.0971;2.6628
64542;42.9480;-0.5969
66234;42.7269;2.4294
70003;47.5819;5.6836
70302;47.3157;5.5958
70449;47.4967;6.2428
71322;46.9860;4.4924
88249;48.3527;5.7500
88436;48.3912;7.0206
02523;49.3180;3.5440
02823;49.8211;3.9145
07120;44.7657;4.3521
08147;49.3635;4.4330
08204;49.4949;4.5877
08394;49.4368;4.9590
09078;42.7000;2.0631
09201;42.9619;1.1680
10154;48.4800;3.5157
10398;48.4952;4.3181
11248;43.2183;2.4917
11373;42.7658;2.1667
15075;45.0470;2.4009
15077;44.9549;2.8123
15218;45.1902;2.5323
21444;47.8294;4.5894
27098;49.3313;1.5942
2A060;42.0685;8.8121
2B263;42.1616;9.2735
31204;43.3074;1.0431
31428;43.3074;1.0431
32294;43.7476;0.2632
32314;44.0062;0.7584
32366;43.7656;0.8346
32423;43.7476;0.2632
39393;46.7775;6.0809
39394;46.5136;5.5833
39529;46.9201;5.9041
43263;44.8565;3.9343
50351;49.1141;-0.9656
50357;48.9224;-1.1680
50368;49.2025;-1.3920
50495;48.7246;-1.1858
51012;49.0741;3.7149
51053;49.1199;4.8359
51520;48.5970;4.6425
51543;49.1199;4.8359
52185;47.9435;5.7168
52200;47.7675;5.2477
52285;47.6848;5.2877
52337;48.4234;5.3175
52369;48.2459;5.3811
54552;48.4908;6.0695
55212;48.7757;5.6142
55284;48.6392;5.0939
55371;48.6841;5.3388
58014;47.1910;3.3323
58230;47.3658;3.6649
61399;48.8350;0.0330
63134;45.4504;3.1969
65476;43.3759;0.0367
71344;46.4917;4.4322
72233;48.2679;0.2885
80057;50.0734;2.5120
80504;49.7189;2.3729
88350;48.3247;5.8676
08123;49.4949;4.5877
08131;49.3052;4.8792
08268;49.6051;4.9263
08280;49.3760;4.6848
11319;43.3946;2.3872
12180;44.1810;3.2526
15139;44.9549;2.8123
21626;47.7772;4.8663
24121;45.2285;0.9647
26048;44.2694;5.3363
2B075;42.1586;9.4398
31470;42.7819;0.5640
31531;43.2618;0.6826
42164;45.7003;3.8911
52067;48.1917;5.6051
52264;47.9435;5.7168
52278;48.2049;4.9479
54050;48.6799;6.5536
54057;48.9170;5.8616
54107;48.5815;6.7912
54170;48.4627;6.3431
54419;48.5581;6.9851
54461;48.5376;6.3927
55320;49.0949;5.6529
57130;48.9250;6.6294
61159;48.6345;0.3346
65096;43.0681;0.2918
65358;43.2892;0.5135
65411;42.8310;0.0357
70360;47.9305;6.1007
70398;47.7890;6.3571
71335;46.3132;4.2805
72057;48.0902;0.7636
80014;49.9564;3.0737
80035;49.7772;2.5059
80217;50.0734;2.5120
80361;49.9470;1.7540
88404;48.0701;5.8035
89002;47.7905;3.7907
02556;49.6857;4.0229
08335;49.6405;4.6369
10364;48.0605;4.6033
11166;43.2886;1.8014
11419;43.2068;1.7939
17478;45.9763;-0.1892
25185;47.0722;5.8982
25327;47.4568;6.5762
25441;47.2221;6.4085
26369;44.3964;5.3871
27556;48.9214;0.4815
30353;43.9505;3.4632
32284;43.4456;0.9073
32441;43.7656;0.8346
39175;46.4404;5.7191
51089;49.2287;3.7632
51166;48.9240;4.8314
51364;49.2281;3.8969
51438;48.9905;4.5616
52266;48.4590;4.7836
52316;48.4375;5.1425
52350;47.9435;5.7168
54180;48.7450;6.3640
54447;48.5815;6.7912
57759;48.9250;6.6294
60061;49.5564;2.7315
62157;50.4534;1.9387
65141;42.8316;0.3859
65232;43.2779;0.1955
66154;42.5769;2.0852
70049;47.8418;5.8916
70293;47.8418;5.8916
70329;47.6953;5.8168
70569;47.6868;6.3022
71458;46.5999;4.6268
82070;43.8709;0.9947
84006;43.9044;5.4340
86122;46.5477;0.6875
88272;48.0079;5.9568
95144;49.0403;2.4573
02690;49.6393;3.8348
04180;43.9662;6.3676
06107;43.8681;6.9380
06133;44.1262;6.8455
07200;44.7183;4.1770
07283;44.5767;4.6363
08205;49.6405;4.6369
10205;48.2444;4.4801
14043;48.9036;-0.0520
14742;48.9808;-0.0400
17096;45.3143;-0.4056
21078;47.8578;4.3858
21311;47.0296;5.1327
21539;47.3349;4.6950
23152;46.1028;2.2260
24542;44.6784;0.8997
25379;47.0722;5.8982
27441;49.1944;0.7092
32257;43.6571;0.4307
36132;46.4858;2.0825
39155;46.9201;5.9041
43060;45.0667;3.4902
46116;44.5163;1.8295
47304;44.4962;0.1739
54241;48.3910;6.0978
57002;48.8874;6.4058
57692;48.9250;6.6294
58136;47.1123;3.4820
58153;47.2312;3.7046
61259;48.7128;0.5659
61493;48.8022;0.3150
62833;50.2805;2.2855
65323;43.0399;0.4803
65475;43.2892;0.5135
70273;47.5606;6.4497
71036;46.5999;4.6268
76371;49.9057;1.3140
80491;50.1635;2.3412
81122;44.0068;2.4100
88002;48.3096;6.0977
88474;48.3527;5.7500
88522;48.3096;6.0977
89377;47.5358;4.0960
02588;49.3989;3.7382
07175;44.6411;3.9709
09092;42.8458;1.5712
10303;48.4013;4.5341
10424;48.5139;4.5347
10432;48.0240;4.1239
11065;42.9167;2.3471
11180;43.3946;2.3872
11412;43.0020;2.3297
14510;48.8817;-0.3834
16364;45.7776;0.5803
18007;46.9399;2.9688
18250;46.8351;2.3602
21184;47.1310;4.6746
21234;47.3349;4.6950
21257;47.6255;4.6155
25106;47.1021;6.0839
26350;44.5059;5.1219
2A253;41.9027;9.0065
2A363;41.6786;9.0599
31201;43.3503;0.8395
31378;43.2618;0.6826
31522;43.3503;0.8395
32251;43.7494;0.4911
32276;43.4456;0.9073
38217;44.9382;5.8349
38521;44.9382;5.8349
39174;46.4120;5.8706
51174;48.9023;3.7817
52223;47.7591;5.5836
52428;48.2459;5.3811
54246;48.5815;6.7912
54487;48.4627;6.3431
55323;49.5012;5.1835
57423;48.8273;6.5155
60397;49.6664;1.9467
61481;48.6345;0.3346
62208;50.2805;2.2855
64045;43.3051;-1.0548
64107;43.1182;-1.1799
64185;42.9480;-0.5969
65060;43.0347;0.1428
70164;47.6868;6.3022
70350;47.6953;5.8168
71188;46.9860;4.4924
77452;48.4788;3.1219
80015;49.9092;2.9380
81015;43.5606;2.0205
88025;48.4265;5.6727
88264;48.1930;6.2184
88433;48.3096;6.0977
89371;47.6930;4.0014
89409;47.4457;3.7642
02349;49.5127;3.8334
02428;49.0973;3.1992
04067;44.2004;5.9040
05135;44.3940;5.6937
06063;43.8467;6.7554
08052;49.4368;4.9590
08066;49.3635;4.4330
08315;49.7134;4.4617
08393;49.3635;4.4330
09025;42.8802;0.9760
14448;49.1716;0.0767
15256;45.2521;2.9288
17423;45.3705;-0.5998
18251;47.1579;2.8977
19103;45.6718;2.4307
19210;45.3827;2.2590
21025;47.6439;4.3442
21705;47.4530;4.6783
25221;47.3534;6.3679
25596;47.2221;6.4085
27341;48.7688;1.0544
27434;49.2341;0.5256
2A285;41.7504;9.1157
2A331;41.8617;8.8885
2B045;42.2873;9.2820
2B264;42.3740;9.2702
31072;43.3503;0.8395
32151;43.6464;-0.1249
32420;43.4456;0.9073
34338;43.6139;3.3803
39110;46.8352;5.5279
39314;46.5136;5.5833
39511;46.8352;5.5279
43225;44.9274;3.6300
46269;44.7779;2.0809
48048;44.6949;3.7984
51426;48.7150;3.7134
52053;48.2049;4.9479
54422;48.4610;6.7642
55174;49.2425;5.1020
55313;49.2425;5.1020
58141;47.2109;4.0589
63447;46.0971;2.6628
66054;42.6388;2.3541
70395;47.5606;6.4497
76168;49.7971;1.1220
80219;49.7512;2.1621
80449;49.9016;2.5356
82006;43.8709;0.9947
88278;48.3247;5.8676
02117;49.7351;3.1703
02244;49.8881;3.6413
02449;49.1587;3.2319
03295;46.2107;3.0200
04040;44.1606;6.1311
08023;49.5311;4.8217
08128;49.3052;4.8792
08165;49.6014;4.4510
08259;49.3760;4.6848
08351;49.3760;4.6848
10378;48.2425;4.7115
11174;43.3946;2.3872
19137;45.3545;1.8910
19219;45.3827;2.2590
21061;47.6698;4.7496
21224;47.3846;4.5363
2A066;41.7320;9.0414
2B301;42.6512;9.2057
31121;43.2618;0.6826
31131;42.9888;0.8129
31322;43.3503;0.8395
31343;43.3503;0.8395
32367;43.5973;0.2917
32468;43.3835;0.5907
39427;46.7775;6.0809
43064;45.3510;3.5299
45138;47.6666;2.7989
51191;49.1199;4.8359
51223;48.5970;4.6425
52228;47.7926;5.4347
52319;48.0703;5.5277
52424;47.7926;5.4347
54092;48.3910;6.0978
54106;48.6799;6.5536
54551;48.6799;6.5536
55201;49.1964;5.5975
55409;48.9706;5.1149
55420;49.0265;5.3023
58137;46.8005;3.4767
58203;47.1910;3.3323
62682;50.5712;1.9180
64098;43.4696;-0.1198
64357;43.4696;-0.1198
65300;43.0347;0.1428
66001;42.4667;2.8308
78264;48.7796;1.7946
80108;50.1635;2.3412
88066;48.3096;6.0977
02150;49.4878;3.6830
02501;49.4878;3.6830
07195;44.9172;4.2859
07206;44.6411;3.9709
08176;49.4368;4.9590
11038;42.7658;2.1667
11331;43.1822;1.9666
19065;45.6718;2.4307
19228;45.3827;2.2590
21014;47.1310;4.6746
21463;47.3862;4.3436
27141;48.9728;0.9211
31103;43.2026;1.2352
31431;42.9888;0.8129
31539;43.1698;0.5481
32034;43.4165;0.3221
32217;43.5314;0.1696
32317;43.5314;0.1696
36203;46.9625;1.1800
39268;46.9201;5.9041
39538;46.5974;5.7779
41191;47.8058;1.4353
41284;47.8185;1.2816
42146;45.4185;4.0729
50234;48.9224;-1.1680
51133;48.9240;4.8314
51143;49.1199;4.8359
51475;48.5970;4.6425
51498;49.1199;4.8359
51652;48.5867;3.7574
52483;47.9435;5.7168
52513;47.7591;5.5836
52539;47.7926;5.4347
54209;48.4697;6.4940
55054;48.9104;5.5708
55081;48.9706;5.1149
55375;49.2425;5.1020
57473;48.7177;6.7895
60056;49.3126;2.6006
61264;48.7021;0.2619
63087;45.3816;3.0506
63337;45.5727;3.6189
66022;42.6444;2.5994
70297;47.6195;5.5498
70412;47.8605;6.2465
70515;47.6775;6.5035
72164;48.3895;0.1686
79023;46.3758;-0.0928
80048;49.9470;1.7540
81223;43.4851;2.5226
88382;48.3096;6.0977
89374;47.7772;4.1587
02038;49.7487;4.1440
02043;49.4211;3.1801
02193;49.1936;3.5598
02633;49.3180;3.5440
06040;44.1262;6.8455
08470;49.4368;4.9590
10252;48.2444;4.4801
10366;48.2425;4.7115
11305;42.9849;2.7968
21165;47.8294;4.5894
21460;47.8294;4.5894
21664;47.8578;4.3858
24060;44.8500;0.7304
2A258;42.1659;8.8237
2B178;42.7167;9.2642
2B226;42.2097;9.3419
33372;44.7424;0.0684
34156;43.6139;3.3803
39419;46.7557;5.9028
43247;45.3173;3.1625
48020;44.2654;3.6125
48151;44.6437;3.6805
50156;49.3768;-1.4173
51226;48.7312;3.9593
51594;48.7267;4.3040
52038;48.0703;5.5277
52168;48.0490;4.8864
52352;48.0322;5.3092
52390;47.7591;5.5836
52416;47.9981;5.5171
52486;47.9325;5.0414
54356;48.4697;6.4940
54531;48.4267;5.9699
55260;49.1165;5.1112
57753;48.8273;6.5155
61398;48.6345;0.3346
62357;50.3763;2.1293
62590;50.3777;2.3104
63122;45.5536;3.0871
65139;42.9422;0.5471
66091;42.4106;2.4745
70071;47.8637;6.5904
70420;47.5606;6.4497
95387;49.1548;2.0860
02204;49.7487;4.1440
02214;49.8079;3.2409
02547;49.7385;3.8042
04235;44.3210;6.3290
06124;43.9759;6.9452
08182;49.7820;4.2978
08251;49.8122;4.5255
08279;49.3760;4.6848
09230;42.7000;2.0631
10285;48.4013;4.5341
10405;48.4952;4.3181
11019;42.7658;2.1667
11073;42.9167;2.3471
14224;49.3177;-1.0550
18078;46.8351;2.3602
21396;47.6698;4.7496
21484;47.6439;4.3442
21583;46.9890;4.6164
24279;44.7422;0.6032
25283;47.0722;5.8982
25312;47.3534;6.3679
25443;47.0722;5.8982
26128;44.7390;5.0687
2A259;42.1273;8.9508
2B051;42.3740;9.2702
2B122;42.4948;9.1656
31359;43.4033;1.0988
31440;43.1506;0.9020
32303;43.5314;0.1696
36216;47.0115;1.4103
39002;46.9334;5.7581
48071;44.6612;3.0621
51233;48.7203;3.5315
52138;47.7672;5.0666
52198;48.5070;4.9537
52487;48.4590;4.7836
52523;48.2459;5.3811
54446;48.6799;6.5536
55211;49.1964;5.5975
55257;49.1165;5.1112
57278;48.9138;6.8634
59420;50.0748;4.1381
65288;43.3061;0.3370
65356;43.0681;0.2918
66122;42.6388;2.3541
70099;47.5819;5.6836
70394;47.4450;5.5835
70430;47.6953;5.8168
71461;46.5999;4.6268
72123;47.7963;-0.0561
81009;44.0807;1.9336
88144;48.3096;6.0977
89183;47.6930;4.0014
89211;47.8602;3.9618
89299;47.8818;4.2163
89431;47.5358;4.0960
02396;49.3989;3.7382
02583;49.4878;3.6830
04030;43.9662;6.3676
04085;44.3410;6.1165
09151;43.1552;1.4156
09154;43.0067;1.4206
10085;48.3522;3.6264
11029;43.0020;2.3297
14511;48.8545;-1.0274
15249;45.1902;2.5323
21084;47.4530;4.6783
21392;47.2483;4.5245
25044;47.0722;5.8982
25249;47.3534;6.3679
25355;47.2569;6.2911
31115;43.3503;0.8395
32403;43.6945;0.1109
34091;43.8418;3.4169
34278;43.8418;3.4169
39055;46.7775;6.0809
39060;46.8352;5.5279
48182;44.6437;3.6805
51110;48.8828;4.0352
51602;48.7343;4.6063
52016;47.7672;5.0666
52160;48.3636;4.9313
54470;48.9170;5.8616
55172;49.0949;5.6529
55395;49.0265;5.3023
55403;49.3427;5.4337
55452;48.6841;5.3388
57664;48.8147;6.7559
58070;47.1910;3.3323
61363;48.6466;0.5032
63351;45.7561;2.6014
65091;43.0681;0.2918
65428;42.9460;-0.1636
66018;42.4917;2.6343
66032;42.4988;2.7159
70140;47.6868;6.3022
80189;49.7016;2.7754
88003;48.1820;5.8074
07018;44.6740;4.1122
08407;49.3052;4.8792
09001;43.0067;1.4206
09171;42.7696;1.7664
09216;43.0067;1.4206
10403;48.2425;4.7115
11213;42.9592;2.5450
11232;43.3946;2.3872
15032;45.1979;3.1653
16112;45.2720;0.0511
21066;47.1310;4.6746
21660;47.1310;4.6746
25436;47.3147;6.5585
26067;44.5105;5.3781
2B161;42.1586;9.4398
31132;42.8954;0.7228
31235;42.8954;0.7228
31479;43.2618;0.6826
39298;46.7775;6.0809
43116;45.3510;3.5299
43242;45.0667;3.4902
51336;49.1199;4.8359
51412;48.7312;3.9593
51458;48.7150;3.7134
52204;48.2459;5.3811
52291;48.0703;5.5277
52502;48.5070;4.9537
54185;48.4908;6.0695
55322;48.6676;5.5894
55453;49.0265;5.3023
58308;47.3658;3.6649
61381;48.4945;0.5865
62607;50.3777;2.3104
63429;45.4504;3.1969
65217;43.0399;0.4803
66076;42.7269;2.4294
70574;47.5819;5.6836
71068;46.5999;4.6268
80169;49.9470;1.7540
80239;49.9092;2.9380
81302;44.1239;2.1871
87193;45.6831;1.5988
88125;48.3247;5.8676
02149;49.7791;3.4434
03228;46.4569;2.4075
04093;44.3410;6.1165
07049;44.8862;4.4065
07160;45.1830;4.5069
08020;49.5311;4.8217
08030;49.9132;4.3047
08074;49.3052;4.8792
08434;49.5311;4.8217
10235;48.5835;4.1609
14381;48.9808;-0.0400
14496;48.9262;-0.6311
21090;47.9217;4.7867
21095;47.0296;5.1327
21143;47.8578;4.3858
26089;44.3687;5.1923
26117;44.9670;5.2827
30199;43.9709;3.5790
31272;43.2026;1.2352
32427;43.5314;0.1696
34040;43.7331;3.2053
39165;46.7557;5.9028
39237;46.7775;6.0809
39512;46.9509;5.4123
43169;45.1586;3.3936
48046;44.8984;3.3558
51456;48.9240;4.8314
52066;48.3636;4.9313
52467;47.7591;5.5836
52511;48.4375;5.1425
52525;48.0490;4.8864
54230;48.5815;6.7912
55343;49.2425;5.1020
55577;48.9706;5.1149
57059;48.9250;6.6294
57265;48.8147;6.7559
61113;48.4945;0.5865
63183;45.5550;2.5854
63467;45.8124;2.4721
65013;43.3754;0.1573
65111;43.0681;0.2918
65207;43.0681;0.2918
65391;42.9422;0.5471
66203;42.4917;2.6343
70090;47.6011;6.1559
70183;47.6195;5.5498
70389;47.4450;5.5835
70568;47.6953;5.8168
71203;46.4335;4.2963
79223;46.4824;-0.5483
80744;49.9484;1.9286
81134;43.6113;2.5332
88200;48.1761;6.3456
88298;48.3562;6.6454
89028;47.8808;4.1035
02384;49.8211;3.9145
04016;44.2004;5.9040
08500;49.6014;4.4510
09006;42.8458;1.5712
09089;43.0872;1.8537
09146;43.2096;1.5955
10057;48.4800;3.5157
10219;48.2425;4.7115
10236;48.4952;4.3181
10434;48.2056;4.1125
11104;42.7658;2.1667
11187;42.9592;2.5450
15086;44.9549;2.8123
17149;45.9763;-0.1892
21418;47.6698;4.7496
24446;44.6784;0.8997
25269;47.3580;6.2106
26164;44.5690;5.5049
27399;49.0940;1.4053
2B063;42.3753;9.3733
2B179;42.3267;9.4065
31007;43.3503;0.8395
31354;43.3306;1.6295
31456;43.3503;0.8395
31514;43.4015;1.7281
38216;45.2139;5.4122
39062;46.3647;5.5594
39080;46.4077;5.4533
40015;44.0239;0.0326
41178;47.8058;1.4353
43085;45.0667;3.4902
50070;49.3873;-1.2723
52030;48.4375;5.1425
52245;48.2459;5.3811
52277;47.9981;5.5171
52395;47.7672;5.0666
54132;48.4908;6.0695
54193;48.9170;5.8616
55084;48.6676;5.5894
55194;48.9706;5.1149
55266;49.1165;5.1112
55431;48.9104;5.5708
55540;48.9104;5.5708
57391;48.8874;6.4058
58186;47.1910;3.3323
61217;48.7856;-0.2528
63328;45.4754;3.4445
64236;43.4696;-0.1198
65345;43.0733;-0.0282
66142;42.5769;2.0852
80103;49.7735;2.9160
88127;48.3562;6.6454
95214;49.1142;2.3984
02357;49.8211;3.9145
02482;49.3989;3.7382
02622;49.1587;3.2319
02724;49.1587;3.2319
08397;49.4891;4.3377
09193;42.7000;2.0631
10027;48.5139;4.5347
10294;48.1160;4.4309
11046;43.0486;2.1802
11083;43.0809;2.5915
15253;45.2521;2.9288
17416;45.9763;-0.1892
21117;47.6698;4.7496
21248;47.6439;4.3442
21359;47.7772;4.8663
21380;47.3862;4.3436
21631;47.1310;4.6746
21695;47.6255;4.6155
24110;45.3702;0.3694
25065;47.3580;6.2106
26279;44.2694;5.3363
32223;43.8771;0.8048
32236;43.9191;-0.0422
32240;43.5314;0.1696
32456;43.7476;0.2632
39457;46.7588;5.4394
39505;46.5974;5.7779
48181;44.3691;3.2319
52184;48.4375;5.1425
54078;48.5815;6.7912
57446;48.9138;6.8634
58052;47.2569;3.5250
62625;50.3763;2.1293
63277;45.4754;3.4445
70335;47.4967;6.2428
71361;46.3132;4.2805
81080;44.0807;1.9336
88331;48.2228;6.6981
02122;49.6040;3.5190
08104;49.3760;4.6848
08272;49.7134;4.4617
08372;49.6447;4.2076
10189;48.4013;4.5341
10445;48.4013;4.5341
11352;42.8643;2.2143
15060;44.8098;2.9880
21350;47.9217;4.7867
21354;47.1178;4.4806
21597;47.2087;4.9017
21628;47.9722;4.6386
26136;44.5690;5.5049
26221;44.7390;5.0687
26328;44.6445;5.2635
2B292;42.2873;9.2820
32072;43.7476;0.2632
32229;43.7656;0.8346
39108;46.7775;6.0809
39455;46.5136;5.5833
52312;47.8592;5.2713
52507;47.8592;5.2713
54153;48.9170;5.8616
57525;48.8874;6.4058
62828;50.5025;2.1152
63172;45.5536;3.0871
64264;43.2027;-0.8933
65229;42.9422;0.5471
74203;46.3699;6.6553
81172;44.1239;2.1871
88074;48.3568;5.5304
04129;43.8917;5.6556
04137;44.3410;6.1165
05081;44.3940;5.6937
08094;49.8443;4.3958
08433;49.4949;4.5877
09232;42.6879;1.8646
10241;48.0240;4.1239
11101;42.8643;2.2143
11133;43.0809;2.5915
11282;42.9737;2.0269
25408;47.4550;6.3461
25546;47.3534;6.3679
27610;48.7417;0.9087
28346;48.6934;1.0846
2A038;41.5807;8.9394
2B111;42.3267;9.4065
2B113;42.4263;9.3596
2B155;42.1586;9.4398
2B297;42.4502;9.4730
32084;43.8771;0.8048
34195;43.7838;3.6963
51371;48.8713;4.4893
52393;47.7672;5.0666
52475;48.5070;4.9537
54438;48.4267;5.9699
55280;49.1964;5.5975
63156;45.4492;3.3416
65205;42.8316;0.3859
65253;43.3061;0.3370
71031;46.3488;4.7166
79139;46.4780;-0.4096
80325;49.9195;2.7339
80756;50.1492;2.4713
82146;43.9686;0.8825
82163;43.9686;0.8825
88482;48.1820;5.8074
89290;47.6930;4.0014
02573;49.4878;3.6830
02632;49.5102;3.3401
04177;44.1606;6.1311
05049;44.4208;5.9576
08019;49.5311;4.8217
08077;49.3760;4.6848
08098;49.3052;4.8792
08463;49.4368;4.9590
10201;48.0240;4.1239
11154;43.3064;2.3749
12143;43.7904;2.9580
21082;47.2483;4.5245
21091;47.1310;4.6746
21470;47.6698;4.7496
21544;47.3846;4.5363
28414;48.4570;1.2308
2A019;42.1659;8.8237
2A262;42.1273;8.9508
2B012;42.2097;9.3419
2B213;42.2749;9.3632
2B255;42.4263;9.3596
32428;43.5446;0.7384
34133;43.7451;3.3468
43182;45.3173;3.1625
51128;48.9023;3.7817
52301;48.0703;5.5277
54240;48.9170;5.8616
54245;48.4627;6.3431
54480;48.5815;6.7912
55208;49.3482;5.1985
60602;49.6701;1.7733
61104;48.5957;-0.3367
62720;50.6358;2.3677
66036;42.5209;2.2559
70454;47.8418;5.8916
71427;46.5999;4.6268
71568;46.6882;5.1007
88306;48.3912;7.0206
95611;49.1548;2.0860
06008;43.9759;6.9452
07209;44.8862;4.4065
09184;43.0979;1.1426
09256;43.0413;1.6293
10041;48.1160;4.4309
10071;48.1160;4.4309
11186;42.9592;2.5450
15241;44.8098;2.9880
19052;45.6739;2.1411
21324;47.4940;4.1911
21328;47.2948;4.2513
21529;47.3862;4.3436
23129;45.8337;2.3493
23264;45.7675;1.9770
2A011;41.6786;9.0599
2B248;42.4948;9.1656
2B317;42.3063;9.4979
31267;43.2026;1.2352
31452;43.1295;0.7342
34046;43.5945;2.7569
34323;43.6139;3.3803
43139;45.2102;3.5526
43202;45.0667;3.4902
48007;44.7971;3.1261
48069;44.2076;3.4086
51317;49.1559;4.5429
52375;47.7926;5.4347
54354;48.4908;6.0695
55289;48.8869;5.3410
55379;49.1165;5.1112
55559;48.6676;5.5894
55561;49.3482;5.1985
57673;49.0163;6.5920
63442;45.4754;3.4445
66083;42.7994;2.4550
70337;47.6953;5.8168
70359;47.8418;5.8916
88149;48.1086;6.0777
88279;48.1930;6.2184
88296;48.1820;5.8074
89445;47.8602;3.9618
02515;48.9761;3.5408
08186;49.4368;4.9590
08306;49.4949;4.5877
08309;49.3635;4.4330
09034;42.8802;0.9760
09087;42.7696;1.7664
10346;48.5139;4.5347
11294;43.0486;2.1802
21018;47.2782;4.7991
21264;47.1178;4.4806
21498;47.3846;4.5363
23110;46.0141;2.4803
23237;45.9354;1.7259
25179;46.6707;6.1692
2B072;42.4856;9.4574
31397;43.2618;0.6826
31477;43.2381;0.8756
36015;46.4191;1.2743
43145;44.9244;3.7677
48161;44.7971;3.1261
52028;47.7672;5.0666
52232;48.2049;4.9479
52542;47.7672;5.0666
55157;49.0949;5.6529
55325;49.1964;5.5975
55429;49.0949;5.6529
55450;49.3427;5.4337
58078;46.9863;3.4452
61273;48.7856;-0.2528
62411;50.2560;2.1258
64174;43.3625;-0.0459
64434;43.3303;-0.7874
65124;42.7845;0.2492
65468;43.2892;0.5135
80460;49.7720;1.9519
80508;49.7016;2.7754
82107;43.9686;0.8825
83105;43.2875;5.7223
89064;47.6930;4.0014
89065;48.1364;3.5279
04181;43.9535;6.2318
05169;44.4053;5.5315
06076;43.9759;6.9452
08425;49.3052;4.8792
09155;42.7096;1.6664
11108;43.1188;2.0667
11109;42.9167;2.3471
11246;43.1188;2.0667
11350;42.8643;2.2143
19074;45.6009;1.9310
21671;47.8578;4.3858
25513;46.9453;6.0897
25607;47.3147;6.5585
26003;44.4553;5.0169
2A358;41.8874;9.0452
2B217;42.3753;9.3733
32232;43.7656;0.8346
33103;44.6952;-0.0877
39272;46.7426;5.6286
40030;44.0239;0.0326
43014;45.3173;3.1625
43057;45.1932;3.7087
48077;44.8984;3.3558
51020;49.2287;3.7632
52199;48.4375;5.1425
52464;47.7591;5.5836
54124;48.5815;6.7912
54381;48.5815;6.7912
55048;49.2425;5.1020
55207;48.7770;5.1703
55422;49.3482;5.1985
55434;48.5649;5.6827
58043;47.2569;3.5250
61178;48.8022;0.3150
61289;48.8350;0.0330
65145;42.8310;0.0357
65155;43.2892;0.5135
70301;47.4344;6.0525
71127;46.4917;4.4322
76074;49.6189;1.5439
82047;43.8709;0.9947
84100;44.1504;5.0233
88171;48.0079;5.9568
01311;45.9724;5.5771
07173;44.7646;4.2361
08035;49.4368;4.9590
08065;49.5991;5.2788
10127;48.4952;4.3181
10161;48.2425;4.7115
11060;42.7658;2.1667
11306;42.8643;2.2143
18177;46.9117;2.6018
25625;47.2225;6.5213
26269;44.3687;5.1923
2A027;42.1273;8.9508
2B097;42.6078;9.0461
30208;43.9496;3.9906
33064;44.8383;-0.0395
39277;46.7557;5.9028
51186;48.9023;3.7817
52218;48.4234;5.3175
52519;47.6848;5.2877
54218;48.4267;5.9699
54560;48.4879;6.8972
55127;48.8869;5.3410
55290;48.8869;5.3410
55528;48.9104;5.5708
55556;49.3427;5.4337
57501;48.9138;6.8634
62791;50.2805;2.2855
64118;43.4696;-0.1198
64456;43.5232;-0.4426
65283;42.8316;0.3859
65430;43.2779;0.1955
66010;42.5209;2.2559
66184;42.7994;2.4550
70051;47.9305;6.1007
70369;47.6953;5.8168
73166;45.5328;6.2081
77356;48.4108;3.2992
88100;48.3096;6.0977
88186;48.3096;6.0977
89225;47.5372;3.6418
07092;44.7438;4.5654
09090;43.0413;1.6293
11134;43.2886;1.8014
11162;43.1822;1.9666
11388;42.9592;2.5450
21156;47.1310;4.6746
21653;47.8294;4.5894
25102;47.2892;6.9261
26080;44.6445;5.2635
39444;46.9201;5.9041
43015;45.0667;3.4902
51124;48.5867;3.7574
52097;48.2459;5.3811
52436;48.2878;5.0954
55137;49.2425;5.1020
55333;48.8869;5.3410
55380;48.8869;5.3410
57595;48.8147;6.7559
58257;47.1123;3.4820
60205;49.6664;1.9467
65172;42.7845;0.2492
70287;47.9305;6.1007
70392;47.6953;5.8168
80046;49.9484;1.9286
81085;43.7712;2.5777
88187;48.1930;6.2184
02467;49.1587;3.2319
06131;43.8681;6.9380
09069;42.8802;0.9760
09279;42.8802;0.9760
10010;48.5139;4.5347
12009;43.7904;2.9580
21649;47.3846;4.5363
25373;47.1647;6.7090
25556;47.4550;6.3461
27686;49.4325;0.4989
2A146;41.7001;9.0316
34099;43.8815;3.6618
34238;43.8815;3.6618
39118;46.5974;5.7779
51516;48.5867;3.7574
51650;49.1199;4.8359
52216;47.7672;5.0666
52304;48.1917;5.6051
52536;47.6848;5.2877
55115;49.2425;5.1020
55484;49.2425;5.1020
55580;49.3427;5.4337
57405;48.8147;6.7559
58310;47.3502;3.3843
64531;43.3303;-0.7874
66090;42.5209;2.2559
70032;47.4450;5.5835
70274;47.6953;5.8168
71349;46.9659;4.3169
80719;49.7720;1.9519
88394;48.0701;5.8035
08120;49.3052;4.8792
08215;49.4368;4.9590
09033;43.0979;1.1426
11163;42.7658;2.1667
11338;43.0486;2.1802
19088;45.4147;2.0299
21221;47.1310;4.6746
21235;47.6698;4.7496
26163;44.9670;5.2827
2A357;41.7932;9.0841
2B125;42.4263;9.3596
2B267;42.4948;9.1656
31067;42.8954;0.7228
31308;43.0210;0.6439
31508;42.7819;0.5640
32111;43.5314;0.1696
38551;44.9681;6.1574
39003;46.8404;5.6855
39004;46.9201;5.9041
51368;49.1199;4.8359
52043;47.7591;5.5836
52116;47.9125;5.4592
52499;47.7672;5.0666
52516;47.7675;5.2477
54095;48.8815;6.2268
54497;48.4908;6.0695
55082;49.1165;5.1112
55107;49.3427;5.4337
55116;49.1165;5.1112
55168;49.3404;5.6285
55534;48.5183;5.4976
62062;50.5712;1.9180
62143;50.2560;2.1258
65214;43.2892;0.5135
65261;43.2183;0.5039
66139;42.7269;2.4294
70091;47.8418;5.8916
70565;47.4344;6.0525
80794;49.7735;2.9160
80828;49.9470;1.7540
87147;45.6831;1.5988
88007;48.0079;5.9568
88220;48.0079;5.9568
89320;47.8818;4.2163
90061;47.7266;6.9162
02024;49.4878;3.6830
02660;49.7487;4.1440
06002;43.8681;6.9380
07124;45.1122;4.5034
08465;49.6447;4.2076
09037;43.0979;1.1426
09072;43.0413;1.6293
10087;48.0240;4.1239
10279;48.5139;4.5347
11176;43.0809;2.5915
16356;45.9116;0.2698
18060;46.9512;2.8014
21104;47.8294;4.5894
21313;47.7772;4.8663
21377;47.3846;4.5363
23119;45.8337;2.3493
25483;46.6707;6.1692
26300;44.5690;5.5049
32145;43.7020;-0.1970
32230;43.8622;0.3912
39259;46.9334;5.7581
43027;45.3022;3.6763
45070;47.6035;2.8824
51125;48.5970;4.6425
51213;49.1199;4.8359
51353;48.5867;3.7574
51377;48.7267;4.3040
51659;49.1199;4.8359
52040;47.7672;5.0666
55177;48.8869;5.3410
55247;48.5183;5.4976
58050;47.2569;3.5250
58054;47.1910;3.3323
64074;43.5419;-0.2263
65132;43.1910;0.2471
65154;42.9422;0.5471
65325;43.3754;0.1573
66219;42.6388;2.3541
76393;49.6189;1.5439
80139;49.7518;3.0187
80201;50.0734;2.5120
80435;49.9564;3.0737
02534;49.3989;3.7382
02674;49.7487;4.1440
07137;44.7442;3.9661
09068;42.9515;1.5808
11039;43.0486;2.1802
11114;43.2886;1.8014
14531;48.8817;-0.3834
16321;46.0169;0.2464
21119;47.6313;4.9775
23265;45.8337;2.3493
24024;44.7422;0.6032
25498;47.4550;6.3461
2B245;42.4856;9.4574
32195;44.0093;0.5051
32342;43.5314;0.1696
32422;43.5314;0.1696
39077;46.9509;5.4123
39168;46.6552;5.5739
46135;44.7779;2.0809
48054;44.4947;3.7151
48091;44.6612;3.0621
51047;48.9240;4.8314
51126;49.1199;4.8359
52084;48.2459;5.3811
52328;47.9435;5.7168
55032;48.8869;5.3410
55129;48.8869;5.3410
62494;50.0913;2.9826
65082;43.0733;-0.0282
66040;42.6444;2.5994
66153;42.6444;2.5994
70188;47.6868;6.3022
70200;47.9305;6.1007
70332;47.5606;6.4497
80243;50.1625;2.1348
88071;48.1930;6.2184
89413;47.8808;4.1035
02773;49.3180;3.5440
02829;49.4239;3.3840
04142;43.8917;5.6556
07144;44.5629;4.2173
08056;49.3052;4.8792
09233;42.9967;1.8678
09242;42.8999;1.8267
10388;48.0240;4.1239
11118;42.9592;2.5450
11250;42.9592;2.5450
21703;47.1707;4.3011
24313;44.7520;1.0461
25430;47.3580;6.2106
26091;44.3964;5.3871
30327;44.2639;4.3358
31222;42.7819;0.5640
34034;43.4664;2.7410
51355;49.1199;4.8359
52378;48.4375;5.1425
54488;48.5581;6.9851
55128;48.8869;5.3410
55188;49.5006;5.3752
55424;48.8463;4.9967
57763;48.8147;6.7559
59147;50.1606;4.0863
59171;50.0669;3.3326
65039;42.8316;0.3859
65117;42.7845;0.2492
65178;43.3061;0.3370
65347;42.9422;0.5471
70089;47.6953;5.8168
80263;49.7016;2.7754
88242;48.3527;5.7500
02715;49.3989;3.7382
07038;44.6411;3.9709
08233;49.4368;4.9590
08334;49.6051;4.9263
09292;43.0067;1.4206
09335;42.8802;0.9760
10266;48.1890;3.7434
11227;43.0809;2.5915
19167;45.5420;2.3448
21526;47.6698;4.7496
26372;44.2316;5.5820
2B344;42.3753;9.3733
31172;43.2381;0.8756
32056;43.6691;0.7626
32350;43.9542;0.3833
32431;43.7656;0.8346
38414;44.8108;5.9229
39157;46.4120;5.8706
42040;45.8117;3.7727
55574;48.5183;5.4976
58284;47.3658;3.6649
58290;46.8027;3.7623
65071;43.0681;0.2918
65088;43.2892;0.5135
65166;43.0681;0.2918
66035;42.7269;2.4294
66201;42.5986;2.5162
70030;47.4450;5.5835
80297;49.9470;1.7540
83020;43.7380;6.5295
88316;48.1820;5.8074
88459;48.3247;5.8676
89422;47.8808;4.1035
02689;49.7385;3.8042
09064;42.7096;1.6664
09096;42.7096;1.6664
19189;45.0199;1.9969
21329;47.4845;4.3373
21400;47.6313;4.9775
25433;47.2518;6.7872
25487;47.0026;6.3101
26363;44.3687;5.1923
2B206;42.5324;9.4210
2B244;42.4948;9.1656
2B273;42.4502;9.4730
33232;44.2832;-0.2259
39239;46.5974;5.7779
39248;46.9201;5.9041
47039;44.1901;0.0303
51497;48.7580;4.8347
51639;48.9023;3.7817
52234;48.1917;5.6051
55044;48.8869;5.3410
58018;47.1910;3.3323
61088;48.7021;0.2619
65014;42.9422;0.5471
65053;42.9422;0.5471
65061;43.3754;0.1573
65186;42.9422;0.5471
65348;43.0733;-0.0282
70231;47.5460;5.8613
80158;49.7518;3.0187
82009;43.9686;0.8825
88097;48.3096;6.0977
03302;46.1429;3.0387
08031;49.3760;4.6848
08430;49.5311;4.8217
10047;48.4013;4.5341
10163;48.2425;4.7115
26161;44.3964;5.3871
26222;44.5059;5.1219
2B081;42.4948;9.1656
31221;42.7819;0.5640
31223;43.3503;0.8395
31548;42.8954;0.7228
31590;42.8954;0.7228
32003;43.7494;0.4911
34303;43.8418;3.4169
39380;46.5136;5.5833
52174;48.1917;5.6051
52367;48.2109;5.1180
52463;48.4234;5.3175
54424;48.8815;6.2268
54443;48.4879;6.8972
55183;49.3427;5.4337
55218;49.3427;5.4337
55400;49.1964;5.5975
57034;48.6494;6.9955
57520;48.8273;6.5155
57539;48.9250;6.6294
65066;42.8316;0.3859
65368;43.2892;0.5135
70069;47.9305;6.1007
70450;47.6953;5.8168
80085;50.1625;2.1348
80381;50.1625;2.1348
88179;48.0701;5.8035
02222;49.6765;3.3923
02499;49.5539;3.5934
02688;49.8211;3.9145
04228;44.3410;6.1165
05033;44.3940;5.6937
08501;49.6542;5.1922
09143;42.7223;1.4836
10315;48.4013;4.5341
10443;48.0240;4.1239
11047;42.7658;2.1667
17215;45.4260;-0.4052
21466;47.6255;4.6155
26201;44.2694;5.3363
39140;46.8352;5.5279
39236;46.8352;5.5279
42045;45.8117;3.7727
43250;45.2102;3.5526
54457;48.6799;6.5536
55160;48.9104;5.5708
55448;48.8869;5.3410
63303;45.3816;3.0506
65064;42.8316;0.3859
65076;43.0307;0.3876
65163;43.0681;0.2918
65278;43.0681;0.2918
65297;43.3754;0.1573
81282;43.7712;2.5777
84128;43.9044;5.4340
89126;48.1607;3.0808
02278;49.8908;4.1075
02402;49.8123;3.1325
04187;43.9662;6.3676
05091;44.4053;5.5315
08061;49.4368;4.9590
09134;42.7223;1.4836
09310;43.1379;1.3127
11100;42.9737;2.0269
11245;42.9592;2.5450
11335;42.7658;2.1667
11365;43.2068;1.7939
21141;47.4530;4.6783
21197;47.5309;4.5262
25045;47.3580;6.2106
25501;46.6707;6.1692
26359;44.7766;5.3514
2B067;42.3753;9.3733
2B241;42.4263;9.3596
2B291;42.3753;9.3733
31498;43.2618;0.6826
51341;49.1199;4.8359
65175;42.9422;0.5471
65210;42.8310;0.0357
65215;43.5049;0.0069
70151;47.3157;5.5958
71140;46.9860;4.4924
80433;49.7735;2.9160
02345;49.7372;3.2792
06087;43.8681;6.9380
11247;43.1188;2.0667
15105;45.3173;3.1625
21155;47.1310;4.6746
25344;47.2515;6.6619
26378;44.5105;5.3781
2A158;41.6786;9.0599
2B364;42.2749;9.3632
30213;44.0925;3.4184
31348;42.9888;0.8129
31432;42.7819;0.5640
39111;46.3647;5.5594
48149;44.8003;3.4300
51519;49.1199;4.8359
54412;49.4669;5.5580
54561;48.4697;6.4940
55038;48.9706;5.1149
55173;48.5649;5.6827
55210;48.8869;5.3410
65317;42.8316;0.3859
65421;43.0733;-0.0282
65458;42.9460;-0.1636
70352;47.8637;6.5904
70411;47.8605;6.2465
78606;48.7270;1.6475
08197;49.3052;4.8792
09178;43.0872;1.8537
09226;42.7096;1.6664
09325;42.6879;1.8646
09330;42.7696;1.7664
10160;48.2425;4.7115
10183;48.2444;4.4801
10217;48.2444;4.4801
21100;47.3846;4.5363
21129;47.7772;4.8663
21145;47.4845;4.3373
21552;47.4530;4.6783
24176;44.7422;0.6032
2B116;42.2873;9.2820
31019;42.7819;0.5640
43208;45.2102;3.5526
51138;49.1199;4.8359
52101;48.1917;5.6051
52183;48.2459;5.3811
54074;48.5820;6.5353
55005;48.5183;5.4976
65179;43.0681;0.2918
70571;47.7890;6.3571
80697;50.1625;2.1348
82071;43.8709;0.9947
89191;47.8818;4.2163
89248;47.4457;3.7642
05155;44.2953;5.8168
09053;42.7696;1.7664
11406;43.0020;2.3297
12275;43.7904;2.9580
18071;46.9117;2.6018
19268;45.6009;1.9310
21144;47.4530;4.6783
21675;47.1707;4.3011
24570;44.8599;0.5968
26066;44.9670;5.2827
2B222;42.3753;9.3733
32275;43.4165;0.3221
38008;44.8108;5.9229
38116;44.9382;5.8349
52195;47.7591;5.5836
54285;48.6799;6.5536
55192;49.3482;5.1985
55222;49.1964;5.5975
57653;48.9870;6.2104
65162;43.0681;0.2918
65266;43.2183;0.5039
65351;43.0733;-0.0282
65478;42.8310;0.0357
66102;42.5209;2.2559
71308;46.6466;4.8496
76512;49.8397;1.4111
88311;48.0072;6.2536
10026;48.5139;4.5347
11265;42.7658;2.1667
11440;43.0809;2.5915
15048;45.1979;3.1653
15067;45.1183;2.4751
18277;46.7613;2.6677
21123;47.7772;4.8663
21168;47.3349;4.6950
24546;45.2509;1.1449
2B082;42.4948;9.1656
31312;43.2026;1.2352
39143;46.5974;5.7779
39532;46.4292;5.3725
50430;49.4011;-1.5526
50571;49.3873;-1.2723
51452;48.9240;4.8314
52326;48.2878;5.0954
52373;48.2459;5.3811
57500;48.6839;6.9387
65140;42.8711;0.4126
65255;42.8316;0.3859
66220;42.3896;2.0137
66221;42.5986;2.5162
77304;48.7633;3.3188
88093;48.3912;7.0206
88230;48.3562;6.6454
08332;49.4368;4.9590
08471;49.5311;4.8217
09031;42.7696;1.7664
09263;42.8802;0.9760
11020;42.9592;2.5450
11057;43.2068;1.7939
11096;42.8371;1.9818
11204;43.1188;2.0667
11271;42.9592;2.5450
21039;47.5246;5.0664
21118;47.6313;4.9775
21147;47.3846;4.5363
21662;47.3846;4.5363
2B171;42.1547;9.1311
34253;43.8418;3.4169
39221;46.7775;6.0809
39359;46.9201;5.9041
39568;46.8404;5.6855
41121;47.8058;1.4353
52443;48.4234;5.3175
52540;47.7672;5.0666
55018;49.5012;5.1835
55555;48.8869;5.3410
60697;49.5063;2.0075
62066;50.5025;2.1152
62708;50.0847;2.8521
65199;42.8316;0.3859
65381;43.2122;0.3897
72227;48.3843;0.2877
80027;49.7016;2.7754
81184;44.0807;1.9336
88453;48.4265;5.6727
08161;49.3052;4.8792
10072;48.4013;4.5341
21602;47.6255;4.6155
23034;46.0141;2.4803
25329;47.1647;6.7090
25472;47.4550;6.3461
26076;44.5690;5.5049
26318;44.3964;5.3871
2A064;41.8575;8.9924
2B227;42.3267;9.4065
2B256;42.3753;9.3733
31068;42.7819;0.5640
31290;42.8954;0.7228
32058;43.5314;0.1696
38428;44.9382;5.8349
43068;45.0667;3.4902
52474;48.0490;4.8864
52505;48.1917;5.6051
58206;47.3502;3.3843
60354;49.6664;1.9467
61225;48.7021;0.2619
62389;50.1492;2.4713
65136;43.2892;0.5135
70135;47.6953;5.8168
95141;49.1378;1.7801
02087;49.4211;3.1801
05182;44.8037;6.1443
10044;48.4013;4.5341
10337;48.4013;4.5341
15132;45.3181;2.7988
18068;46.9117;2.6018
21097;47.3846;4.5363
23019;45.8337;2.3493
24384;44.6784;0.8997
26255;44.5690;5.5049
26296;44.6445;5.2635
2B078;42.2873;9.2820
2B243;42.3753;9.3733
31040;42.8954;0.7228
39136;46.8352;5.5279
48167;44.7971;3.1261
51489;48.9240;4.8314
54233;48.5815;6.7912
57737;48.9870;6.2104
65109;42.9422;0.5471
66191;42.5209;2.2559
70396;47.5606;6.4497
70496;47.8418;5.8916
73072;45.5328;6.2081
80026;49.9470;1.7540
88038;48.3747;6.2660
02266;49.7487;4.1440
02507;49.2129;3.3501
05035;44.5486;5.8936
08245;49.3052;4.8792
09020;42.7000;2.0631
09172;43.1379;1.3127
10257;48.4952;4.3181
11177;42.7658;2.1667
11224;42.9592;2.5450
11277;43.2068;1.7939
11354;43.0809;2.5915
11375;43.1188;2.0667
2B005;42.2873;9.2820
30195;44.0999;3.7995
31064;42.7819;0.5640
39132;46.8352;5.5279
52222;48.4234;5.3175
58237;47.3658;3.6649
65118;43.1910;0.2471
65171;42.8316;0.3859
65450;42.7845;0.2492
70269;47.9305;6.1007
70440;47.5460;5.8613
80197;49.9092;2.9380
84060;43.9044;5.4340
04050;44.3410;6.1165
09260;43.0872;1.8537
09297;42.8802;0.9760
11094;43.0946;2.3432
11160;42.7658;2.1667
11374;42.9592;2.5450
21049;47.6313;4.9775
21262;47.7772;4.8663
21672;47.3846;4.5363
23055;46.0141;2.4803
26062;44.6445;5.2635
2B339;42.5155;9.0055
31447;42.9888;0.8129
45143;47.8081;2.8627
51374;48.7150;3.7134
52344;47.7672;5.0666
52493;47.7591;5.5836
54166;48.9170;5.8616
61272;48.7021;0.2619
66197;42.5209;2.2559
66232;42.7994;2.4550
67050;48.4804;7.2102
68190;47.4827;7.3052
80771;49.7518;3.0187
89207;47.6930;4.0014
02251;49.7487;4.1440
02380;49.7372;3.2792
08325;49.3760;4.6848
09012;42.7696;1.7664
10411;48.4013;4.5341
11093;42.7658;2.1667
11230;42.7658;2.1667
11402;43.0020;2.3297
21052;47.6698;4.7496
21410;47.6698;4.7496
25570;47.4550;6.3461
31125;42.7819;0.5640
31195;43.0781;0.9595
31335;42.7819;0.5640
52012;48.4234;5.3175
52214;48.2878;5.0954
52385;48.0703;5.5277
52489;48.0703;5.5277
54529;48.4267;5.9699
55506;48.8869;5.3410
58202;47.0705;3.6596
61085;48.5604;-0.1273
65157;42.7845;0.2492
66128;42.5209;2.2559
80666;50.1635;2.3412
88060;48.3096;6.0977
09237;42.7000;2.0631
09320;42.7096;1.6664
21136;47.4842;4.8055
25401;47.3534;6.3679
26012;44.5105;5.3781
26123;44.5105;5.3781
26152;44.5690;5.5049
26199;44.3964;5.3871
2B003;42.3740;9.2702
2B013;42.2873;9.2820
39204;46.3647;5.5594
39586;46.9201;5.9041
50374;49.3265;-1.4925
52549;48.0703;5.5277
55162;49.2813;5.7133
55270;48.9104;5.5708
55295;48.9706;5.1149
55436;48.5183;5.4976
65336;43.2892;0.5135
65402;42.9422;0.5471
71226;46.5458;4.8719
76274;49.6904;1.0289
02044;49.8211;3.9145
08059;49.4368;4.9590
09195;43.1552;1.4156
09304;43.0067;1.4206
10078;48.2444;4.4801
10137;48.2425;4.7115
15247;45.1501;3.0136
21279;47.8578;4.3858
21312;47.7772;4.8663
26209;44.3964;5.3871
26254;44.6445;5.2635
26267;44.2694;5.3363
28315;48.6934;1.0846
34072;43.7451;3.3468
43252;45.1932;3.7087
55311;49.0949;5.6529
57657;48.8273;6.5155
65204;43.2779;0.1955
88518;48.3096;6.0977
01019;45.8480;5.6195
11031;42.7658;2.1667
11395;43.3460;2.5208
26090;44.6445;5.2635
26242;44.2694;5.3363
26283;44.5105;5.3781
2B068;42.3740;9.2702
2B164;42.3753;9.3733
2B194;42.3267;9.4065
2B338;42.3753;9.3733
30074;44.0925;3.4184
38549;44.9681;6.1574
39585;46.3284;5.7443
52085;48.0703;5.5277
52437;47.7672;5.0666
65068;43.2892;0.5135
65167;43.0681;0.2918
66209;42.5209;2.2559
70070;47.8418;5.8916
84110;44.0935;5.3950
88107;48.4265;5.6727
88493;48.3119;6.3033
02609;49.4878;3.6830
09133;42.8458;1.5712
11219;42.7658;2.1667
21157;47.7772;4.8663
26286;44.3964;5.3871
2B156;42.5155;9.0055
31369;43.0210;0.6439
34231;43.7331;3.2053
43009;45.1586;3.3936
52159;48.0703;5.5277
52342;48.2459;5.3811
52503;47.7591;5.5836
55103;49.2425;5.1020
70144;47.8418;5.8916
83022;43.7380;6.5295
88374;48.3747;6.2660
89049;47.5372;3.6418
05051;44.3940;5.6937
09083;43.1552;1.4156
09222;42.7223;1.4836
11358;42.8643;2.2143
11414;43.0809;2.5915
25161;47.1343;6.5362
25402;47.3300;6.8121
26075;44.5105;5.3781
26227;44.3964;5.3871
2B015;42.2749;9.3632
31242;42.7819;0.5640
50353;48.5681;-1.4776
51034;48.9023;3.7817
52002;47.9435;5.7168
52005;48.0490;4.8864
55140;49.3482;5.1985
55536;49.2425;5.1020
65034;43.0681;0.2918
65102;43.3754;0.1573
66047;42.5209;2.2559
66157;42.5209;2.2559
70471;47.4220;5.8319
88265;48.3527;5.7500
10105;48.4013;4.5341
11223;43.1507;2.3829
21694;47.3846;4.5363
26130;44.3687;5.1923
26266;44.6445;5.2635
26374;44.3940;5.6937
2B052;42.3753;9.3733
2B157;42.2873;9.2820
2B202;42.3753;9.3733
31465;42.7819;0.5640
43260;45.0731;3.7282
52137;47.7672;5.0666
62605;50.3763;2.1293
65203;43.0733;-0.0282
65208;42.7845;0.2492
65364;43.2894;-0.0373
09197;42.6879;1.8646
10273;48.5835;4.1609
11229;42.7658;2.1667
26228;44.6445;5.2635
2B137;42.3740;9.2702
31015;42.8954;0.7228
51280;49.1199;4.8359
02129;49.3180;3.5440
09088;42.7696;1.7664
09311;42.6879;1.8646
11062;42.7658;2.1667
11391;43.3946;2.3872
25072;47.4550;6.3461
26147;44.5105;5.3781
26375;44.2316;5.5820
2B234;42.3267;9.4065
39428;46.7775;6.0809
55344;48.5649;5.6827
65359;43.2779;0.1955
09156;42.7096;1.6664
2B053;42.1586;9.4398
2B216;42.3267;9.4065
2B221;42.3753;9.3733
38031;44.8108;5.9229
55033;49.2425;5.1020
63169;45.4132;2.8124
28268;48.4174;1.7878
31549;42.7819;0.5640
50587;49.4011;-1.5526
65443;43.2779;0.1955
71125;46.4607;4.6276
76428;49.8337;0.7274
09152;42.8458;1.5712
21303;47.9217;4.7867
21402;47.7772;4.8663
26017;44.6445;5.2635
2B214;42.4856;9.4574
38286;44.9681;6.1574
39343;46.4077;5.4533
52179;48.5070;4.9537
52219;48.4234;5.3175
52546;47.7591;5.5836
54516;48.3910;6.0978
65134;43.2892;0.5135
65469;42.8310;0.0357
02735;49.3180;3.5440
18202;47.1890;2.5992
21055;47.6698;4.7496
26351;44.5751;5.1690
2B321;42.3267;9.4065
51255;49.1199;4.8359
65180;42.8316;0.3859
70437;47.8418;5.8916
25573;47.2892;6.9261
57292;48.8874;6.4058
60283;49.6351;2.3029
66086;42.5986;2.5162
04009;44.1915;6.3963
11389;43.0020;2.3297
31081;42.7819;0.5640
38241;44.8108;5.9229
58169;47.3658;3.6649
11135;42.7658;2.1667
31129;42.7819;0.5640
62396;50.3777;2.3104
65038;43.0733;-0.0282
65309;43.0307;0.3876
65379;42.8711;0.4126
21471;47.6255;4.6155
26150;44.2316;5.5820
52157;48.2049;4.9479
55055;49.1964;5.5975
57470;48.9138;6.8634
65023;42.8316;0.3859
72214;48.2679;0.2885
09162;42.7223;1.4836
11082;43.0946;2.3432
52004;48.4234;5.3175
57682;48.5927;7.1037
65349;43.0733;-0.0282
05094;44.3940;5.6937
26245;44.5105;5.3781
25130;47.0613;6.2126
2B106;42.3740;9.2702
31046;42.8954;0.7228
31146;42.7819;0.5640
39324;46.5136;5.5833
55394;49.3427;5.4337
80528;49.7720;1.9519
26018;44.1743;5.4665
31559;42.7819;0.5640
83147;43.6913;6.2260
04191;44.3210;6.3290
05066;44.5715;5.7130
80270;50.1625;2.1348
11147;42.7658;2.1667
26030;44.5690;5.5049
52109;48.3636;4.9313
04107;43.9535;6.2318
51470;49.1199;4.8359
88288;48.1930;6.2184
31127;42.7819;0.5640
26274;44.6445;5.2635
54310;48.4693;6.2093
55039;49.1850;5.3383
55050;49.1850;5.3383
55139;49.1850;5.3383
55189;49.1850;5.3383
55239;49.1850;5.3383
55307;49.1850;5.3383
